date,origin_country,loading_port,discharge_port,vessel_type,cargo_type,freight_rate_usd_day,bunker_index_usd_t,demand_index,port_congestion,vessel_availability,market_volatility,route_distance_nm,voyage_days_ref
2023-01-06,USA,Corpus Christi,Haldia,Panamax,Coal,21980.06,519.44,99.953,72.0,13.85,41.07,11200.0,848.5
2023-01-13,USA,Corpus Christi,Haldia,Panamax,Coal,21959.22,520.28,100.181,67.29,16.33,29.44,11200.0,848.5
2023-01-20,USA,Corpus Christi,Haldia,Panamax,Coal,21698.09,521.33,100.291,69.86,33.43,38.98,11200.0,848.5
2023-01-27,USA,Corpus Christi,Haldia,Panamax,Coal,22937.78,521.82,100.457,72.92,22.04,37.17,11200.0,848.5
2023-02-03,USA,Corpus Christi,Haldia,Panamax,Coal,22610.98,537.32,104.842,71.33,27.68,30.9,11200.0,848.5
2023-02-10,USA,Corpus Christi,Haldia,Panamax,Coal,22819.7,538.13,104.936,68.72,18.88,46.64,11200.0,848.5
2023-02-17,USA,Corpus Christi,Haldia,Panamax,Coal,22665.57,538.09,105.124,66.16,32.71,40.96,11200.0,848.5
2023-02-24,USA,Corpus Christi,Haldia,Panamax,Coal,21806.01,537.62,105.273,66.91,22.13,38.4,11200.0,848.5
2023-03-03,USA,Corpus Christi,Haldia,Panamax,Coal,23399.43,550.04,108.663,65.88,25.23,51.2,11200.0,848.5
2023-03-10,USA,Corpus Christi,Haldia,Panamax,Coal,23585.7,550.18,108.807,63.81,24.04,37.13,11200.0,848.5
2023-03-17,USA,Corpus Christi,Haldia,Panamax,Coal,23361.53,550.8,108.961,69.08,5.55,43.67,11200.0,848.5
2023-03-24,USA,Corpus Christi,Haldia,Panamax,Coal,24109.94,551.13,109.087,78.21,23.74,37.86,11200.0,848.5
2023-03-31,USA,Corpus Christi,Haldia,Panamax,Coal,23878.27,551.86,109.273,82.36,40.79,47.2,11200.0,848.5
2023-04-07,USA,Corpus Christi,Haldia,Panamax,Coal,25035.38,556.7,110.633,87.52,28.25,38.69,11200.0,848.5
2023-04-14,USA,Corpus Christi,Haldia,Panamax,Coal,25958.3,557.28,110.782,84.83,39.28,43.95,11200.0,848.5
2023-04-21,USA,Corpus Christi,Haldia,Panamax,Coal,24835.65,557.72,110.927,81.55,28.18,47.62,11200.0,848.5
2023-04-28,USA,Corpus Christi,Haldia,Panamax,Coal,24931.63,557.74,111.121,92.34,26.72,32.41,11200.0,848.5
2023-05-05,USA,Corpus Christi,Haldia,Panamax,Coal,25576.14,554.54,110.187,99.0,40.18,35.86,11200.0,848.5
2023-05-12,USA,Corpus Christi,Haldia,Panamax,Coal,25176.93,555.82,110.331,99.0,34.31,38.82,11200.0,848.5
2023-05-19,USA,Corpus Christi,Haldia,Panamax,Coal,26158.56,556.04,110.489,97.07,32.04,44.39,11200.0,848.5
2023-05-26,USA,Corpus Christi,Haldia,Panamax,Coal,25438.6,556.56,110.636,96.65,33.74,36.47,11200.0,848.5
2023-06-02,USA,Corpus Christi,Haldia,Panamax,Coal,24661.58,545.41,107.547,91.92,23.99,34.22,11200.0,848.5
2023-06-09,USA,Corpus Christi,Haldia,Panamax,Coal,23503.14,545.93,107.673,98.49,19.69,43.69,11200.0,848.5
2023-06-16,USA,Corpus Christi,Haldia,Panamax,Coal,23106.2,545.73,107.857,99.0,35.36,55.61,11200.0,848.5
2023-06-23,USA,Corpus Christi,Haldia,Panamax,Coal,23428.8,546.48,108.051,99.0,39.71,37.8,11200.0,848.5
2023-06-30,USA,Corpus Christi,Haldia,Panamax,Coal,23388.54,546.8,108.217,86.11,31.49,27.43,11200.0,848.5
2023-07-07,USA,Corpus Christi,Haldia,Panamax,Coal,20675.09,532.29,103.935,87.05,32.88,31.25,11200.0,848.5
2023-07-14,USA,Corpus Christi,Haldia,Panamax,Coal,21219.91,533.63,104.072,86.27,25.46,44.93,11200.0,848.5
2023-07-21,USA,Corpus Christi,Haldia,Panamax,Coal,21469.26,533.88,104.234,86.17,38.05,30.76,11200.0,848.5
2023-07-28,USA,Corpus Christi,Haldia,Panamax,Coal,21644.13,534.23,104.435,88.42,28.64,33.47,11200.0,848.5
2023-08-04,USA,Corpus Christi,Haldia,Panamax,Coal,20476.38,519.06,100.091,85.03,25.35,35.05,11200.0,848.5
2023-08-11,USA,Corpus Christi,Haldia,Panamax,Coal,20041.68,519.47,100.282,72.66,31.93,42.86,11200.0,848.5
2023-08-18,USA,Corpus Christi,Haldia,Panamax,Coal,19997.49,520.39,100.464,76.81,27.79,35.77,11200.0,848.5
2023-08-25,USA,Corpus Christi,Haldia,Panamax,Coal,20059.44,520.38,100.59,70.7,32.68,32.42,11200.0,848.5
2023-09-01,USA,Corpus Christi,Haldia,Panamax,Coal,20021.28,509.19,97.473,74.53,25.34,36.7,11200.0,848.5
2023-09-08,USA,Corpus Christi,Haldia,Panamax,Coal,19725.06,510.0,97.607,80.43,30.12,40.68,11200.0,848.5
2023-09-15,USA,Corpus Christi,Haldia,Panamax,Coal,19702.6,510.38,97.757,86.95,16.47,34.07,11200.0,848.5
2023-09-22,USA,Corpus Christi,Haldia,Panamax,Coal,19884.25,510.84,97.906,90.02,33.43,42.22,11200.0,848.5
2023-09-29,USA,Corpus Christi,Haldia,Panamax,Coal,18855.26,511.63,98.025,86.57,35.94,41.72,11200.0,848.5
2023-10-06,USA,Corpus Christi,Haldia,Panamax,Coal,21079.15,508.2,97.005,81.34,28.52,42.08,11200.0,848.5
2023-10-13,USA,Corpus Christi,Haldia,Panamax,Coal,22692.66,508.88,97.232,73.97,15.0,39.4,11200.0,848.5
2023-10-20,USA,Corpus Christi,Haldia,Panamax,Coal,22470.62,509.12,97.428,74.42,25.47,37.24,11200.0,848.5
2023-10-27,USA,Corpus Christi,Haldia,Panamax,Coal,22331.93,509.52,97.6,80.17,15.28,42.29,11200.0,848.5
2023-11-03,USA,Corpus Christi,Haldia,Panamax,Coal,23685.74,514.1,98.945,81.7,26.89,32.99,11200.0,848.5
2023-11-10,USA,Corpus Christi,Haldia,Panamax,Coal,24278.26,514.58,99.043,87.11,25.33,42.85,11200.0,848.5
2023-11-17,USA,Corpus Christi,Haldia,Panamax,Coal,25540.21,515.08,99.222,84.16,30.18,32.63,11200.0,848.5
2023-11-24,USA,Corpus Christi,Haldia,Panamax,Coal,25266.23,514.17,99.396,82.34,38.02,47.06,11200.0,848.5
2023-12-01,USA,Corpus Christi,Haldia,Panamax,Coal,25654.62,527.15,102.902,74.95,28.18,45.74,11200.0,848.5
2023-12-08,USA,Corpus Christi,Haldia,Panamax,Coal,25643.47,527.21,103.013,71.01,31.39,41.06,11200.0,848.5
2023-12-15,USA,Corpus Christi,Haldia,Panamax,Coal,24838.09,527.02,103.146,72.95,27.3,35.87,11200.0,848.5
2023-12-22,USA,Corpus Christi,Haldia,Panamax,Coal,25905.58,527.39,103.305,79.77,28.55,36.81,11200.0,848.5
2023-12-29,USA,Corpus Christi,Haldia,Panamax,Coal,25996.07,527.45,103.441,64.96,13.97,37.22,11200.0,848.5
2024-01-05,USA,Corpus Christi,Haldia,Panamax,Coal,24798.79,544.11,108.183,69.44,21.77,38.36,11200.0,848.5
2024-01-12,USA,Corpus Christi,Haldia,Panamax,Coal,24369.52,544.23,108.39,69.45,27.43,36.41,11200.0,848.5
2024-01-19,USA,Corpus Christi,Haldia,Panamax,Coal,24369.02,544.9,108.553,74.29,21.41,36.04,11200.0,848.5
2024-01-26,USA,Corpus Christi,Haldia,Panamax,Coal,23793.89,545.86,108.66,84.55,31.09,33.97,11200.0,848.5
2024-02-02,USA,Corpus Christi,Haldia,Panamax,Coal,22847.43,560.88,113.443,90.56,25.56,33.5,11200.0,848.5
2024-02-09,USA,Corpus Christi,Haldia,Panamax,Coal,22283.16,561.27,113.508,87.38,35.83,39.0,11200.0,848.5
2024-02-16,USA,Corpus Christi,Haldia,Panamax,Coal,22390.88,561.54,113.732,86.6,28.98,47.51,11200.0,848.5
2024-02-23,USA,Corpus Christi,Haldia,Panamax,Coal,21647.97,561.47,113.906,82.67,41.12,29.19,11200.0,848.5
2024-03-01,USA,Corpus Christi,Haldia,Panamax,Coal,22740.1,573.69,117.508,91.47,36.05,40.89,11200.0,848.5
2024-03-08,USA,Corpus Christi,Haldia,Panamax,Coal,23457.84,573.98,117.586,89.62,35.05,25.61,11200.0,848.5
2024-03-15,USA,Corpus Christi,Haldia,Panamax,Coal,23870.68,575.21,117.738,86.24,29.3,43.03,11200.0,848.5
2024-03-22,USA,Corpus Christi,Haldia,Panamax,Coal,23985.33,575.06,117.953,88.14,33.02,38.05,11200.0,848.5
2024-03-29,USA,Corpus Christi,Haldia,Panamax,Coal,23384.17,575.25,117.989,97.58,36.77,37.65,11200.0,848.5
2024-04-05,USA,Corpus Christi,Haldia,Panamax,Coal,26270.11,580.3,119.378,98.23,39.45,52.35,11200.0,848.5
2024-04-12,USA,Corpus Christi,Haldia,Panamax,Coal,27083.05,580.8,119.451,94.2,44.24,44.57,11200.0,848.5
2024-04-19,USA,Corpus Christi,Haldia,Panamax,Coal,26479.67,580.53,119.616,97.94,41.02,38.17,11200.0,848.5
2024-04-26,USA,Corpus Christi,Haldia,Panamax,Coal,26669.93,582.32,119.809,95.97,39.46,47.01,11200.0,848.5
2024-05-03,USA,Corpus Christi,Haldia,Panamax,Coal,28003.44,577.86,118.651,99.0,30.22,36.82,11200.0,848.5
2024-05-10,USA,Corpus Christi,Haldia,Panamax,Coal,27626.15,577.33,118.872,99.0,29.04,44.43,11200.0,848.5
2024-05-17,USA,Corpus Christi,Haldia,Panamax,Coal,27680.51,576.78,119.112,99.0,28.46,51.83,11200.0,848.5
2024-05-24,USA,Corpus Christi,Haldia,Panamax,Coal,27490.93,577.82,119.319,99.0,27.82,50.69,11200.0,848.5
2024-05-31,USA,Corpus Christi,Haldia,Panamax,Coal,27861.57,577.43,119.443,99.0,35.46,38.25,11200.0,848.5
2024-06-07,USA,Corpus Christi,Haldia,Panamax,Coal,26529.22,566.46,116.203,99.0,52.01,31.72,11200.0,848.5
2024-06-14,USA,Corpus Christi,Haldia,Panamax,Coal,25020.74,566.7,116.424,99.0,37.35,34.24,11200.0,848.5
2024-06-21,USA,Corpus Christi,Haldia,Panamax,Coal,25396.21,566.87,116.559,99.0,48.48,44.3,11200.0,848.5
2024-06-28,USA,Corpus Christi,Haldia,Panamax,Coal,25787.31,567.45,116.755,99.0,40.83,30.49,11200.0,848.5
2024-07-05,USA,Corpus Christi,Haldia,Panamax,Coal,23615.28,551.08,112.143,94.01,31.03,37.72,11200.0,848.5
2024-07-12,USA,Corpus Christi,Haldia,Panamax,Coal,21640.67,551.81,112.386,95.57,37.65,35.28,11200.0,848.5
2024-07-19,USA,Corpus Christi,Haldia,Panamax,Coal,21356.07,552.63,112.618,99.0,37.23,25.48,11200.0,848.5
2024-07-26,USA,Corpus Christi,Haldia,Panamax,Coal,22087.07,553.89,112.737,99.0,36.7,34.79,11200.0,848.5
2024-08-02,USA,Corpus Christi,Haldia,Panamax,Coal,20452.9,537.93,108.097,98.57,31.54,35.86,11200.0,848.5
2024-08-09,USA,Corpus Christi,Haldia,Panamax,Coal,21458.39,538.93,108.291,91.84,35.49,44.61,11200.0,848.5
2024-08-16,USA,Corpus Christi,Haldia,Panamax,Coal,21152.7,538.68,108.429,91.66,35.04,41.44,11200.0,848.5
2024-08-23,USA,Corpus Christi,Haldia,Panamax,Coal,21339.36,538.21,108.63,88.57,15.78,36.42,11200.0,848.5
2024-08-30,USA,Corpus Christi,Haldia,Panamax,Coal,21714.18,538.54,108.875,88.91,29.67,42.78,11200.0,848.5
2024-09-06,USA,Corpus Christi,Haldia,Panamax,Coal,22279.31,526.33,105.496,81.01,33.7,46.83,11200.0,848.5
2024-09-13,USA,Corpus Christi,Haldia,Panamax,Coal,22420.48,526.75,105.559,77.58,18.63,55.45,11200.0,848.5
2024-09-20,USA,Corpus Christi,Haldia,Panamax,Coal,22675.02,527.35,105.712,76.4,21.71,34.84,11200.0,848.5
2024-09-27,USA,Corpus Christi,Haldia,Panamax,Coal,22499.81,528.52,105.961,79.43,28.14,34.39,11200.0,848.5
2024-10-04,USA,Corpus Christi,Haldia,Panamax,Coal,24578.45,525.36,104.828,82.31,29.17,38.0,11200.0,848.5
2024-10-11,USA,Corpus Christi,Haldia,Panamax,Coal,24683.5,525.17,104.937,83.56,29.01,37.44,11200.0,848.5
2024-10-18,USA,Corpus Christi,Haldia,Panamax,Coal,23053.14,524.63,105.099,84.21,22.47,45.18,11200.0,848.5
2024-10-25,USA,Corpus Christi,Haldia,Panamax,Coal,22660.54,524.91,105.193,91.62,29.19,47.11,11200.0,848.5
2024-11-01,USA,Corpus Christi,Haldia,Panamax,Coal,24414.81,530.26,106.64,78.61,33.56,43.6,11200.0,848.5
2024-11-08,USA,Corpus Christi,Haldia,Panamax,Coal,23129.18,531.01,106.817,79.28,30.84,33.18,11200.0,848.5
2024-11-15,USA,Corpus Christi,Haldia,Panamax,Coal,21308.97,531.08,107.0,73.58,25.71,38.46,11200.0,848.5
2024-11-22,USA,Corpus Christi,Haldia,Panamax,Coal,20626.85,531.54,107.099,79.15,30.31,43.45,11200.0,848.5
2024-11-29,USA,Corpus Christi,Haldia,Panamax,Coal,21094.66,531.3,107.256,85.05,28.85,42.79,11200.0,848.5
2024-12-06,USA,Corpus Christi,Haldia,Panamax,Coal,21606.26,544.72,110.972,74.27,27.09,37.62,11200.0,848.5
2024-12-13,USA,Corpus Christi,Haldia,Panamax,Coal,22038.59,545.5,111.069,74.67,26.79,42.27,11200.0,848.5
2024-12-20,USA,Corpus Christi,Haldia,Panamax,Coal,21636.35,545.41,111.28,80.78,21.65,40.36,11200.0,848.5
2024-12-27,USA,Corpus Christi,Haldia,Panamax,Coal,22795.7,545.35,111.403,80.75,46.95,37.07,11200.0,848.5
2025-01-03,USA,Corpus Christi,Haldia,Panamax,Coal,21792.12,562.67,116.466,80.93,24.44,35.25,11200.0,848.5
2025-01-10,USA,Corpus Christi,Haldia,Panamax,Coal,21629.14,564.21,116.576,72.59,41.16,32.4,11200.0,848.5
2025-01-17,USA,Corpus Christi,Haldia,Panamax,Coal,21385.71,564.36,116.642,67.86,13.34,35.35,11200.0,848.5
2025-01-24,USA,Corpus Christi,Haldia,Panamax,Coal,20947.4,564.76,116.896,61.51,17.23,36.2,11200.0,848.5
2025-01-31,USA,Corpus Christi,Haldia,Panamax,Coal,22099.02,564.98,117.171,64.21,15.3,27.48,11200.0,848.5
2025-02-07,USA,Corpus Christi,Haldia,Panamax,Coal,22444.75,582.12,122.351,61.89,25.86,36.43,11200.0,848.5
2025-02-14,USA,Corpus Christi,Haldia,Panamax,Coal,23721.4,582.6,122.541,57.14,14.27,37.25,11200.0,848.5
2025-02-21,USA,Corpus Christi,Haldia,Panamax,Coal,22818.0,582.52,122.748,62.69,21.96,35.31,11200.0,848.5
2025-02-28,USA,Corpus Christi,Haldia,Panamax,Coal,22233.2,583.03,122.945,66.72,13.07,37.68,11200.0,848.5
2025-03-07,USA,Corpus Christi,Haldia,Panamax,Coal,22358.55,595.82,126.87,68.27,26.83,45.79,11200.0,848.5
2025-03-14,USA,Corpus Christi,Haldia,Panamax,Coal,22456.15,596.01,127.049,64.97,4.29,46.73,11200.0,848.5
2025-03-21,USA,Corpus Christi,Haldia,Panamax,Coal,23291.21,597.42,127.153,59.76,14.96,36.13,11200.0,848.5
2025-03-28,USA,Corpus Christi,Haldia,Panamax,Coal,22671.23,598.46,127.253,60.78,11.27,39.06,11200.0,848.5
2025-04-04,USA,Corpus Christi,Haldia,Panamax,Coal,24147.87,602.6,128.664,64.27,17.91,39.16,11200.0,848.5
2025-04-11,USA,Corpus Christi,Haldia,Panamax,Coal,23595.29,602.95,128.854,65.72,15.37,42.09,11200.0,848.5
2025-04-18,USA,Corpus Christi,Haldia,Panamax,Coal,23843.5,603.34,128.987,70.91,32.26,60.25,11200.0,848.5
2025-04-25,USA,Corpus Christi,Haldia,Panamax,Coal,23344.04,604.73,129.167,70.47,18.15,39.83,11200.0,848.5
2025-05-02,USA,Corpus Christi,Haldia,Panamax,Coal,23928.59,601.49,127.919,80.52,28.6,30.18,11200.0,848.5
2025-05-09,USA,Corpus Christi,Haldia,Panamax,Coal,22934.92,601.84,128.075,81.38,20.95,42.36,11200.0,848.5
2025-05-16,USA,Corpus Christi,Haldia,Panamax,Coal,23797.71,602.97,128.335,86.5,25.9,43.84,11200.0,848.5
2025-05-23,USA,Corpus Christi,Haldia,Panamax,Coal,25643.52,603.92,128.527,87.17,41.25,39.14,11200.0,848.5
2025-05-30,USA,Corpus Christi,Haldia,Panamax,Coal,26521.39,604.3,128.698,79.83,20.92,41.27,11200.0,848.5
2025-06-06,USA,Corpus Christi,Haldia,Panamax,Coal,25705.62,592.35,125.199,83.21,29.86,43.5,11200.0,848.5
2025-06-13,USA,Corpus Christi,Haldia,Panamax,Coal,24650.85,593.53,125.294,92.51,40.7,43.61,11200.0,848.5
2025-06-20,USA,Corpus Christi,Haldia,Panamax,Coal,24642.12,595.44,125.535,99.0,37.06,23.87,11200.0,848.5
2025-06-27,USA,Corpus Christi,Haldia,Panamax,Coal,24372.33,596.43,125.688,85.96,26.81,30.5,11200.0,848.5
2025-07-04,USA,Corpus Christi,Haldia,Panamax,Coal,21943.13,580.39,120.7,88.91,42.07,25.89,11200.0,848.5
2025-07-11,USA,Corpus Christi,Haldia,Panamax,Coal,22519.7,580.91,120.842,81.7,27.18,28.1,11200.0,848.5
2025-07-18,USA,Corpus Christi,Haldia,Panamax,Coal,22941.41,580.77,121.048,79.92,32.62,37.55,11200.0,848.5
2025-07-25,USA,Corpus Christi,Haldia,Panamax,Coal,22120.56,580.35,121.223,80.0,24.31,33.11,11200.0,848.5
2025-08-01,USA,Corpus Christi,Haldia,Panamax,Coal,21128.39,563.36,116.239,85.32,38.55,31.66,11200.0,848.5
2025-08-08,USA,Corpus Christi,Haldia,Panamax,Coal,20454.53,564.22,116.402,86.92,31.35,44.96,11200.0,848.5
2025-08-15,USA,Corpus Christi,Haldia,Panamax,Coal,21095.25,563.54,116.552,78.35,15.9,39.03,11200.0,848.5
2025-08-22,USA,Corpus Christi,Haldia,Panamax,Coal,21942.73,563.04,116.689,79.28,26.08,30.46,11200.0,848.5
2025-08-29,USA,Corpus Christi,Haldia,Panamax,Coal,22298.92,563.86,116.796,85.18,26.86,42.45,11200.0,848.5
2025-09-05,USA,Corpus Christi,Haldia,Panamax,Coal,22889.22,551.41,113.114,82.04,16.78,48.94,11200.0,848.5
2025-09-12,USA,Corpus Christi,Haldia,Panamax,Coal,21402.29,551.52,113.273,88.08,17.77,41.11,11200.0,848.5
2025-09-19,USA,Corpus Christi,Haldia,Panamax,Coal,21361.27,551.47,113.419,93.43,41.16,41.06,11200.0,848.5
2025-09-26,USA,Corpus Christi,Haldia,Panamax,Coal,20994.7,551.78,113.621,90.76,29.03,40.65,11200.0,848.5
2025-10-03,USA,Corpus Christi,Haldia,Panamax,Coal,21675.55,547.61,112.37,79.1,33.23,37.1,11200.0,848.5
2025-10-10,USA,Corpus Christi,Haldia,Panamax,Coal,22570.78,548.11,112.523,82.78,32.4,34.33,11200.0,848.5
2025-10-17,USA,Corpus Christi,Haldia,Panamax,Coal,21853.44,549.56,112.722,83.75,34.43,34.85,11200.0,848.5
2025-10-24,USA,Corpus Christi,Haldia,Panamax,Coal,22840.85,549.07,112.875,85.97,18.17,34.97,11200.0,848.5
2025-10-31,USA,Corpus Christi,Haldia,Panamax,Coal,22513.32,551.01,113.111,88.5,29.7,31.91,11200.0,848.5
2025-11-07,USA,Corpus Christi,Haldia,Panamax,Coal,22269.26,555.99,114.727,87.86,23.7,43.55,11200.0,848.5
2025-11-14,USA,Corpus Christi,Haldia,Panamax,Coal,22563.41,556.79,114.869,91.03,35.27,38.03,11200.0,848.5
2025-11-21,USA,Corpus Christi,Haldia,Panamax,Coal,22433.02,557.25,115.01,89.64,32.17,32.28,11200.0,848.5
2025-11-28,USA,Corpus Christi,Haldia,Panamax,Coal,22683.36,557.34,115.167,88.86,40.37,46.24,11200.0,848.5
2025-12-05,USA,Corpus Christi,Haldia,Panamax,Coal,23155.84,570.38,119.179,79.5,28.77,39.34,11200.0,848.5
2025-12-12,USA,Corpus Christi,Haldia,Panamax,Coal,23099.61,569.95,119.268,82.96,29.06,43.94,11200.0,848.5
2025-12-19,USA,Corpus Christi,Haldia,Panamax,Coal,22524.98,571.27,119.494,80.63,40.29,32.65,11200.0,848.5
2025-12-26,USA,Corpus Christi,Haldia,Panamax,Coal,22437.99,571.74,119.623,76.6,7.14,41.1,11200.0,848.5
2026-01-02,USA,Corpus Christi,Haldia,Panamax,Coal,23108.13,590.07,125.104,75.07,31.63,43.3,11200.0,848.5
2026-01-09,USA,Corpus Christi,Haldia,Panamax,Coal,22452.7,590.75,125.166,81.34,27.82,31.57,11200.0,848.5
2026-01-16,USA,Corpus Christi,Haldia,Panamax,Coal,23037.12,592.22,125.356,83.64,25.89,30.62,11200.0,848.5
2026-01-23,USA,Corpus Christi,Haldia,Panamax,Coal,23258.65,592.95,125.509,88.26,34.9,35.17,11200.0,848.5
2026-01-30,USA,Corpus Christi,Haldia,Panamax,Coal,23697.27,593.53,125.692,81.18,24.88,32.85,11200.0,848.5
2026-02-06,USA,Corpus Christi,Haldia,Panamax,Coal,22223.29,611.69,131.166,78.95,15.51,43.82,11200.0,848.5
2026-02-13,USA,Corpus Christi,Haldia,Panamax,Coal,22543.72,611.21,131.281,83.77,27.98,35.71,11200.0,848.5
2026-02-20,USA,Corpus Christi,Haldia,Panamax,Coal,23417.19,612.26,131.417,77.65,31.47,38.51,11200.0,848.5
2026-02-27,USA,Corpus Christi,Haldia,Panamax,Coal,23143.49,612.34,131.637,88.38,30.45,43.91,11200.0,848.5
2026-03-06,USA,Corpus Christi,Haldia,Panamax,Coal,22678.04,624.88,135.723,95.45,27.41,44.63,11200.0,848.5
2026-03-13,USA,Corpus Christi,Haldia,Panamax,Coal,22665.17,623.93,135.977,88.49,27.1,36.72,11200.0,848.5
2026-03-20,USA,Corpus Christi,Haldia,Panamax,Coal,22083.79,623.76,136.192,87.06,19.79,38.75,11200.0,848.5
2026-03-27,USA,Corpus Christi,Haldia,Panamax,Coal,22092.15,624.36,136.404,78.9,37.66,53.58,11200.0,848.5
2026-04-03,USA,Corpus Christi,Haldia,Panamax,Coal,23554.91,630.3,138.054,82.46,17.89,47.23,11200.0,848.5
2026-04-10,USA,Corpus Christi,Haldia,Panamax,Coal,23970.09,630.93,138.323,78.77,33.78,36.02,11200.0,848.5
2026-04-17,USA,Corpus Christi,Haldia,Panamax,Coal,23042.72,630.89,138.427,76.92,21.33,43.76,11200.0,848.5
2026-04-24,USA,Corpus Christi,Haldia,Panamax,Coal,22105.12,631.84,138.581,80.19,28.32,33.06,11200.0,848.5
2026-05-01,USA,Corpus Christi,Haldia,Panamax,Coal,23277.28,627.4,137.284,84.99,31.42,40.04,11200.0,848.5
2026-05-08,USA,Corpus Christi,Haldia,Panamax,Coal,22784.15,628.03,137.541,84.26,17.78,44.97,11200.0,848.5
2026-05-15,USA,Corpus Christi,Haldia,Panamax,Coal,23039.38,628.03,137.663,81.4,43.22,35.14,11200.0,848.5
2026-05-22,USA,Corpus Christi,Haldia,Panamax,Coal,21976.01,628.23,137.866,87.42,33.06,52.56,11200.0,848.5
2026-05-29,USA,Corpus Christi,Haldia,Panamax,Coal,21859.53,629.73,138.111,81.03,20.38,40.68,11200.0,848.5
2026-06-05,USA,Corpus Christi,Haldia,Panamax,Coal,21333.66,617.53,134.352,92.81,33.28,43.13,11200.0,848.5
2026-06-12,USA,Corpus Christi,Haldia,Panamax,Coal,21623.0,618.21,134.51,86.66,26.47,22.72,11200.0,848.5
2026-06-19,USA,Corpus Christi,Haldia,Panamax,Coal,20407.69,618.08,134.752,85.02,31.71,35.67,11200.0,848.5
2026-06-26,USA,Corpus Christi,Haldia,Panamax,Coal,21357.43,618.4,135.023,90.17,17.54,42.06,11200.0,848.5
2026-07-03,USA,Corpus Christi,Haldia,Panamax,Coal,19749.89,601.57,129.684,89.91,26.37,30.51,11200.0,848.5
2026-07-10,USA,Corpus Christi,Haldia,Panamax,Coal,20175.48,601.02,129.969,95.51,19.88,40.25,11200.0,848.5
2026-07-17,USA,Corpus Christi,Haldia,Panamax,Coal,19390.29,601.11,130.204,94.46,18.1,32.55,11200.0,848.5
2026-07-24,USA,Corpus Christi,Haldia,Panamax,Coal,20910.23,602.42,130.401,97.13,54.22,46.52,11200.0,848.5
2026-07-31,USA,Corpus Christi,Haldia,Panamax,Coal,21630.61,602.02,130.602,99.0,28.68,34.25,11200.0,848.5
2026-08-07,USA,Corpus Christi,Haldia,Panamax,Coal,22070.11,584.19,125.218,97.66,34.16,34.88,11200.0,848.5
2026-08-14,USA,Corpus Christi,Haldia,Panamax,Coal,21937.44,584.71,125.37,96.44,31.86,39.5,11200.0,848.5
2026-08-21,USA,Corpus Christi,Haldia,Panamax,Coal,22358.14,585.47,125.56,91.62,20.18,34.74,11200.0,848.5
2026-08-28,USA,Corpus Christi,Haldia,Panamax,Coal,22047.27,585.48,125.753,84.51,25.29,34.27,11200.0,848.5
2026-09-04,USA,Corpus Christi,Haldia,Panamax,Coal,22408.0,572.21,121.815,82.86,36.44,42.8,11200.0,848.5
2026-09-11,USA,Corpus Christi,Haldia,Panamax,Coal,23544.21,571.78,122.068,76.66,38.18,46.12,11200.0,848.5
2026-09-18,USA,Corpus Christi,Haldia,Panamax,Coal,23058.97,572.1,122.256,71.5,24.49,47.69,11200.0,848.5
2026-09-25,USA,Corpus Christi,Haldia,Panamax,Coal,22816.54,572.51,122.483,77.28,14.33,34.26,11200.0,848.5
2023-01-06,USA,Corpus Christi,Haldia,Panamax,Steel Products,20470.11,519.44,99.953,72.0,13.85,41.07,11200.0,848.5
2023-01-13,USA,Corpus Christi,Haldia,Panamax,Steel Products,20217.59,520.28,100.181,67.29,16.33,29.44,11200.0,848.5
2023-01-20,USA,Corpus Christi,Haldia,Panamax,Steel Products,20425.1,521.33,100.291,69.86,33.43,38.98,11200.0,848.5
2023-01-27,USA,Corpus Christi,Haldia,Panamax,Steel Products,19802.95,521.82,100.457,72.92,22.04,37.17,11200.0,848.5
2023-02-03,USA,Corpus Christi,Haldia,Panamax,Steel Products,20590.19,537.32,104.842,71.33,27.68,30.9,11200.0,848.5
2023-02-10,USA,Corpus Christi,Haldia,Panamax,Steel Products,19847.15,538.13,104.936,68.72,18.88,46.64,11200.0,848.5
2023-02-17,USA,Corpus Christi,Haldia,Panamax,Steel Products,20012.59,538.09,105.124,66.16,32.71,40.96,11200.0,848.5
2023-02-24,USA,Corpus Christi,Haldia,Panamax,Steel Products,20200.82,537.62,105.273,66.91,22.13,38.4,11200.0,848.5
2023-03-03,USA,Corpus Christi,Haldia,Panamax,Steel Products,20508.14,550.04,108.663,65.88,25.23,51.2,11200.0,848.5
2023-03-10,USA,Corpus Christi,Haldia,Panamax,Steel Products,21148.17,550.18,108.807,63.81,24.04,37.13,11200.0,848.5
2023-03-17,USA,Corpus Christi,Haldia,Panamax,Steel Products,21534.64,550.8,108.961,69.08,5.55,43.67,11200.0,848.5
2023-03-24,USA,Corpus Christi,Haldia,Panamax,Steel Products,22322.54,551.13,109.087,78.21,23.74,37.86,11200.0,848.5
2023-03-31,USA,Corpus Christi,Haldia,Panamax,Steel Products,22485.42,551.86,109.273,82.36,40.79,47.2,11200.0,848.5
2023-04-07,USA,Corpus Christi,Haldia,Panamax,Steel Products,22346.44,556.7,110.633,87.52,28.25,38.69,11200.0,848.5
2023-04-14,USA,Corpus Christi,Haldia,Panamax,Steel Products,22793.49,557.28,110.782,84.83,39.28,43.95,11200.0,848.5
2023-04-21,USA,Corpus Christi,Haldia,Panamax,Steel Products,22965.36,557.72,110.927,81.55,28.18,47.62,11200.0,848.5
2023-04-28,USA,Corpus Christi,Haldia,Panamax,Steel Products,22343.83,557.74,111.121,92.34,26.72,32.41,11200.0,848.5
2023-05-05,USA,Corpus Christi,Haldia,Panamax,Steel Products,22451.49,554.54,110.187,99.0,40.18,35.86,11200.0,848.5
2023-05-12,USA,Corpus Christi,Haldia,Panamax,Steel Products,22483.04,555.82,110.331,99.0,34.31,38.82,11200.0,848.5
2023-05-19,USA,Corpus Christi,Haldia,Panamax,Steel Products,23093.13,556.04,110.489,97.07,32.04,44.39,11200.0,848.5
2023-05-26,USA,Corpus Christi,Haldia,Panamax,Steel Products,22691.62,556.56,110.636,96.65,33.74,36.47,11200.0,848.5
2023-06-02,USA,Corpus Christi,Haldia,Panamax,Steel Products,22321.01,545.41,107.547,91.92,23.99,34.22,11200.0,848.5
2023-06-09,USA,Corpus Christi,Haldia,Panamax,Steel Products,21914.43,545.93,107.673,98.49,19.69,43.69,11200.0,848.5
2023-06-16,USA,Corpus Christi,Haldia,Panamax,Steel Products,22243.89,545.73,107.857,99.0,35.36,55.61,11200.0,848.5
2023-06-23,USA,Corpus Christi,Haldia,Panamax,Steel Products,22072.92,546.48,108.051,99.0,39.71,37.8,11200.0,848.5
2023-06-30,USA,Corpus Christi,Haldia,Panamax,Steel Products,22079.78,546.8,108.217,86.11,31.49,27.43,11200.0,848.5
2023-07-07,USA,Corpus Christi,Haldia,Panamax,Steel Products,19672.14,532.29,103.935,87.05,32.88,31.25,11200.0,848.5
2023-07-14,USA,Corpus Christi,Haldia,Panamax,Steel Products,18614.35,533.63,104.072,86.27,25.46,44.93,11200.0,848.5
2023-07-21,USA,Corpus Christi,Haldia,Panamax,Steel Products,19588.99,533.88,104.234,86.17,38.05,30.76,11200.0,848.5
2023-07-28,USA,Corpus Christi,Haldia,Panamax,Steel Products,19859.02,534.23,104.435,88.42,28.64,33.47,11200.0,848.5
2023-08-04,USA,Corpus Christi,Haldia,Panamax,Steel Products,21035.64,519.06,100.091,85.03,25.35,35.05,11200.0,848.5
2023-08-11,USA,Corpus Christi,Haldia,Panamax,Steel Products,21052.66,519.47,100.282,72.66,31.93,42.86,11200.0,848.5
2023-08-18,USA,Corpus Christi,Haldia,Panamax,Steel Products,20649.99,520.39,100.464,76.81,27.79,35.77,11200.0,848.5
2023-08-25,USA,Corpus Christi,Haldia,Panamax,Steel Products,20838.2,520.38,100.59,70.7,32.68,32.42,11200.0,848.5
2023-09-01,USA,Corpus Christi,Haldia,Panamax,Steel Products,20947.68,509.19,97.473,74.53,25.34,36.7,11200.0,848.5
2023-09-08,USA,Corpus Christi,Haldia,Panamax,Steel Products,20483.98,510.0,97.607,80.43,30.12,40.68,11200.0,848.5
2023-09-15,USA,Corpus Christi,Haldia,Panamax,Steel Products,20545.04,510.38,97.757,86.95,16.47,34.07,11200.0,848.5
2023-09-22,USA,Corpus Christi,Haldia,Panamax,Steel Products,20186.06,510.84,97.906,90.02,33.43,42.22,11200.0,848.5
2023-09-29,USA,Corpus Christi,Haldia,Panamax,Steel Products,20749.46,511.63,98.025,86.57,35.94,41.72,11200.0,848.5
2023-10-06,USA,Corpus Christi,Haldia,Panamax,Steel Products,21717.56,508.2,97.005,81.34,28.52,42.08,11200.0,848.5
2023-10-13,USA,Corpus Christi,Haldia,Panamax,Steel Products,22275.98,508.88,97.232,73.97,15.0,39.4,11200.0,848.5
2023-10-20,USA,Corpus Christi,Haldia,Panamax,Steel Products,21689.4,509.12,97.428,74.42,25.47,37.24,11200.0,848.5
2023-10-27,USA,Corpus Christi,Haldia,Panamax,Steel Products,21238.2,509.52,97.6,80.17,15.28,42.29,11200.0,848.5
2023-11-03,USA,Corpus Christi,Haldia,Panamax,Steel Products,20892.91,514.1,98.945,81.7,26.89,32.99,11200.0,848.5
2023-11-10,USA,Corpus Christi,Haldia,Panamax,Steel Products,21455.15,514.58,99.043,87.11,25.33,42.85,11200.0,848.5
2023-11-17,USA,Corpus Christi,Haldia,Panamax,Steel Products,21071.66,515.08,99.222,84.16,30.18,32.63,11200.0,848.5
2023-11-24,USA,Corpus Christi,Haldia,Panamax,Steel Products,21256.45,514.17,99.396,82.34,38.02,47.06,11200.0,848.5
2023-12-01,USA,Corpus Christi,Haldia,Panamax,Steel Products,20225.72,527.15,102.902,74.95,28.18,45.74,11200.0,848.5
2023-12-08,USA,Corpus Christi,Haldia,Panamax,Steel Products,21036.56,527.21,103.013,71.01,31.39,41.06,11200.0,848.5
2023-12-15,USA,Corpus Christi,Haldia,Panamax,Steel Products,20804.62,527.02,103.146,72.95,27.3,35.87,11200.0,848.5
2023-12-22,USA,Corpus Christi,Haldia,Panamax,Steel Products,19788.93,527.39,103.305,79.77,28.55,36.81,11200.0,848.5
2023-12-29,USA,Corpus Christi,Haldia,Panamax,Steel Products,19359.37,527.45,103.441,64.96,13.97,37.22,11200.0,848.5
2024-01-05,USA,Corpus Christi,Haldia,Panamax,Steel Products,17623.56,544.11,108.183,69.44,21.77,38.36,11200.0,848.5
2024-01-12,USA,Corpus Christi,Haldia,Panamax,Steel Products,19107.89,544.23,108.39,69.45,27.43,36.41,11200.0,848.5
2024-01-19,USA,Corpus Christi,Haldia,Panamax,Steel Products,18803.62,544.9,108.553,74.29,21.41,36.04,11200.0,848.5
2024-01-26,USA,Corpus Christi,Haldia,Panamax,Steel Products,18790.53,545.86,108.66,84.55,31.09,33.97,11200.0,848.5
2024-02-02,USA,Corpus Christi,Haldia,Panamax,Steel Products,18450.49,560.88,113.443,90.56,25.56,33.5,11200.0,848.5
2024-02-09,USA,Corpus Christi,Haldia,Panamax,Steel Products,18613.6,561.27,113.508,87.38,35.83,39.0,11200.0,848.5
2024-02-16,USA,Corpus Christi,Haldia,Panamax,Steel Products,18664.17,561.54,113.732,86.6,28.98,47.51,11200.0,848.5
2024-02-23,USA,Corpus Christi,Haldia,Panamax,Steel Products,19543.37,561.47,113.906,82.67,41.12,29.19,11200.0,848.5
2024-03-01,USA,Corpus Christi,Haldia,Panamax,Steel Products,19966.9,573.69,117.508,91.47,36.05,40.89,11200.0,848.5
2024-03-08,USA,Corpus Christi,Haldia,Panamax,Steel Products,20575.14,573.98,117.586,89.62,35.05,25.61,11200.0,848.5
2024-03-15,USA,Corpus Christi,Haldia,Panamax,Steel Products,21157.18,575.21,117.738,86.24,29.3,43.03,11200.0,848.5
2024-03-22,USA,Corpus Christi,Haldia,Panamax,Steel Products,21227.86,575.06,117.953,88.14,33.02,38.05,11200.0,848.5
2024-03-29,USA,Corpus Christi,Haldia,Panamax,Steel Products,20975.86,575.25,117.989,97.58,36.77,37.65,11200.0,848.5
2024-04-05,USA,Corpus Christi,Haldia,Panamax,Steel Products,21491.79,580.3,119.378,98.23,39.45,52.35,11200.0,848.5
2024-04-12,USA,Corpus Christi,Haldia,Panamax,Steel Products,20967.84,580.8,119.451,94.2,44.24,44.57,11200.0,848.5
2024-04-19,USA,Corpus Christi,Haldia,Panamax,Steel Products,20816.16,580.53,119.616,97.94,41.02,38.17,11200.0,848.5
2024-04-26,USA,Corpus Christi,Haldia,Panamax,Steel Products,19259.96,582.32,119.809,95.97,39.46,47.01,11200.0,848.5
2024-05-03,USA,Corpus Christi,Haldia,Panamax,Steel Products,18937.96,577.86,118.651,99.0,30.22,36.82,11200.0,848.5
2024-05-10,USA,Corpus Christi,Haldia,Panamax,Steel Products,18738.66,577.33,118.872,99.0,29.04,44.43,11200.0,848.5
2024-05-17,USA,Corpus Christi,Haldia,Panamax,Steel Products,19706.36,576.78,119.112,99.0,28.46,51.83,11200.0,848.5
2024-05-24,USA,Corpus Christi,Haldia,Panamax,Steel Products,19825.53,577.82,119.319,99.0,27.82,50.69,11200.0,848.5
2024-05-31,USA,Corpus Christi,Haldia,Panamax,Steel Products,20543.82,577.43,119.443,99.0,35.46,38.25,11200.0,848.5
2024-06-07,USA,Corpus Christi,Haldia,Panamax,Steel Products,20375.71,566.46,116.203,99.0,52.01,31.72,11200.0,848.5
2024-06-14,USA,Corpus Christi,Haldia,Panamax,Steel Products,20145.26,566.7,116.424,99.0,37.35,34.24,11200.0,848.5
2024-06-21,USA,Corpus Christi,Haldia,Panamax,Steel Products,21468.32,566.87,116.559,99.0,48.48,44.3,11200.0,848.5
2024-06-28,USA,Corpus Christi,Haldia,Panamax,Steel Products,22409.69,567.45,116.755,99.0,40.83,30.49,11200.0,848.5
2024-07-05,USA,Corpus Christi,Haldia,Panamax,Steel Products,20153.49,551.08,112.143,94.01,31.03,37.72,11200.0,848.5
2024-07-12,USA,Corpus Christi,Haldia,Panamax,Steel Products,19812.25,551.81,112.386,95.57,37.65,35.28,11200.0,848.5
2024-07-19,USA,Corpus Christi,Haldia,Panamax,Steel Products,20386.83,552.63,112.618,99.0,37.23,25.48,11200.0,848.5
2024-07-26,USA,Corpus Christi,Haldia,Panamax,Steel Products,20037.25,553.89,112.737,99.0,36.7,34.79,11200.0,848.5
2024-08-02,USA,Corpus Christi,Haldia,Panamax,Steel Products,19647.74,537.93,108.097,98.57,31.54,35.86,11200.0,848.5
2024-08-09,USA,Corpus Christi,Haldia,Panamax,Steel Products,19562.51,538.93,108.291,91.84,35.49,44.61,11200.0,848.5
2024-08-16,USA,Corpus Christi,Haldia,Panamax,Steel Products,20243.62,538.68,108.429,91.66,35.04,41.44,11200.0,848.5
2024-08-23,USA,Corpus Christi,Haldia,Panamax,Steel Products,20256.01,538.21,108.63,88.57,15.78,36.42,11200.0,848.5
2024-08-30,USA,Corpus Christi,Haldia,Panamax,Steel Products,19793.75,538.54,108.875,88.91,29.67,42.78,11200.0,848.5
2024-09-06,USA,Corpus Christi,Haldia,Panamax,Steel Products,20399.71,526.33,105.496,81.01,33.7,46.83,11200.0,848.5
2024-09-13,USA,Corpus Christi,Haldia,Panamax,Steel Products,20672.81,526.75,105.559,77.58,18.63,55.45,11200.0,848.5
2024-09-20,USA,Corpus Christi,Haldia,Panamax,Steel Products,20512.67,527.35,105.712,76.4,21.71,34.84,11200.0,848.5
2024-09-27,USA,Corpus Christi,Haldia,Panamax,Steel Products,19956.75,528.52,105.961,79.43,28.14,34.39,11200.0,848.5
2024-10-04,USA,Corpus Christi,Haldia,Panamax,Steel Products,20728.84,525.36,104.828,82.31,29.17,38.0,11200.0,848.5
2024-10-11,USA,Corpus Christi,Haldia,Panamax,Steel Products,21732.77,525.17,104.937,83.56,29.01,37.44,11200.0,848.5
2024-10-18,USA,Corpus Christi,Haldia,Panamax,Steel Products,21297.49,524.63,105.099,84.21,22.47,45.18,11200.0,848.5
2024-10-25,USA,Corpus Christi,Haldia,Panamax,Steel Products,22334.69,524.91,105.193,91.62,29.19,47.11,11200.0,848.5
2024-11-01,USA,Corpus Christi,Haldia,Panamax,Steel Products,23317.41,530.26,106.64,78.61,33.56,43.6,11200.0,848.5
2024-11-08,USA,Corpus Christi,Haldia,Panamax,Steel Products,23558.15,531.01,106.817,79.28,30.84,33.18,11200.0,848.5
2024-11-15,USA,Corpus Christi,Haldia,Panamax,Steel Products,23462.0,531.08,107.0,73.58,25.71,38.46,11200.0,848.5
2024-11-22,USA,Corpus Christi,Haldia,Panamax,Steel Products,22645.26,531.54,107.099,79.15,30.31,43.45,11200.0,848.5
2024-11-29,USA,Corpus Christi,Haldia,Panamax,Steel Products,22963.27,531.3,107.256,85.05,28.85,42.79,11200.0,848.5
2024-12-06,USA,Corpus Christi,Haldia,Panamax,Steel Products,21960.1,544.72,110.972,74.27,27.09,37.62,11200.0,848.5
2024-12-13,USA,Corpus Christi,Haldia,Panamax,Steel Products,22291.19,545.5,111.069,74.67,26.79,42.27,11200.0,848.5
2024-12-20,USA,Corpus Christi,Haldia,Panamax,Steel Products,22251.1,545.41,111.28,80.78,21.65,40.36,11200.0,848.5
2024-12-27,USA,Corpus Christi,Haldia,Panamax,Steel Products,22213.82,545.35,111.403,80.75,46.95,37.07,11200.0,848.5
2025-01-03,USA,Corpus Christi,Haldia,Panamax,Steel Products,20431.55,562.67,116.466,80.93,24.44,35.25,11200.0,848.5
2025-01-10,USA,Corpus Christi,Haldia,Panamax,Steel Products,20494.8,564.21,116.576,72.59,41.16,32.4,11200.0,848.5
2025-01-17,USA,Corpus Christi,Haldia,Panamax,Steel Products,19155.82,564.36,116.642,67.86,13.34,35.35,11200.0,848.5
2025-01-24,USA,Corpus Christi,Haldia,Panamax,Steel Products,19520.66,564.76,116.896,61.51,17.23,36.2,11200.0,848.5
2025-01-31,USA,Corpus Christi,Haldia,Panamax,Steel Products,19860.03,564.98,117.171,64.21,15.3,27.48,11200.0,848.5
2025-02-07,USA,Corpus Christi,Haldia,Panamax,Steel Products,19038.29,582.12,122.351,61.89,25.86,36.43,11200.0,848.5
2025-02-14,USA,Corpus Christi,Haldia,Panamax,Steel Products,18509.52,582.6,122.541,57.14,14.27,37.25,11200.0,848.5
2025-02-21,USA,Corpus Christi,Haldia,Panamax,Steel Products,18652.73,582.52,122.748,62.69,21.96,35.31,11200.0,848.5
2025-02-28,USA,Corpus Christi,Haldia,Panamax,Steel Products,19110.08,583.03,122.945,66.72,13.07,37.68,11200.0,848.5
2025-03-07,USA,Corpus Christi,Haldia,Panamax,Steel Products,19580.94,595.82,126.87,68.27,26.83,45.79,11200.0,848.5
2025-03-14,USA,Corpus Christi,Haldia,Panamax,Steel Products,18938.76,596.01,127.049,64.97,4.29,46.73,11200.0,848.5
2025-03-21,USA,Corpus Christi,Haldia,Panamax,Steel Products,18392.05,597.42,127.153,59.76,14.96,36.13,11200.0,848.5
2025-03-28,USA,Corpus Christi,Haldia,Panamax,Steel Products,18945.67,598.46,127.253,60.78,11.27,39.06,11200.0,848.5
2025-04-04,USA,Corpus Christi,Haldia,Panamax,Steel Products,20097.99,602.6,128.664,64.27,17.91,39.16,11200.0,848.5
2025-04-11,USA,Corpus Christi,Haldia,Panamax,Steel Products,20811.95,602.95,128.854,65.72,15.37,42.09,11200.0,848.5
2025-04-18,USA,Corpus Christi,Haldia,Panamax,Steel Products,20929.05,603.34,128.987,70.91,32.26,60.25,11200.0,848.5
2025-04-25,USA,Corpus Christi,Haldia,Panamax,Steel Products,20931.4,604.73,129.167,70.47,18.15,39.83,11200.0,848.5
2025-05-02,USA,Corpus Christi,Haldia,Panamax,Steel Products,21941.3,601.49,127.919,80.52,28.6,30.18,11200.0,848.5
2025-05-09,USA,Corpus Christi,Haldia,Panamax,Steel Products,22179.4,601.84,128.075,81.38,20.95,42.36,11200.0,848.5
2025-05-16,USA,Corpus Christi,Haldia,Panamax,Steel Products,23017.62,602.97,128.335,86.5,25.9,43.84,11200.0,848.5
2025-05-23,USA,Corpus Christi,Haldia,Panamax,Steel Products,22262.27,603.92,128.527,87.17,41.25,39.14,11200.0,848.5
2025-05-30,USA,Corpus Christi,Haldia,Panamax,Steel Products,21524.36,604.3,128.698,79.83,20.92,41.27,11200.0,848.5
2025-06-06,USA,Corpus Christi,Haldia,Panamax,Steel Products,21594.78,592.35,125.199,83.21,29.86,43.5,11200.0,848.5
2025-06-13,USA,Corpus Christi,Haldia,Panamax,Steel Products,21212.05,593.53,125.294,92.51,40.7,43.61,11200.0,848.5
2025-06-20,USA,Corpus Christi,Haldia,Panamax,Steel Products,21834.48,595.44,125.535,99.0,37.06,23.87,11200.0,848.5
2025-06-27,USA,Corpus Christi,Haldia,Panamax,Steel Products,21938.52,596.43,125.688,85.96,26.81,30.5,11200.0,848.5
2025-07-04,USA,Corpus Christi,Haldia,Panamax,Steel Products,21318.11,580.39,120.7,88.91,42.07,25.89,11200.0,848.5
2025-07-11,USA,Corpus Christi,Haldia,Panamax,Steel Products,21031.54,580.91,120.842,81.7,27.18,28.1,11200.0,848.5
2025-07-18,USA,Corpus Christi,Haldia,Panamax,Steel Products,20784.08,580.77,121.048,79.92,32.62,37.55,11200.0,848.5
2025-07-25,USA,Corpus Christi,Haldia,Panamax,Steel Products,21298.86,580.35,121.223,80.0,24.31,33.11,11200.0,848.5
2025-08-01,USA,Corpus Christi,Haldia,Panamax,Steel Products,20451.12,563.36,116.239,85.32,38.55,31.66,11200.0,848.5
2025-08-08,USA,Corpus Christi,Haldia,Panamax,Steel Products,19721.47,564.22,116.402,86.92,31.35,44.96,11200.0,848.5
2025-08-15,USA,Corpus Christi,Haldia,Panamax,Steel Products,20499.91,563.54,116.552,78.35,15.9,39.03,11200.0,848.5
2025-08-22,USA,Corpus Christi,Haldia,Panamax,Steel Products,21184.72,563.04,116.689,79.28,26.08,30.46,11200.0,848.5
2025-08-29,USA,Corpus Christi,Haldia,Panamax,Steel Products,21354.65,563.86,116.796,85.18,26.86,42.45,11200.0,848.5
2025-09-05,USA,Corpus Christi,Haldia,Panamax,Steel Products,20730.28,551.41,113.114,82.04,16.78,48.94,11200.0,848.5
2025-09-12,USA,Corpus Christi,Haldia,Panamax,Steel Products,21275.39,551.52,113.273,88.08,17.77,41.11,11200.0,848.5
2025-09-19,USA,Corpus Christi,Haldia,Panamax,Steel Products,21053.44,551.47,113.419,93.43,41.16,41.06,11200.0,848.5
2025-09-26,USA,Corpus Christi,Haldia,Panamax,Steel Products,20592.13,551.78,113.621,90.76,29.03,40.65,11200.0,848.5
2025-10-03,USA,Corpus Christi,Haldia,Panamax,Steel Products,21544.17,547.61,112.37,79.1,33.23,37.1,11200.0,848.5
2025-10-10,USA,Corpus Christi,Haldia,Panamax,Steel Products,21545.94,548.11,112.523,82.78,32.4,34.33,11200.0,848.5
2025-10-17,USA,Corpus Christi,Haldia,Panamax,Steel Products,22528.42,549.56,112.722,83.75,34.43,34.85,11200.0,848.5
2025-10-24,USA,Corpus Christi,Haldia,Panamax,Steel Products,21688.22,549.07,112.875,85.97,18.17,34.97,11200.0,848.5
2025-10-31,USA,Corpus Christi,Haldia,Panamax,Steel Products,22681.66,551.01,113.111,88.5,29.7,31.91,11200.0,848.5
2025-11-07,USA,Corpus Christi,Haldia,Panamax,Steel Products,23931.73,555.99,114.727,87.86,23.7,43.55,11200.0,848.5
2025-11-14,USA,Corpus Christi,Haldia,Panamax,Steel Products,24497.33,556.79,114.869,91.03,35.27,38.03,11200.0,848.5
2025-11-21,USA,Corpus Christi,Haldia,Panamax,Steel Products,24410.19,557.25,115.01,89.64,32.17,32.28,11200.0,848.5
2025-11-28,USA,Corpus Christi,Haldia,Panamax,Steel Products,23415.37,557.34,115.167,88.86,40.37,46.24,11200.0,848.5
2025-12-05,USA,Corpus Christi,Haldia,Panamax,Steel Products,22595.86,570.38,119.179,79.5,28.77,39.34,11200.0,848.5
2025-12-12,USA,Corpus Christi,Haldia,Panamax,Steel Products,22792.42,569.95,119.268,82.96,29.06,43.94,11200.0,848.5
2025-12-19,USA,Corpus Christi,Haldia,Panamax,Steel Products,23571.97,571.27,119.494,80.63,40.29,32.65,11200.0,848.5
2025-12-26,USA,Corpus Christi,Haldia,Panamax,Steel Products,22735.38,571.74,119.623,76.6,7.14,41.1,11200.0,848.5
2026-01-02,USA,Corpus Christi,Haldia,Panamax,Steel Products,21512.05,590.07,125.104,75.07,31.63,43.3,11200.0,848.5
2026-01-09,USA,Corpus Christi,Haldia,Panamax,Steel Products,21831.54,590.75,125.166,81.34,27.82,31.57,11200.0,848.5
2026-01-16,USA,Corpus Christi,Haldia,Panamax,Steel Products,21550.8,592.22,125.356,83.64,25.89,30.62,11200.0,848.5
2026-01-23,USA,Corpus Christi,Haldia,Panamax,Steel Products,21116.23,592.95,125.509,88.26,34.9,35.17,11200.0,848.5
2026-01-30,USA,Corpus Christi,Haldia,Panamax,Steel Products,21219.63,593.53,125.692,81.18,24.88,32.85,11200.0,848.5
2026-02-06,USA,Corpus Christi,Haldia,Panamax,Steel Products,20001.61,611.69,131.166,78.95,15.51,43.82,11200.0,848.5
2026-02-13,USA,Corpus Christi,Haldia,Panamax,Steel Products,19910.71,611.21,131.281,83.77,27.98,35.71,11200.0,848.5
2026-02-20,USA,Corpus Christi,Haldia,Panamax,Steel Products,21334.43,612.26,131.417,77.65,31.47,38.51,11200.0,848.5
2026-02-27,USA,Corpus Christi,Haldia,Panamax,Steel Products,20448.01,612.34,131.637,88.38,30.45,43.91,11200.0,848.5
2026-03-06,USA,Corpus Christi,Haldia,Panamax,Steel Products,22697.64,624.88,135.723,95.45,27.41,44.63,11200.0,848.5
2026-03-13,USA,Corpus Christi,Haldia,Panamax,Steel Products,23457.33,623.93,135.977,88.49,27.1,36.72,11200.0,848.5
2026-03-20,USA,Corpus Christi,Haldia,Panamax,Steel Products,23174.89,623.76,136.192,87.06,19.79,38.75,11200.0,848.5
2026-03-27,USA,Corpus Christi,Haldia,Panamax,Steel Products,23403.81,624.36,136.404,78.9,37.66,53.58,11200.0,848.5
2026-04-03,USA,Corpus Christi,Haldia,Panamax,Steel Products,23225.78,630.3,138.054,82.46,17.89,47.23,11200.0,848.5
2026-04-10,USA,Corpus Christi,Haldia,Panamax,Steel Products,24826.34,630.93,138.323,78.77,33.78,36.02,11200.0,848.5
2026-04-17,USA,Corpus Christi,Haldia,Panamax,Steel Products,24364.58,630.89,138.427,76.92,21.33,43.76,11200.0,848.5
2026-04-24,USA,Corpus Christi,Haldia,Panamax,Steel Products,24868.91,631.84,138.581,80.19,28.32,33.06,11200.0,848.5
2026-05-01,USA,Corpus Christi,Haldia,Panamax,Steel Products,24733.24,627.4,137.284,84.99,31.42,40.04,11200.0,848.5
2026-05-08,USA,Corpus Christi,Haldia,Panamax,Steel Products,25890.54,628.03,137.541,84.26,17.78,44.97,11200.0,848.5
2026-05-15,USA,Corpus Christi,Haldia,Panamax,Steel Products,26175.55,628.03,137.663,81.4,43.22,35.14,11200.0,848.5
2026-05-22,USA,Corpus Christi,Haldia,Panamax,Steel Products,26273.23,628.23,137.866,87.42,33.06,52.56,11200.0,848.5
2026-05-29,USA,Corpus Christi,Haldia,Panamax,Steel Products,26013.41,629.73,138.111,81.03,20.38,40.68,11200.0,848.5
2026-06-05,USA,Corpus Christi,Haldia,Panamax,Steel Products,24962.32,617.53,134.352,92.81,33.28,43.13,11200.0,848.5
2026-06-12,USA,Corpus Christi,Haldia,Panamax,Steel Products,23243.19,618.21,134.51,86.66,26.47,22.72,11200.0,848.5
2026-06-19,USA,Corpus Christi,Haldia,Panamax,Steel Products,22847.28,618.08,134.752,85.02,31.71,35.67,11200.0,848.5
2026-06-26,USA,Corpus Christi,Haldia,Panamax,Steel Products,22199.31,618.4,135.023,90.17,17.54,42.06,11200.0,848.5
2026-07-03,USA,Corpus Christi,Haldia,Panamax,Steel Products,20228.71,601.57,129.684,89.91,26.37,30.51,11200.0,848.5
2026-07-10,USA,Corpus Christi,Haldia,Panamax,Steel Products,19235.45,601.02,129.969,95.51,19.88,40.25,11200.0,848.5
2026-07-17,USA,Corpus Christi,Haldia,Panamax,Steel Products,20393.6,601.11,130.204,94.46,18.1,32.55,11200.0,848.5
2026-07-24,USA,Corpus Christi,Haldia,Panamax,Steel Products,21765.21,602.42,130.401,97.13,54.22,46.52,11200.0,848.5
2026-07-31,USA,Corpus Christi,Haldia,Panamax,Steel Products,21710.78,602.02,130.602,99.0,28.68,34.25,11200.0,848.5
2026-08-07,USA,Corpus Christi,Haldia,Panamax,Steel Products,21685.35,584.19,125.218,97.66,34.16,34.88,11200.0,848.5
2026-08-14,USA,Corpus Christi,Haldia,Panamax,Steel Products,21843.45,584.71,125.37,96.44,31.86,39.5,11200.0,848.5
2026-08-21,USA,Corpus Christi,Haldia,Panamax,Steel Products,21764.32,585.47,125.56,91.62,20.18,34.74,11200.0,848.5
2026-08-28,USA,Corpus Christi,Haldia,Panamax,Steel Products,22019.8,585.48,125.753,84.51,25.29,34.27,11200.0,848.5
2026-09-04,USA,Corpus Christi,Haldia,Panamax,Steel Products,24112.45,572.21,121.815,82.86,36.44,42.8,11200.0,848.5
2026-09-11,USA,Corpus Christi,Haldia,Panamax,Steel Products,23135.37,571.78,122.068,76.66,38.18,46.12,11200.0,848.5
2026-09-18,USA,Corpus Christi,Haldia,Panamax,Steel Products,23876.2,572.1,122.256,71.5,24.49,47.69,11200.0,848.5
2026-09-25,USA,Corpus Christi,Haldia,Panamax,Steel Products,25634.85,572.51,122.483,77.28,14.33,34.26,11200.0,848.5
2023-01-06,USA,Corpus Christi,Paradip,Panamax,Steel Products,20702.69,519.44,99.953,39.0,32.72,41.07,10950.0,829.5
2023-01-13,USA,Corpus Christi,Paradip,Panamax,Steel Products,20982.46,520.28,100.181,38.99,15.57,29.44,10950.0,829.5
2023-01-20,USA,Corpus Christi,Paradip,Panamax,Steel Products,21264.34,521.33,100.291,52.94,32.36,38.98,10950.0,829.5
2023-01-27,USA,Corpus Christi,Paradip,Panamax,Steel Products,21592.1,521.82,100.457,58.74,18.96,37.17,10950.0,829.5
2023-02-03,USA,Corpus Christi,Paradip,Panamax,Steel Products,20355.68,537.32,104.842,65.68,21.98,30.9,10950.0,829.5
2023-02-10,USA,Corpus Christi,Paradip,Panamax,Steel Products,20134.3,538.13,104.936,55.75,29.43,46.64,10950.0,829.5
2023-02-17,USA,Corpus Christi,Paradip,Panamax,Steel Products,19795.6,538.09,105.124,46.12,39.86,40.96,10950.0,829.5
2023-02-24,USA,Corpus Christi,Paradip,Panamax,Steel Products,19765.84,537.62,105.273,45.4,24.51,38.4,10950.0,829.5
2023-03-03,USA,Corpus Christi,Paradip,Panamax,Steel Products,20689.93,550.04,108.663,47.25,18.42,51.2,10950.0,829.5
2023-03-10,USA,Corpus Christi,Paradip,Panamax,Steel Products,21088.67,550.18,108.807,44.76,27.57,37.13,10950.0,829.5
2023-03-17,USA,Corpus Christi,Paradip,Panamax,Steel Products,20573.03,550.8,108.961,56.04,31.33,43.67,10950.0,829.5
2023-03-24,USA,Corpus Christi,Paradip,Panamax,Steel Products,20905.38,551.13,109.087,47.25,20.42,37.86,10950.0,829.5
2023-03-31,USA,Corpus Christi,Paradip,Panamax,Steel Products,21315.26,551.86,109.273,31.29,25.65,47.2,10950.0,829.5
2023-04-07,USA,Corpus Christi,Paradip,Panamax,Steel Products,23565.77,556.7,110.633,40.92,23.77,38.69,10950.0,829.5
2023-04-14,USA,Corpus Christi,Paradip,Panamax,Steel Products,22809.03,557.28,110.782,33.57,22.12,43.95,10950.0,829.5
2023-04-21,USA,Corpus Christi,Paradip,Panamax,Steel Products,21717.38,557.72,110.927,53.9,14.69,47.62,10950.0,829.5
2023-04-28,USA,Corpus Christi,Paradip,Panamax,Steel Products,22204.89,557.74,111.121,59.98,29.91,32.41,10950.0,829.5
2023-05-05,USA,Corpus Christi,Paradip,Panamax,Steel Products,23480.12,554.54,110.187,64.13,38.73,35.86,10950.0,829.5
2023-05-12,USA,Corpus Christi,Paradip,Panamax,Steel Products,23387.83,555.82,110.331,76.4,35.31,38.82,10950.0,829.5
2023-05-19,USA,Corpus Christi,Paradip,Panamax,Steel Products,22492.57,556.04,110.489,73.94,34.02,44.39,10950.0,829.5
2023-05-26,USA,Corpus Christi,Paradip,Panamax,Steel Products,23898.89,556.56,110.636,79.99,44.27,36.47,10950.0,829.5
2023-06-02,USA,Corpus Christi,Paradip,Panamax,Steel Products,22459.76,545.41,107.547,78.28,25.49,34.22,10950.0,829.5
2023-06-09,USA,Corpus Christi,Paradip,Panamax,Steel Products,22787.74,545.93,107.673,81.62,32.44,43.69,10950.0,829.5
2023-06-16,USA,Corpus Christi,Paradip,Panamax,Steel Products,24181.76,545.73,107.857,81.02,38.06,55.61,10950.0,829.5
2023-06-23,USA,Corpus Christi,Paradip,Panamax,Steel Products,24040.33,546.48,108.051,85.73,39.66,37.8,10950.0,829.5
2023-06-30,USA,Corpus Christi,Paradip,Panamax,Steel Products,23552.26,546.8,108.217,82.25,53.16,27.43,10950.0,829.5
2023-07-07,USA,Corpus Christi,Paradip,Panamax,Steel Products,21572.65,532.29,103.935,98.94,47.82,31.25,10950.0,829.5
2023-07-14,USA,Corpus Christi,Paradip,Panamax,Steel Products,21915.72,533.63,104.072,99.0,38.97,44.93,10950.0,829.5
2023-07-21,USA,Corpus Christi,Paradip,Panamax,Steel Products,22433.87,533.88,104.234,89.66,36.65,30.76,10950.0,829.5
2023-07-28,USA,Corpus Christi,Paradip,Panamax,Steel Products,23080.9,534.23,104.435,90.53,56.72,33.47,10950.0,829.5
2023-08-04,USA,Corpus Christi,Paradip,Panamax,Steel Products,21471.42,519.06,100.091,79.66,26.24,35.05,10950.0,829.5
2023-08-11,USA,Corpus Christi,Paradip,Panamax,Steel Products,21570.95,519.47,100.282,77.85,43.75,42.86,10950.0,829.5
2023-08-18,USA,Corpus Christi,Paradip,Panamax,Steel Products,21063.44,520.39,100.464,84.8,36.88,35.77,10950.0,829.5
2023-08-25,USA,Corpus Christi,Paradip,Panamax,Steel Products,20729.92,520.38,100.59,85.29,42.97,32.42,10950.0,829.5
2023-09-01,USA,Corpus Christi,Paradip,Panamax,Steel Products,20045.09,509.19,97.473,66.96,37.16,36.7,10950.0,829.5
2023-09-08,USA,Corpus Christi,Paradip,Panamax,Steel Products,20523.4,510.0,97.607,75.78,35.4,40.68,10950.0,829.5
2023-09-15,USA,Corpus Christi,Paradip,Panamax,Steel Products,20310.23,510.38,97.757,76.31,31.82,34.07,10950.0,829.5
2023-09-22,USA,Corpus Christi,Paradip,Panamax,Steel Products,20757.11,510.84,97.906,59.94,33.18,42.22,10950.0,829.5
2023-09-29,USA,Corpus Christi,Paradip,Panamax,Steel Products,21057.59,511.63,98.025,54.8,31.82,41.72,10950.0,829.5
2023-10-06,USA,Corpus Christi,Paradip,Panamax,Steel Products,22254.48,508.2,97.005,57.93,19.53,42.08,10950.0,829.5
2023-10-13,USA,Corpus Christi,Paradip,Panamax,Steel Products,23162.87,508.88,97.232,63.35,48.29,39.4,10950.0,829.5
2023-10-20,USA,Corpus Christi,Paradip,Panamax,Steel Products,21737.8,509.12,97.428,76.14,38.18,37.24,10950.0,829.5
2023-10-27,USA,Corpus Christi,Paradip,Panamax,Steel Products,22146.7,509.52,97.6,58.46,32.15,42.29,10950.0,829.5
2023-11-03,USA,Corpus Christi,Paradip,Panamax,Steel Products,22987.04,514.1,98.945,42.07,11.12,32.99,10950.0,829.5
2023-11-10,USA,Corpus Christi,Paradip,Panamax,Steel Products,23399.14,514.58,99.043,25.73,12.39,42.85,10950.0,829.5
2023-11-17,USA,Corpus Christi,Paradip,Panamax,Steel Products,24054.94,515.08,99.222,34.61,28.47,32.63,10950.0,829.5
2023-11-24,USA,Corpus Christi,Paradip,Panamax,Steel Products,24030.15,514.17,99.396,42.86,11.73,47.06,10950.0,829.5
2023-12-01,USA,Corpus Christi,Paradip,Panamax,Steel Products,23189.71,527.15,102.902,38.5,16.51,45.74,10950.0,829.5
2023-12-08,USA,Corpus Christi,Paradip,Panamax,Steel Products,22753.13,527.21,103.013,40.91,22.5,41.06,10950.0,829.5
2023-12-15,USA,Corpus Christi,Paradip,Panamax,Steel Products,22727.31,527.02,103.146,48.78,30.62,35.87,10950.0,829.5
2023-12-22,USA,Corpus Christi,Paradip,Panamax,Steel Products,23254.83,527.39,103.305,64.05,32.41,36.81,10950.0,829.5
2023-12-29,USA,Corpus Christi,Paradip,Panamax,Steel Products,22973.43,527.45,103.441,63.96,36.19,37.22,10950.0,829.5
2024-01-05,USA,Corpus Christi,Paradip,Panamax,Steel Products,21209.39,544.11,108.183,50.78,31.95,38.36,10950.0,829.5
2024-01-12,USA,Corpus Christi,Paradip,Panamax,Steel Products,20692.14,544.23,108.39,49.6,14.54,36.41,10950.0,829.5
2024-01-19,USA,Corpus Christi,Paradip,Panamax,Steel Products,20850.72,544.9,108.553,50.07,17.23,36.04,10950.0,829.5
2024-01-26,USA,Corpus Christi,Paradip,Panamax,Steel Products,21305.05,545.86,108.66,44.95,19.83,33.97,10950.0,829.5
2024-02-02,USA,Corpus Christi,Paradip,Panamax,Steel Products,20977.19,560.88,113.443,54.09,28.48,33.5,10950.0,829.5
2024-02-09,USA,Corpus Christi,Paradip,Panamax,Steel Products,20671.87,561.27,113.508,58.03,12.93,39.0,10950.0,829.5
2024-02-16,USA,Corpus Christi,Paradip,Panamax,Steel Products,21148.99,561.54,113.732,45.17,25.01,47.51,10950.0,829.5
2024-02-23,USA,Corpus Christi,Paradip,Panamax,Steel Products,21414.42,561.47,113.906,51.66,25.68,29.19,10950.0,829.5
2024-03-01,USA,Corpus Christi,Paradip,Panamax,Steel Products,21860.77,573.69,117.508,69.36,37.92,40.89,10950.0,829.5
2024-03-08,USA,Corpus Christi,Paradip,Panamax,Steel Products,22386.5,573.98,117.586,78.17,49.61,25.61,10950.0,829.5
2024-03-15,USA,Corpus Christi,Paradip,Panamax,Steel Products,22619.27,575.21,117.738,77.28,30.56,43.03,10950.0,829.5
2024-03-22,USA,Corpus Christi,Paradip,Panamax,Steel Products,22619.21,575.06,117.953,79.5,39.27,38.05,10950.0,829.5
2024-03-29,USA,Corpus Christi,Paradip,Panamax,Steel Products,22477.03,575.25,117.989,72.98,42.74,37.65,10950.0,829.5
2024-04-05,USA,Corpus Christi,Paradip,Panamax,Steel Products,24056.41,580.3,119.378,72.45,35.19,52.35,10950.0,829.5
2024-04-12,USA,Corpus Christi,Paradip,Panamax,Steel Products,24482.78,580.8,119.451,68.59,28.71,44.57,10950.0,829.5
2024-04-19,USA,Corpus Christi,Paradip,Panamax,Steel Products,24986.77,580.53,119.616,65.38,31.89,38.17,10950.0,829.5
2024-04-26,USA,Corpus Christi,Paradip,Panamax,Steel Products,26382.55,582.32,119.809,49.36,25.13,47.01,10950.0,829.5
2024-05-03,USA,Corpus Christi,Paradip,Panamax,Steel Products,27361.28,577.86,118.651,51.93,29.06,36.82,10950.0,829.5
2024-05-10,USA,Corpus Christi,Paradip,Panamax,Steel Products,26593.23,577.33,118.872,37.65,19.47,44.43,10950.0,829.5
2024-05-17,USA,Corpus Christi,Paradip,Panamax,Steel Products,26763.36,576.78,119.112,32.87,10.74,51.83,10950.0,829.5
2024-05-24,USA,Corpus Christi,Paradip,Panamax,Steel Products,26875.19,577.82,119.319,39.11,19.17,50.69,10950.0,829.5
2024-05-31,USA,Corpus Christi,Paradip,Panamax,Steel Products,26165.79,577.43,119.443,42.46,23.53,38.25,10950.0,829.5
2024-06-07,USA,Corpus Christi,Paradip,Panamax,Steel Products,24717.25,566.46,116.203,55.51,22.15,31.72,10950.0,829.5
2024-06-14,USA,Corpus Christi,Paradip,Panamax,Steel Products,25017.33,566.7,116.424,64.95,40.81,34.24,10950.0,829.5
2024-06-21,USA,Corpus Christi,Paradip,Panamax,Steel Products,23972.5,566.87,116.559,52.23,39.07,44.3,10950.0,829.5
2024-06-28,USA,Corpus Christi,Paradip,Panamax,Steel Products,24620.26,567.45,116.755,49.71,22.77,30.49,10950.0,829.5
2024-07-05,USA,Corpus Christi,Paradip,Panamax,Steel Products,22668.63,551.08,112.143,51.76,33.79,37.72,10950.0,829.5
2024-07-12,USA,Corpus Christi,Paradip,Panamax,Steel Products,23162.7,551.81,112.386,61.6,33.53,35.28,10950.0,829.5
2024-07-19,USA,Corpus Christi,Paradip,Panamax,Steel Products,23185.83,552.63,112.618,78.16,47.83,25.48,10950.0,829.5
2024-07-26,USA,Corpus Christi,Paradip,Panamax,Steel Products,23298.55,553.89,112.737,75.59,43.57,34.79,10950.0,829.5
2024-08-02,USA,Corpus Christi,Paradip,Panamax,Steel Products,21737.6,537.93,108.097,84.44,41.84,35.86,10950.0,829.5
2024-08-09,USA,Corpus Christi,Paradip,Panamax,Steel Products,21685.49,538.93,108.291,76.49,45.55,44.61,10950.0,829.5
2024-08-16,USA,Corpus Christi,Paradip,Panamax,Steel Products,21141.11,538.68,108.429,87.09,29.07,41.44,10950.0,829.5
2024-08-23,USA,Corpus Christi,Paradip,Panamax,Steel Products,21285.38,538.21,108.63,87.03,28.33,36.42,10950.0,829.5
2024-08-30,USA,Corpus Christi,Paradip,Panamax,Steel Products,21477.06,538.54,108.875,81.28,38.17,42.78,10950.0,829.5
2024-09-06,USA,Corpus Christi,Paradip,Panamax,Steel Products,22239.19,526.33,105.496,85.85,48.49,46.83,10950.0,829.5
2024-09-13,USA,Corpus Christi,Paradip,Panamax,Steel Products,22138.43,526.75,105.559,65.92,32.9,55.45,10950.0,829.5
2024-09-20,USA,Corpus Christi,Paradip,Panamax,Steel Products,21786.98,527.35,105.712,80.98,43.22,34.84,10950.0,829.5
2024-09-27,USA,Corpus Christi,Paradip,Panamax,Steel Products,21506.36,528.52,105.961,82.54,27.5,34.39,10950.0,829.5
2024-10-04,USA,Corpus Christi,Paradip,Panamax,Steel Products,22650.48,525.36,104.828,69.75,30.13,38.0,10950.0,829.5
2024-10-11,USA,Corpus Christi,Paradip,Panamax,Steel Products,22475.11,525.17,104.937,64.49,31.84,37.44,10950.0,829.5
2024-10-18,USA,Corpus Christi,Paradip,Panamax,Steel Products,22390.96,524.63,105.099,52.38,23.84,45.18,10950.0,829.5
2024-10-25,USA,Corpus Christi,Paradip,Panamax,Steel Products,23035.33,524.91,105.193,42.79,17.37,47.11,10950.0,829.5
2024-11-01,USA,Corpus Christi,Paradip,Panamax,Steel Products,24267.25,530.26,106.64,37.03,31.76,43.6,10950.0,829.5
2024-11-08,USA,Corpus Christi,Paradip,Panamax,Steel Products,23823.15,531.01,106.817,40.37,13.07,33.18,10950.0,829.5
2024-11-15,USA,Corpus Christi,Paradip,Panamax,Steel Products,22476.06,531.08,107.0,66.4,22.51,38.46,10950.0,829.5
2024-11-22,USA,Corpus Christi,Paradip,Panamax,Steel Products,23413.04,531.54,107.099,58.02,31.67,43.45,10950.0,829.5
2024-11-29,USA,Corpus Christi,Paradip,Panamax,Steel Products,22619.84,531.3,107.256,45.86,23.97,42.79,10950.0,829.5
2024-12-06,USA,Corpus Christi,Paradip,Panamax,Steel Products,21300.8,544.72,110.972,43.13,32.16,37.62,10950.0,829.5
2024-12-13,USA,Corpus Christi,Paradip,Panamax,Steel Products,21984.72,545.5,111.069,45.37,25.99,42.27,10950.0,829.5
2024-12-20,USA,Corpus Christi,Paradip,Panamax,Steel Products,21917.5,545.41,111.28,50.2,28.55,40.36,10950.0,829.5
2024-12-27,USA,Corpus Christi,Paradip,Panamax,Steel Products,21867.29,545.35,111.403,52.97,23.8,37.07,10950.0,829.5
2025-01-03,USA,Corpus Christi,Paradip,Panamax,Steel Products,20532.91,562.67,116.466,48.58,22.52,35.25,10950.0,829.5
2025-01-10,USA,Corpus Christi,Paradip,Panamax,Steel Products,20196.94,564.21,116.576,61.21,29.25,32.4,10950.0,829.5
2025-01-17,USA,Corpus Christi,Paradip,Panamax,Steel Products,20597.86,564.36,116.642,67.11,43.36,35.35,10950.0,829.5
2025-01-24,USA,Corpus Christi,Paradip,Panamax,Steel Products,20712.43,564.76,116.896,63.1,42.12,36.2,10950.0,829.5
2025-01-31,USA,Corpus Christi,Paradip,Panamax,Steel Products,19745.48,564.98,117.171,60.21,22.92,27.48,10950.0,829.5
2025-02-07,USA,Corpus Christi,Paradip,Panamax,Steel Products,19811.98,582.12,122.351,38.91,26.49,36.43,10950.0,829.5
2025-02-14,USA,Corpus Christi,Paradip,Panamax,Steel Products,19596.25,582.6,122.541,60.38,16.09,37.25,10950.0,829.5
2025-02-21,USA,Corpus Christi,Paradip,Panamax,Steel Products,19125.19,582.52,122.748,46.65,23.01,35.31,10950.0,829.5
2025-02-28,USA,Corpus Christi,Paradip,Panamax,Steel Products,20082.78,583.03,122.945,38.61,25.73,37.68,10950.0,829.5
2025-03-07,USA,Corpus Christi,Paradip,Panamax,Steel Products,20948.66,595.82,126.87,33.03,13.22,45.79,10950.0,829.5
2025-03-14,USA,Corpus Christi,Paradip,Panamax,Steel Products,21788.09,596.01,127.049,34.03,26.36,46.73,10950.0,829.5
2025-03-21,USA,Corpus Christi,Paradip,Panamax,Steel Products,21884.08,597.42,127.153,30.87,29.98,36.13,10950.0,829.5
2025-03-28,USA,Corpus Christi,Paradip,Panamax,Steel Products,21338.32,598.46,127.253,30.97,23.92,39.06,10950.0,829.5
2025-04-04,USA,Corpus Christi,Paradip,Panamax,Steel Products,22019.28,602.6,128.664,32.0,28.06,39.16,10950.0,829.5
2025-04-11,USA,Corpus Christi,Paradip,Panamax,Steel Products,21416.03,602.95,128.854,42.17,23.5,42.09,10950.0,829.5
2025-04-18,USA,Corpus Christi,Paradip,Panamax,Steel Products,22095.66,603.34,128.987,38.45,15.14,60.25,10950.0,829.5
2025-04-25,USA,Corpus Christi,Paradip,Panamax,Steel Products,23885.1,604.73,129.167,43.58,28.13,39.83,10950.0,829.5
2025-05-02,USA,Corpus Christi,Paradip,Panamax,Steel Products,24868.41,601.49,127.919,48.49,31.4,30.18,10950.0,829.5
2025-05-09,USA,Corpus Christi,Paradip,Panamax,Steel Products,24750.58,601.84,128.075,55.3,31.71,42.36,10950.0,829.5
2025-05-16,USA,Corpus Christi,Paradip,Panamax,Steel Products,24542.08,602.97,128.335,48.6,29.13,43.84,10950.0,829.5
2025-05-23,USA,Corpus Christi,Paradip,Panamax,Steel Products,24840.07,603.92,128.527,38.84,22.33,39.14,10950.0,829.5
2025-05-30,USA,Corpus Christi,Paradip,Panamax,Steel Products,24758.84,604.3,128.698,48.14,27.9,41.27,10950.0,829.5
2025-06-06,USA,Corpus Christi,Paradip,Panamax,Steel Products,22987.92,592.35,125.199,55.76,20.44,43.5,10950.0,829.5
2025-06-13,USA,Corpus Christi,Paradip,Panamax,Steel Products,24109.71,593.53,125.294,74.75,49.9,43.61,10950.0,829.5
2025-06-20,USA,Corpus Christi,Paradip,Panamax,Steel Products,24402.78,595.44,125.535,79.48,44.6,23.87,10950.0,829.5
2025-06-27,USA,Corpus Christi,Paradip,Panamax,Steel Products,25000.43,596.43,125.688,72.42,43.71,30.5,10950.0,829.5
2025-07-04,USA,Corpus Christi,Paradip,Panamax,Steel Products,22686.16,580.39,120.7,80.69,47.06,25.89,10950.0,829.5
2025-07-11,USA,Corpus Christi,Paradip,Panamax,Steel Products,22353.08,580.91,120.842,71.39,40.59,28.1,10950.0,829.5
2025-07-18,USA,Corpus Christi,Paradip,Panamax,Steel Products,21897.54,580.77,121.048,70.04,32.86,37.55,10950.0,829.5
2025-07-25,USA,Corpus Christi,Paradip,Panamax,Steel Products,21462.7,580.35,121.223,77.77,24.08,33.11,10950.0,829.5
2025-08-01,USA,Corpus Christi,Paradip,Panamax,Steel Products,21533.73,563.36,116.239,84.28,40.73,31.66,10950.0,829.5
2025-08-08,USA,Corpus Christi,Paradip,Panamax,Steel Products,21338.52,564.22,116.402,84.26,47.88,44.96,10950.0,829.5
2025-08-15,USA,Corpus Christi,Paradip,Panamax,Steel Products,21541.17,563.54,116.552,76.16,32.29,39.03,10950.0,829.5
2025-08-22,USA,Corpus Christi,Paradip,Panamax,Steel Products,21069.16,563.04,116.689,68.31,30.98,30.46,10950.0,829.5
2025-08-29,USA,Corpus Christi,Paradip,Panamax,Steel Products,21375.31,563.86,116.796,69.45,35.57,42.45,10950.0,829.5
2025-09-05,USA,Corpus Christi,Paradip,Panamax,Steel Products,22134.66,551.41,113.114,69.37,33.1,48.94,10950.0,829.5
2025-09-12,USA,Corpus Christi,Paradip,Panamax,Steel Products,21934.45,551.52,113.273,80.56,45.36,41.11,10950.0,829.5
2025-09-19,USA,Corpus Christi,Paradip,Panamax,Steel Products,21032.7,551.47,113.419,81.91,42.27,41.06,10950.0,829.5
2025-09-26,USA,Corpus Christi,Paradip,Panamax,Steel Products,21405.02,551.78,113.621,73.87,43.84,40.65,10950.0,829.5
2025-10-03,USA,Corpus Christi,Paradip,Panamax,Steel Products,22083.99,547.61,112.37,74.14,38.38,37.1,10950.0,829.5
2025-10-10,USA,Corpus Christi,Paradip,Panamax,Steel Products,24247.52,548.11,112.523,65.06,38.38,34.33,10950.0,829.5
2025-10-17,USA,Corpus Christi,Paradip,Panamax,Steel Products,24312.52,549.56,112.722,69.68,26.33,34.85,10950.0,829.5
2025-10-24,USA,Corpus Christi,Paradip,Panamax,Steel Products,24021.54,549.07,112.875,65.78,32.53,34.97,10950.0,829.5
2025-10-31,USA,Corpus Christi,Paradip,Panamax,Steel Products,24812.94,551.01,113.111,52.48,29.48,31.91,10950.0,829.5
2025-11-07,USA,Corpus Christi,Paradip,Panamax,Steel Products,25363.42,555.99,114.727,49.9,19.33,43.55,10950.0,829.5
2025-11-14,USA,Corpus Christi,Paradip,Panamax,Steel Products,25030.23,556.79,114.869,41.35,30.47,38.03,10950.0,829.5
2025-11-21,USA,Corpus Christi,Paradip,Panamax,Steel Products,24178.01,557.25,115.01,54.49,41.44,32.28,10950.0,829.5
2025-11-28,USA,Corpus Christi,Paradip,Panamax,Steel Products,22856.33,557.34,115.167,44.36,16.38,46.24,10950.0,829.5
2025-12-05,USA,Corpus Christi,Paradip,Panamax,Steel Products,23351.12,570.38,119.179,39.72,30.55,39.34,10950.0,829.5
2025-12-12,USA,Corpus Christi,Paradip,Panamax,Steel Products,22627.57,569.95,119.268,52.4,34.67,43.94,10950.0,829.5
2025-12-19,USA,Corpus Christi,Paradip,Panamax,Steel Products,22793.59,571.27,119.494,61.21,20.38,32.65,10950.0,829.5
2025-12-26,USA,Corpus Christi,Paradip,Panamax,Steel Products,23193.84,571.74,119.623,49.08,7.96,41.1,10950.0,829.5
2026-01-02,USA,Corpus Christi,Paradip,Panamax,Steel Products,21128.08,590.07,125.104,46.03,5.77,43.3,10950.0,829.5
2026-01-09,USA,Corpus Christi,Paradip,Panamax,Steel Products,21296.93,590.75,125.166,28.02,23.8,31.57,10950.0,829.5
2026-01-16,USA,Corpus Christi,Paradip,Panamax,Steel Products,20445.96,592.22,125.356,37.56,25.87,30.62,10950.0,829.5
2026-01-23,USA,Corpus Christi,Paradip,Panamax,Steel Products,20102.29,592.95,125.509,32.53,6.2,35.17,10950.0,829.5
2026-01-30,USA,Corpus Christi,Paradip,Panamax,Steel Products,20127.86,593.53,125.692,53.41,35.85,32.85,10950.0,829.5
2026-02-06,USA,Corpus Christi,Paradip,Panamax,Steel Products,18982.96,611.69,131.166,49.19,29.56,43.82,10950.0,829.5
2026-02-13,USA,Corpus Christi,Paradip,Panamax,Steel Products,18340.3,611.21,131.281,44.8,32.99,35.71,10950.0,829.5
2026-02-20,USA,Corpus Christi,Paradip,Panamax,Steel Products,19048.72,612.26,131.417,34.55,22.67,38.51,10950.0,829.5
2026-02-27,USA,Corpus Christi,Paradip,Panamax,Steel Products,17828.81,612.34,131.637,47.78,23.39,43.91,10950.0,829.5
2026-03-06,USA,Corpus Christi,Paradip,Panamax,Steel Products,18326.98,624.88,135.723,47.57,24.46,44.63,10950.0,829.5
2026-03-13,USA,Corpus Christi,Paradip,Panamax,Steel Products,17800.33,623.93,135.977,53.08,29.78,36.72,10950.0,829.5
2026-03-20,USA,Corpus Christi,Paradip,Panamax,Steel Products,18512.35,623.76,136.192,40.26,28.2,38.75,10950.0,829.5
2026-03-27,USA,Corpus Christi,Paradip,Panamax,Steel Products,19334.89,624.36,136.404,42.86,29.02,53.58,10950.0,829.5
2026-04-03,USA,Corpus Christi,Paradip,Panamax,Steel Products,19654.69,630.3,138.054,52.38,13.52,47.23,10950.0,829.5
2026-04-10,USA,Corpus Christi,Paradip,Panamax,Steel Products,20093.49,630.93,138.323,59.54,21.39,36.02,10950.0,829.5
2026-04-17,USA,Corpus Christi,Paradip,Panamax,Steel Products,20316.72,630.89,138.427,56.48,13.24,43.76,10950.0,829.5
2026-04-24,USA,Corpus Christi,Paradip,Panamax,Steel Products,20879.8,631.84,138.581,58.2,32.97,33.06,10950.0,829.5
2026-05-01,USA,Corpus Christi,Paradip,Panamax,Steel Products,22111.81,627.4,137.284,69.06,36.24,40.04,10950.0,829.5
2026-05-08,USA,Corpus Christi,Paradip,Panamax,Steel Products,22470.36,628.03,137.541,62.57,30.25,44.97,10950.0,829.5
2026-05-15,USA,Corpus Christi,Paradip,Panamax,Steel Products,23344.54,628.03,137.663,60.44,37.05,35.14,10950.0,829.5
2026-05-22,USA,Corpus Christi,Paradip,Panamax,Steel Products,23592.79,628.23,137.866,59.35,40.05,52.56,10950.0,829.5
2026-05-29,USA,Corpus Christi,Paradip,Panamax,Steel Products,24228.11,629.73,138.111,61.77,34.72,40.68,10950.0,829.5
2026-06-05,USA,Corpus Christi,Paradip,Panamax,Steel Products,22814.7,617.53,134.352,67.32,32.99,43.13,10950.0,829.5
2026-06-12,USA,Corpus Christi,Paradip,Panamax,Steel Products,23187.3,618.21,134.51,63.99,43.12,22.72,10950.0,829.5
2026-06-19,USA,Corpus Christi,Paradip,Panamax,Steel Products,22462.07,618.08,134.752,81.73,38.59,35.67,10950.0,829.5
2026-06-26,USA,Corpus Christi,Paradip,Panamax,Steel Products,21558.1,618.4,135.023,79.49,36.88,42.06,10950.0,829.5
2026-07-03,USA,Corpus Christi,Paradip,Panamax,Steel Products,21294.56,601.57,129.684,69.32,35.95,30.51,10950.0,829.5
2026-07-10,USA,Corpus Christi,Paradip,Panamax,Steel Products,20577.23,601.02,129.969,68.39,33.93,40.25,10950.0,829.5
2026-07-17,USA,Corpus Christi,Paradip,Panamax,Steel Products,20418.35,601.11,130.204,76.77,39.77,32.55,10950.0,829.5
2026-07-24,USA,Corpus Christi,Paradip,Panamax,Steel Products,20141.44,602.42,130.401,85.75,38.54,46.52,10950.0,829.5
2026-07-31,USA,Corpus Christi,Paradip,Panamax,Steel Products,19808.64,602.02,130.602,70.94,42.45,34.25,10950.0,829.5
2026-08-07,USA,Corpus Christi,Paradip,Panamax,Steel Products,20888.65,584.19,125.218,77.26,27.95,34.88,10950.0,829.5
2026-08-14,USA,Corpus Christi,Paradip,Panamax,Steel Products,21977.48,584.71,125.37,49.27,26.1,39.5,10950.0,829.5
2026-08-21,USA,Corpus Christi,Paradip,Panamax,Steel Products,22154.96,585.47,125.56,58.79,36.78,34.74,10950.0,829.5
2026-08-28,USA,Corpus Christi,Paradip,Panamax,Steel Products,23144.74,585.48,125.753,70.39,36.53,34.27,10950.0,829.5
2026-09-04,USA,Corpus Christi,Paradip,Panamax,Steel Products,23588.87,572.21,121.815,71.4,29.0,42.8,10950.0,829.5
2026-09-11,USA,Corpus Christi,Paradip,Panamax,Steel Products,23711.54,571.78,122.068,78.14,34.21,46.12,10950.0,829.5
2026-09-18,USA,Corpus Christi,Paradip,Panamax,Steel Products,24141.64,572.1,122.256,78.98,33.45,47.69,10950.0,829.5
2026-09-25,USA,Corpus Christi,Paradip,Panamax,Steel Products,24066.14,572.51,122.483,72.57,44.38,34.26,10950.0,829.5
2023-01-06,Australia,Dampier,Gopalpur,Supramax,Limestone,13069.95,519.44,99.953,66.0,21.24,41.07,5180.0,392.4
2023-01-13,Australia,Dampier,Gopalpur,Supramax,Limestone,12737.63,520.28,100.181,63.32,27.41,29.44,5180.0,392.4
2023-01-20,Australia,Dampier,Gopalpur,Supramax,Limestone,12247.7,521.33,100.291,63.96,21.44,38.98,5180.0,392.4
2023-01-27,Australia,Dampier,Gopalpur,Supramax,Limestone,12274.9,521.82,100.457,63.18,18.7,37.17,5180.0,392.4
2023-02-03,Australia,Dampier,Gopalpur,Supramax,Limestone,12379.65,537.32,104.842,66.93,21.22,30.9,5180.0,392.4
2023-02-10,Australia,Dampier,Gopalpur,Supramax,Limestone,12049.18,538.13,104.936,65.05,26.82,46.64,5180.0,392.4
2023-02-17,Australia,Dampier,Gopalpur,Supramax,Limestone,12130.24,538.09,105.124,64.08,15.1,40.96,5180.0,392.4
2023-02-24,Australia,Dampier,Gopalpur,Supramax,Limestone,12727.76,537.62,105.273,66.7,10.33,38.4,5180.0,392.4
2023-03-03,Australia,Dampier,Gopalpur,Supramax,Limestone,13548.21,550.04,108.663,78.61,26.6,51.2,5180.0,392.4
2023-03-10,Australia,Dampier,Gopalpur,Supramax,Limestone,13502.27,550.18,108.807,71.61,19.42,37.13,5180.0,392.4
2023-03-17,Australia,Dampier,Gopalpur,Supramax,Limestone,14125.55,550.8,108.961,67.55,23.22,43.67,5180.0,392.4
2023-03-24,Australia,Dampier,Gopalpur,Supramax,Limestone,13911.89,551.13,109.087,66.71,29.59,37.86,5180.0,392.4
2023-03-31,Australia,Dampier,Gopalpur,Supramax,Limestone,13714.49,551.86,109.273,60.72,3.36,47.2,5180.0,392.4
2023-04-07,Australia,Dampier,Gopalpur,Supramax,Limestone,14665.31,556.7,110.633,67.03,22.56,38.69,5180.0,392.4
2023-04-14,Australia,Dampier,Gopalpur,Supramax,Limestone,15134.25,557.28,110.782,76.37,27.75,43.95,5180.0,392.4
2023-04-21,Australia,Dampier,Gopalpur,Supramax,Limestone,15090.67,557.72,110.927,81.8,39.68,47.62,5180.0,392.4
2023-04-28,Australia,Dampier,Gopalpur,Supramax,Limestone,14851.18,557.74,111.121,86.03,22.93,32.41,5180.0,392.4
2023-05-05,Australia,Dampier,Gopalpur,Supramax,Limestone,15028.68,554.54,110.187,94.99,39.5,35.86,5180.0,392.4
2023-05-12,Australia,Dampier,Gopalpur,Supramax,Limestone,14098.43,555.82,110.331,82.03,36.4,38.82,5180.0,392.4
2023-05-19,Australia,Dampier,Gopalpur,Supramax,Limestone,13794.06,556.04,110.489,92.19,24.15,44.39,5180.0,392.4
2023-05-26,Australia,Dampier,Gopalpur,Supramax,Limestone,14290.82,556.56,110.636,86.71,38.32,36.47,5180.0,392.4
2023-06-02,Australia,Dampier,Gopalpur,Supramax,Limestone,14474.26,545.41,107.547,93.92,42.35,34.22,5180.0,392.4
2023-06-09,Australia,Dampier,Gopalpur,Supramax,Limestone,14364.35,545.93,107.673,81.34,33.51,43.69,5180.0,392.4
2023-06-16,Australia,Dampier,Gopalpur,Supramax,Limestone,15010.89,545.73,107.857,80.16,17.78,55.61,5180.0,392.4
2023-06-23,Australia,Dampier,Gopalpur,Supramax,Limestone,15449.8,546.48,108.051,82.53,16.34,37.8,5180.0,392.4
2023-06-30,Australia,Dampier,Gopalpur,Supramax,Limestone,15377.31,546.8,108.217,87.62,32.87,27.43,5180.0,392.4
2023-07-07,Australia,Dampier,Gopalpur,Supramax,Limestone,13791.32,532.29,103.935,91.75,41.55,31.25,5180.0,392.4
2023-07-14,Australia,Dampier,Gopalpur,Supramax,Limestone,13503.5,533.63,104.072,93.24,22.6,44.93,5180.0,392.4
2023-07-21,Australia,Dampier,Gopalpur,Supramax,Limestone,13889.27,533.88,104.234,79.12,32.53,30.76,5180.0,392.4
2023-07-28,Australia,Dampier,Gopalpur,Supramax,Limestone,13090.85,534.23,104.435,81.25,30.41,33.47,5180.0,392.4
2023-08-04,Australia,Dampier,Gopalpur,Supramax,Limestone,12363.06,519.06,100.091,86.27,25.08,35.05,5180.0,392.4
2023-08-11,Australia,Dampier,Gopalpur,Supramax,Limestone,12167.76,519.47,100.282,91.64,28.91,42.86,5180.0,392.4
2023-08-18,Australia,Dampier,Gopalpur,Supramax,Limestone,12434.54,520.39,100.464,99.0,38.75,35.77,5180.0,392.4
2023-08-25,Australia,Dampier,Gopalpur,Supramax,Limestone,12156.81,520.38,100.59,99.0,30.5,32.42,5180.0,392.4
2023-09-01,Australia,Dampier,Gopalpur,Supramax,Limestone,12019.04,509.19,97.473,98.12,43.83,36.7,5180.0,392.4
2023-09-08,Australia,Dampier,Gopalpur,Supramax,Limestone,11526.41,510.0,97.607,95.75,51.32,40.68,5180.0,392.4
2023-09-15,Australia,Dampier,Gopalpur,Supramax,Limestone,10637.55,510.38,97.757,96.21,32.43,34.07,5180.0,392.4
2023-09-22,Australia,Dampier,Gopalpur,Supramax,Limestone,10906.46,510.84,97.906,88.33,34.24,42.22,5180.0,392.4
2023-09-29,Australia,Dampier,Gopalpur,Supramax,Limestone,10458.04,511.63,98.025,90.55,25.84,41.72,5180.0,392.4
2023-10-06,Australia,Dampier,Gopalpur,Supramax,Limestone,10616.75,508.2,97.005,83.71,14.82,42.08,5180.0,392.4
2023-10-13,Australia,Dampier,Gopalpur,Supramax,Limestone,10692.03,508.88,97.232,91.33,20.2,39.4,5180.0,392.4
2023-10-20,Australia,Dampier,Gopalpur,Supramax,Limestone,11646.88,509.12,97.428,98.94,38.91,37.24,5180.0,392.4
2023-10-27,Australia,Dampier,Gopalpur,Supramax,Limestone,12360.43,509.52,97.6,99.0,41.14,42.29,5180.0,392.4
2023-11-03,Australia,Dampier,Gopalpur,Supramax,Limestone,13489.11,514.1,98.945,97.65,32.93,32.99,5180.0,392.4
2023-11-10,Australia,Dampier,Gopalpur,Supramax,Limestone,13424.74,514.58,99.043,99.0,36.51,42.85,5180.0,392.4
2023-11-17,Australia,Dampier,Gopalpur,Supramax,Limestone,13149.84,515.08,99.222,98.45,38.49,32.63,5180.0,392.4
2023-11-24,Australia,Dampier,Gopalpur,Supramax,Limestone,12693.14,514.17,99.396,89.58,31.2,47.06,5180.0,392.4
2023-12-01,Australia,Dampier,Gopalpur,Supramax,Limestone,12015.22,527.15,102.902,68.9,19.49,45.74,5180.0,392.4
2023-12-08,Australia,Dampier,Gopalpur,Supramax,Limestone,11883.5,527.21,103.013,69.72,21.21,41.06,5180.0,392.4
2023-12-15,Australia,Dampier,Gopalpur,Supramax,Limestone,11964.55,527.02,103.146,82.55,29.17,35.87,5180.0,392.4
2023-12-22,Australia,Dampier,Gopalpur,Supramax,Limestone,12484.34,527.39,103.305,94.27,40.63,36.81,5180.0,392.4
2023-12-29,Australia,Dampier,Gopalpur,Supramax,Limestone,12516.58,527.45,103.441,97.44,37.93,37.22,5180.0,392.4
2024-01-05,Australia,Dampier,Gopalpur,Supramax,Limestone,12022.56,544.11,108.183,89.5,40.84,38.36,5180.0,392.4
2024-01-12,Australia,Dampier,Gopalpur,Supramax,Limestone,11975.72,544.23,108.39,92.03,32.23,36.41,5180.0,392.4
2024-01-19,Australia,Dampier,Gopalpur,Supramax,Limestone,11624.62,544.9,108.553,86.94,38.21,36.04,5180.0,392.4
2024-01-26,Australia,Dampier,Gopalpur,Supramax,Limestone,11318.46,545.86,108.66,91.15,32.41,33.97,5180.0,392.4
2024-02-02,Australia,Dampier,Gopalpur,Supramax,Limestone,11626.98,560.88,113.443,82.91,34.27,33.5,5180.0,392.4
2024-02-09,Australia,Dampier,Gopalpur,Supramax,Limestone,12463.3,561.27,113.508,78.27,33.93,39.0,5180.0,392.4
2024-02-16,Australia,Dampier,Gopalpur,Supramax,Limestone,12081.7,561.54,113.732,87.43,34.23,47.51,5180.0,392.4
2024-02-23,Australia,Dampier,Gopalpur,Supramax,Limestone,12017.04,561.47,113.906,81.09,32.22,29.19,5180.0,392.4
2024-03-01,Australia,Dampier,Gopalpur,Supramax,Limestone,12628.94,573.69,117.508,80.31,24.49,40.89,5180.0,392.4
2024-03-08,Australia,Dampier,Gopalpur,Supramax,Limestone,12854.7,573.98,117.586,75.95,30.02,25.61,5180.0,392.4
2024-03-15,Australia,Dampier,Gopalpur,Supramax,Limestone,12614.14,575.21,117.738,80.97,24.13,43.03,5180.0,392.4
2024-03-22,Australia,Dampier,Gopalpur,Supramax,Limestone,12867.69,575.06,117.953,84.03,28.66,38.05,5180.0,392.4
2024-03-29,Australia,Dampier,Gopalpur,Supramax,Limestone,12672.13,575.25,117.989,87.56,12.64,37.65,5180.0,392.4
2024-04-05,Australia,Dampier,Gopalpur,Supramax,Limestone,13843.83,580.3,119.378,90.88,29.52,52.35,5180.0,392.4
2024-04-12,Australia,Dampier,Gopalpur,Supramax,Limestone,14187.79,580.8,119.451,96.93,33.14,44.57,5180.0,392.4
2024-04-19,Australia,Dampier,Gopalpur,Supramax,Limestone,13887.47,580.53,119.616,99.0,37.44,38.17,5180.0,392.4
2024-04-26,Australia,Dampier,Gopalpur,Supramax,Limestone,14251.07,582.32,119.809,89.29,35.45,47.01,5180.0,392.4
2024-05-03,Australia,Dampier,Gopalpur,Supramax,Limestone,14912.26,577.86,118.651,91.48,35.85,36.82,5180.0,392.4
2024-05-10,Australia,Dampier,Gopalpur,Supramax,Limestone,14606.84,577.33,118.872,97.8,28.04,44.43,5180.0,392.4
2024-05-17,Australia,Dampier,Gopalpur,Supramax,Limestone,14189.96,576.78,119.112,94.24,50.78,51.83,5180.0,392.4
2024-05-24,Australia,Dampier,Gopalpur,Supramax,Limestone,14150.65,577.82,119.319,94.9,42.88,50.69,5180.0,392.4
2024-05-31,Australia,Dampier,Gopalpur,Supramax,Limestone,13985.77,577.43,119.443,97.99,43.98,38.25,5180.0,392.4
2024-06-07,Australia,Dampier,Gopalpur,Supramax,Limestone,13839.29,566.46,116.203,96.78,47.14,31.72,5180.0,392.4
2024-06-14,Australia,Dampier,Gopalpur,Supramax,Limestone,13077.14,566.7,116.424,87.48,25.77,34.24,5180.0,392.4
2024-06-21,Australia,Dampier,Gopalpur,Supramax,Limestone,13161.32,566.87,116.559,94.24,30.15,44.3,5180.0,392.4
2024-06-28,Australia,Dampier,Gopalpur,Supramax,Limestone,13368.05,567.45,116.755,92.46,42.79,30.49,5180.0,392.4
2024-07-05,Australia,Dampier,Gopalpur,Supramax,Limestone,11673.98,551.08,112.143,91.04,25.37,37.72,5180.0,392.4
2024-07-12,Australia,Dampier,Gopalpur,Supramax,Limestone,12109.01,551.81,112.386,75.84,30.13,35.28,5180.0,392.4
2024-07-19,Australia,Dampier,Gopalpur,Supramax,Limestone,12481.28,552.63,112.618,74.35,25.31,25.48,5180.0,392.4
2024-07-26,Australia,Dampier,Gopalpur,Supramax,Limestone,12567.91,553.89,112.737,68.28,11.03,34.79,5180.0,392.4
2024-08-02,Australia,Dampier,Gopalpur,Supramax,Limestone,12803.44,537.93,108.097,70.4,28.29,35.86,5180.0,392.4
2024-08-09,Australia,Dampier,Gopalpur,Supramax,Limestone,12695.91,538.93,108.291,81.86,42.53,44.61,5180.0,392.4
2024-08-16,Australia,Dampier,Gopalpur,Supramax,Limestone,11571.42,538.68,108.429,82.61,22.99,41.44,5180.0,392.4
2024-08-23,Australia,Dampier,Gopalpur,Supramax,Limestone,11846.54,538.21,108.63,77.66,22.24,36.42,5180.0,392.4
2024-08-30,Australia,Dampier,Gopalpur,Supramax,Limestone,12035.9,538.54,108.875,88.37,43.13,42.78,5180.0,392.4
2024-09-06,Australia,Dampier,Gopalpur,Supramax,Limestone,13010.12,526.33,105.496,74.68,14.43,46.83,5180.0,392.4
2024-09-13,Australia,Dampier,Gopalpur,Supramax,Limestone,13459.3,526.75,105.559,73.79,38.37,55.45,5180.0,392.4
2024-09-20,Australia,Dampier,Gopalpur,Supramax,Limestone,13586.76,527.35,105.712,70.37,25.7,34.84,5180.0,392.4
2024-09-27,Australia,Dampier,Gopalpur,Supramax,Limestone,13649.74,528.52,105.961,68.52,22.58,34.39,5180.0,392.4
2024-10-04,Australia,Dampier,Gopalpur,Supramax,Limestone,14429.86,525.36,104.828,65.1,20.99,38.0,5180.0,392.4
2024-10-11,Australia,Dampier,Gopalpur,Supramax,Limestone,14493.6,525.17,104.937,64.15,3.0,37.44,5180.0,392.4
2024-10-18,Australia,Dampier,Gopalpur,Supramax,Limestone,14507.36,524.63,105.099,68.99,8.86,45.18,5180.0,392.4
2024-10-25,Australia,Dampier,Gopalpur,Supramax,Limestone,13997.37,524.91,105.193,78.88,17.48,47.11,5180.0,392.4
2024-11-01,Australia,Dampier,Gopalpur,Supramax,Limestone,14764.01,530.26,106.64,80.37,31.79,43.6,5180.0,392.4
2024-11-08,Australia,Dampier,Gopalpur,Supramax,Limestone,14641.72,531.01,106.817,79.48,29.03,33.18,5180.0,392.4
2024-11-15,Australia,Dampier,Gopalpur,Supramax,Limestone,14535.0,531.08,107.0,83.14,26.21,38.46,5180.0,392.4
2024-11-22,Australia,Dampier,Gopalpur,Supramax,Limestone,13896.27,531.54,107.099,94.99,31.67,43.45,5180.0,392.4
2024-11-29,Australia,Dampier,Gopalpur,Supramax,Limestone,14027.26,531.3,107.256,83.35,34.28,42.79,5180.0,392.4
2024-12-06,Australia,Dampier,Gopalpur,Supramax,Limestone,14059.0,544.72,110.972,77.18,23.25,37.62,5180.0,392.4
2024-12-13,Australia,Dampier,Gopalpur,Supramax,Limestone,14077.82,545.5,111.069,79.12,34.92,42.27,5180.0,392.4
2024-12-20,Australia,Dampier,Gopalpur,Supramax,Limestone,13411.65,545.41,111.28,79.84,15.72,40.36,5180.0,392.4
2024-12-27,Australia,Dampier,Gopalpur,Supramax,Limestone,13091.68,545.35,111.403,74.6,35.57,37.07,5180.0,392.4
2025-01-03,Australia,Dampier,Gopalpur,Supramax,Limestone,12304.01,562.67,116.466,67.31,13.61,35.25,5180.0,392.4
2025-01-10,Australia,Dampier,Gopalpur,Supramax,Limestone,12306.67,564.21,116.576,64.8,21.82,32.4,5180.0,392.4
2025-01-17,Australia,Dampier,Gopalpur,Supramax,Limestone,12089.27,564.36,116.642,60.59,15.8,35.35,5180.0,392.4
2025-01-24,Australia,Dampier,Gopalpur,Supramax,Limestone,12637.15,564.76,116.896,65.83,16.48,36.2,5180.0,392.4
2025-01-31,Australia,Dampier,Gopalpur,Supramax,Limestone,12985.93,564.98,117.171,69.38,28.95,27.48,5180.0,392.4
2025-02-07,Australia,Dampier,Gopalpur,Supramax,Limestone,13361.49,582.12,122.351,71.15,34.27,36.43,5180.0,392.4
2025-02-14,Australia,Dampier,Gopalpur,Supramax,Limestone,12932.51,582.6,122.541,84.51,23.27,37.25,5180.0,392.4
2025-02-21,Australia,Dampier,Gopalpur,Supramax,Limestone,12924.09,582.52,122.748,82.86,27.47,35.31,5180.0,392.4
2025-02-28,Australia,Dampier,Gopalpur,Supramax,Limestone,12340.6,583.03,122.945,88.44,29.04,37.68,5180.0,392.4
2025-03-07,Australia,Dampier,Gopalpur,Supramax,Limestone,12680.61,595.82,126.87,88.51,29.08,45.79,5180.0,392.4
2025-03-14,Australia,Dampier,Gopalpur,Supramax,Limestone,12944.72,596.01,127.049,88.9,37.05,46.73,5180.0,392.4
2025-03-21,Australia,Dampier,Gopalpur,Supramax,Limestone,13000.64,597.42,127.153,85.85,41.67,36.13,5180.0,392.4
2025-03-28,Australia,Dampier,Gopalpur,Supramax,Limestone,12868.09,598.46,127.253,93.13,35.98,39.06,5180.0,392.4
2025-04-04,Australia,Dampier,Gopalpur,Supramax,Limestone,13807.32,602.6,128.664,99.0,28.54,39.16,5180.0,392.4
2025-04-11,Australia,Dampier,Gopalpur,Supramax,Limestone,14442.83,602.95,128.854,86.61,35.46,42.09,5180.0,392.4
2025-04-18,Australia,Dampier,Gopalpur,Supramax,Limestone,14251.57,603.34,128.987,85.55,27.25,60.25,5180.0,392.4
2025-04-25,Australia,Dampier,Gopalpur,Supramax,Limestone,14099.97,604.73,129.167,99.0,33.13,39.83,5180.0,392.4
2025-05-02,Australia,Dampier,Gopalpur,Supramax,Limestone,14799.2,601.49,127.919,98.65,25.22,30.18,5180.0,392.4
2025-05-09,Australia,Dampier,Gopalpur,Supramax,Limestone,15144.13,601.84,128.075,92.46,33.23,42.36,5180.0,392.4
2025-05-16,Australia,Dampier,Gopalpur,Supramax,Limestone,15188.48,602.97,128.335,94.17,38.3,43.84,5180.0,392.4
2025-05-23,Australia,Dampier,Gopalpur,Supramax,Limestone,14696.09,603.92,128.527,91.04,39.89,39.14,5180.0,392.4
2025-05-30,Australia,Dampier,Gopalpur,Supramax,Limestone,14671.8,604.3,128.698,92.89,19.58,41.27,5180.0,392.4
2025-06-06,Australia,Dampier,Gopalpur,Supramax,Limestone,14264.76,592.35,125.199,99.0,35.89,43.5,5180.0,392.4
2025-06-13,Australia,Dampier,Gopalpur,Supramax,Limestone,13777.4,593.53,125.294,99.0,41.41,43.61,5180.0,392.4
2025-06-20,Australia,Dampier,Gopalpur,Supramax,Limestone,13376.85,595.44,125.535,99.0,30.28,23.87,5180.0,392.4
2025-06-27,Australia,Dampier,Gopalpur,Supramax,Limestone,13484.95,596.43,125.688,99.0,37.27,30.5,5180.0,392.4
2025-07-04,Australia,Dampier,Gopalpur,Supramax,Limestone,11690.32,580.39,120.7,93.21,31.08,25.89,5180.0,392.4
2025-07-11,Australia,Dampier,Gopalpur,Supramax,Limestone,11880.15,580.91,120.842,94.58,26.53,28.1,5180.0,392.4
2025-07-18,Australia,Dampier,Gopalpur,Supramax,Limestone,11883.32,580.77,121.048,90.91,25.45,37.55,5180.0,392.4
2025-07-25,Australia,Dampier,Gopalpur,Supramax,Limestone,12039.99,580.35,121.223,96.17,38.4,33.11,5180.0,392.4
2025-08-01,Australia,Dampier,Gopalpur,Supramax,Limestone,11946.38,563.36,116.239,96.32,28.47,31.66,5180.0,392.4
2025-08-08,Australia,Dampier,Gopalpur,Supramax,Limestone,12395.26,564.22,116.402,98.98,43.83,44.96,5180.0,392.4
2025-08-15,Australia,Dampier,Gopalpur,Supramax,Limestone,12699.35,563.54,116.552,92.22,25.95,39.03,5180.0,392.4
2025-08-22,Australia,Dampier,Gopalpur,Supramax,Limestone,12568.02,563.04,116.689,84.43,25.19,30.46,5180.0,392.4
2025-08-29,Australia,Dampier,Gopalpur,Supramax,Limestone,12704.17,563.86,116.796,90.64,35.2,42.45,5180.0,392.4
2025-09-05,Australia,Dampier,Gopalpur,Supramax,Limestone,13577.32,551.41,113.114,86.85,34.7,48.94,5180.0,392.4
2025-09-12,Australia,Dampier,Gopalpur,Supramax,Limestone,13313.57,551.52,113.273,80.39,17.31,41.11,5180.0,392.4
2025-09-19,Australia,Dampier,Gopalpur,Supramax,Limestone,13654.18,551.47,113.419,80.31,25.03,41.06,5180.0,392.4
2025-09-26,Australia,Dampier,Gopalpur,Supramax,Limestone,13832.25,551.78,113.621,77.56,19.15,40.65,5180.0,392.4
2025-10-03,Australia,Dampier,Gopalpur,Supramax,Limestone,13994.85,547.61,112.37,62.61,26.69,37.1,5180.0,392.4
2025-10-10,Australia,Dampier,Gopalpur,Supramax,Limestone,14313.5,548.11,112.523,60.19,19.66,34.33,5180.0,392.4
2025-10-17,Australia,Dampier,Gopalpur,Supramax,Limestone,14403.83,549.56,112.722,65.39,16.15,34.85,5180.0,392.4
2025-10-24,Australia,Dampier,Gopalpur,Supramax,Limestone,13554.33,549.07,112.875,71.62,15.18,34.97,5180.0,392.4
2025-10-31,Australia,Dampier,Gopalpur,Supramax,Limestone,13061.27,551.01,113.111,81.78,28.69,31.91,5180.0,392.4
2025-11-07,Australia,Dampier,Gopalpur,Supramax,Limestone,13808.6,555.99,114.727,84.15,36.3,43.55,5180.0,392.4
2025-11-14,Australia,Dampier,Gopalpur,Supramax,Limestone,12953.8,556.79,114.869,86.41,22.69,38.03,5180.0,392.4
2025-11-21,Australia,Dampier,Gopalpur,Supramax,Limestone,13374.17,557.25,115.01,91.28,31.45,32.28,5180.0,392.4
2025-11-28,Australia,Dampier,Gopalpur,Supramax,Limestone,13841.22,557.34,115.167,93.6,38.47,46.24,5180.0,392.4
2025-12-05,Australia,Dampier,Gopalpur,Supramax,Limestone,13261.56,570.38,119.179,83.0,23.65,39.34,5180.0,392.4
2025-12-12,Australia,Dampier,Gopalpur,Supramax,Limestone,14163.6,569.95,119.268,80.03,28.65,43.94,5180.0,392.4
2025-12-19,Australia,Dampier,Gopalpur,Supramax,Limestone,14492.95,571.27,119.494,71.06,27.83,32.65,5180.0,392.4
2025-12-26,Australia,Dampier,Gopalpur,Supramax,Limestone,14352.84,571.74,119.623,69.21,27.4,41.1,5180.0,392.4
2026-01-02,Australia,Dampier,Gopalpur,Supramax,Limestone,14372.43,590.07,125.104,61.54,25.48,43.3,5180.0,392.4
2026-01-09,Australia,Dampier,Gopalpur,Supramax,Limestone,14621.64,590.75,125.166,56.89,19.15,31.57,5180.0,392.4
2026-01-16,Australia,Dampier,Gopalpur,Supramax,Limestone,14849.0,592.22,125.356,60.96,27.89,30.62,5180.0,392.4
2026-01-23,Australia,Dampier,Gopalpur,Supramax,Limestone,15212.61,592.95,125.509,57.42,17.33,35.17,5180.0,392.4
2026-01-30,Australia,Dampier,Gopalpur,Supramax,Limestone,15051.95,593.53,125.692,57.64,19.54,32.85,5180.0,392.4
2026-02-06,Australia,Dampier,Gopalpur,Supramax,Limestone,14618.82,611.69,131.166,56.46,16.14,43.82,5180.0,392.4
2026-02-13,Australia,Dampier,Gopalpur,Supramax,Limestone,14554.76,611.21,131.281,60.42,18.41,35.71,5180.0,392.4
2026-02-20,Australia,Dampier,Gopalpur,Supramax,Limestone,14608.99,612.26,131.417,60.32,23.16,38.51,5180.0,392.4
2026-02-27,Australia,Dampier,Gopalpur,Supramax,Limestone,14461.15,612.34,131.637,67.6,26.63,43.91,5180.0,392.4
2026-03-06,Australia,Dampier,Gopalpur,Supramax,Limestone,14161.2,624.88,135.723,67.98,38.8,44.63,5180.0,392.4
2026-03-13,Australia,Dampier,Gopalpur,Supramax,Limestone,13614.66,623.93,135.977,74.62,16.37,36.72,5180.0,392.4
2026-03-20,Australia,Dampier,Gopalpur,Supramax,Limestone,13858.8,623.76,136.192,64.64,18.84,38.75,5180.0,392.4
2026-03-27,Australia,Dampier,Gopalpur,Supramax,Limestone,14255.04,624.36,136.404,69.92,29.91,53.58,5180.0,392.4
2026-04-03,Australia,Dampier,Gopalpur,Supramax,Limestone,15661.47,630.3,138.054,69.28,21.32,47.23,5180.0,392.4
2026-04-10,Australia,Dampier,Gopalpur,Supramax,Limestone,16129.5,630.93,138.323,76.56,33.2,36.02,5180.0,392.4
2026-04-17,Australia,Dampier,Gopalpur,Supramax,Limestone,16878.17,630.89,138.427,82.11,41.73,43.76,5180.0,392.4
2026-04-24,Australia,Dampier,Gopalpur,Supramax,Limestone,17018.17,631.84,138.581,84.9,33.94,33.06,5180.0,392.4
2026-05-01,Australia,Dampier,Gopalpur,Supramax,Limestone,17939.14,627.4,137.284,90.97,34.72,40.04,5180.0,392.4
2026-05-08,Australia,Dampier,Gopalpur,Supramax,Limestone,17990.47,628.03,137.541,94.24,33.28,44.97,5180.0,392.4
2026-05-15,Australia,Dampier,Gopalpur,Supramax,Limestone,18685.71,628.03,137.663,92.64,28.46,35.14,5180.0,392.4
2026-05-22,Australia,Dampier,Gopalpur,Supramax,Limestone,18480.41,628.23,137.866,99.0,33.22,52.56,5180.0,392.4
2026-05-29,Australia,Dampier,Gopalpur,Supramax,Limestone,19119.58,629.73,138.111,96.45,30.66,40.68,5180.0,392.4
2026-06-05,Australia,Dampier,Gopalpur,Supramax,Limestone,18635.56,617.53,134.352,99.0,35.96,43.13,5180.0,392.4
2026-06-12,Australia,Dampier,Gopalpur,Supramax,Limestone,17891.89,618.21,134.51,99.0,33.71,22.72,5180.0,392.4
2026-06-19,Australia,Dampier,Gopalpur,Supramax,Limestone,17924.26,618.08,134.752,98.81,36.37,35.67,5180.0,392.4
2026-06-26,Australia,Dampier,Gopalpur,Supramax,Limestone,18563.01,618.4,135.023,90.08,44.76,42.06,5180.0,392.4
2026-07-03,Australia,Dampier,Gopalpur,Supramax,Limestone,16574.91,601.57,129.684,99.0,32.78,30.51,5180.0,392.4
2026-07-10,Australia,Dampier,Gopalpur,Supramax,Limestone,16576.18,601.02,129.969,99.0,36.52,40.25,5180.0,392.4
2026-07-17,Australia,Dampier,Gopalpur,Supramax,Limestone,16606.8,601.11,130.204,97.23,35.17,32.55,5180.0,392.4
2026-07-24,Australia,Dampier,Gopalpur,Supramax,Limestone,16405.28,602.42,130.401,97.71,37.88,46.52,5180.0,392.4
2026-07-31,Australia,Dampier,Gopalpur,Supramax,Limestone,16567.78,602.02,130.602,99.0,31.81,34.25,5180.0,392.4
2026-08-07,Australia,Dampier,Gopalpur,Supramax,Limestone,15600.14,584.19,125.218,99.0,38.97,34.88,5180.0,392.4
2026-08-14,Australia,Dampier,Gopalpur,Supramax,Limestone,15464.54,584.71,125.37,96.19,29.92,39.5,5180.0,392.4
2026-08-21,Australia,Dampier,Gopalpur,Supramax,Limestone,15463.5,585.47,125.56,97.75,40.77,34.74,5180.0,392.4
2026-08-28,Australia,Dampier,Gopalpur,Supramax,Limestone,15557.41,585.48,125.753,90.65,20.54,34.27,5180.0,392.4
2026-09-04,Australia,Dampier,Gopalpur,Supramax,Limestone,16391.25,572.21,121.815,80.93,29.39,42.8,5180.0,392.4
2026-09-11,Australia,Dampier,Gopalpur,Supramax,Limestone,15881.99,571.78,122.068,82.01,35.23,46.12,5180.0,392.4
2026-09-18,Australia,Dampier,Gopalpur,Supramax,Limestone,15803.75,572.1,122.256,78.7,25.77,47.69,5180.0,392.4
2026-09-25,Australia,Dampier,Gopalpur,Supramax,Limestone,16117.49,572.51,122.483,77.81,18.68,34.26,5180.0,392.4
2023-01-06,Australia,Gladstone,Paradip,Supramax,Coal,15590.6,519.44,99.953,39.0,18.35,41.07,6700.0,507.6
2023-01-13,Australia,Gladstone,Paradip,Supramax,Coal,16305.08,520.28,100.181,38.99,15.03,29.44,6700.0,507.6
2023-01-20,Australia,Gladstone,Paradip,Supramax,Coal,16423.38,521.33,100.291,52.94,26.8,38.98,6700.0,507.6
2023-01-27,Australia,Gladstone,Paradip,Supramax,Coal,16276.32,521.82,100.457,58.74,32.28,37.17,6700.0,507.6
2023-02-03,Australia,Gladstone,Paradip,Supramax,Coal,15885.69,537.32,104.842,65.68,37.21,30.9,6700.0,507.6
2023-02-10,Australia,Gladstone,Paradip,Supramax,Coal,15844.15,538.13,104.936,55.75,34.44,46.64,6700.0,507.6
2023-02-17,Australia,Gladstone,Paradip,Supramax,Coal,15676.9,538.09,105.124,46.12,20.0,40.96,6700.0,507.6
2023-02-24,Australia,Gladstone,Paradip,Supramax,Coal,16443.88,537.62,105.273,45.4,18.0,38.4,6700.0,507.6
2023-03-03,Australia,Gladstone,Paradip,Supramax,Coal,17091.26,550.04,108.663,47.25,24.0,51.2,6700.0,507.6
2023-03-10,Australia,Gladstone,Paradip,Supramax,Coal,17307.99,550.18,108.807,44.76,37.98,37.13,6700.0,507.6
2023-03-17,Australia,Gladstone,Paradip,Supramax,Coal,16847.78,550.8,108.961,56.04,35.24,43.67,6700.0,507.6
2023-03-24,Australia,Gladstone,Paradip,Supramax,Coal,16012.94,551.13,109.087,47.25,24.71,37.86,6700.0,507.6
2023-03-31,Australia,Gladstone,Paradip,Supramax,Coal,16199.84,551.86,109.273,31.29,9.37,47.2,6700.0,507.6
2023-04-07,Australia,Gladstone,Paradip,Supramax,Coal,17271.11,556.7,110.633,40.92,29.3,38.69,6700.0,507.6
2023-04-14,Australia,Gladstone,Paradip,Supramax,Coal,17597.8,557.28,110.782,33.57,26.02,43.95,6700.0,507.6
2023-04-21,Australia,Gladstone,Paradip,Supramax,Coal,18132.5,557.72,110.927,53.9,32.33,47.62,6700.0,507.6
2023-04-28,Australia,Gladstone,Paradip,Supramax,Coal,18123.31,557.74,111.121,59.98,21.98,32.41,6700.0,507.6
2023-05-05,Australia,Gladstone,Paradip,Supramax,Coal,18630.46,554.54,110.187,64.13,28.52,35.86,6700.0,507.6
2023-05-12,Australia,Gladstone,Paradip,Supramax,Coal,18273.02,555.82,110.331,76.4,39.97,38.82,6700.0,507.6
2023-05-19,Australia,Gladstone,Paradip,Supramax,Coal,18551.46,556.04,110.489,73.94,37.16,44.39,6700.0,507.6
2023-05-26,Australia,Gladstone,Paradip,Supramax,Coal,17897.89,556.56,110.636,79.99,30.01,36.47,6700.0,507.6
2023-06-02,Australia,Gladstone,Paradip,Supramax,Coal,17549.29,545.41,107.547,78.28,27.59,34.22,6700.0,507.6
2023-06-09,Australia,Gladstone,Paradip,Supramax,Coal,17821.86,545.93,107.673,81.62,41.34,43.69,6700.0,507.6
2023-06-16,Australia,Gladstone,Paradip,Supramax,Coal,17886.3,545.73,107.857,81.02,26.92,55.61,6700.0,507.6
2023-06-23,Australia,Gladstone,Paradip,Supramax,Coal,18853.99,546.48,108.051,85.73,49.15,37.8,6700.0,507.6
2023-06-30,Australia,Gladstone,Paradip,Supramax,Coal,18581.67,546.8,108.217,82.25,43.0,27.43,6700.0,507.6
2023-07-07,Australia,Gladstone,Paradip,Supramax,Coal,16113.07,532.29,103.935,98.94,46.38,31.25,6700.0,507.6
2023-07-14,Australia,Gladstone,Paradip,Supramax,Coal,16295.06,533.63,104.072,99.0,49.96,44.93,6700.0,507.6
2023-07-21,Australia,Gladstone,Paradip,Supramax,Coal,15544.17,533.88,104.234,89.66,43.79,30.76,6700.0,507.6
2023-07-28,Australia,Gladstone,Paradip,Supramax,Coal,15233.31,534.23,104.435,90.53,32.07,33.47,6700.0,507.6
2023-08-04,Australia,Gladstone,Paradip,Supramax,Coal,15200.96,519.06,100.091,79.66,43.0,35.05,6700.0,507.6
2023-08-11,Australia,Gladstone,Paradip,Supramax,Coal,15200.53,519.47,100.282,77.85,36.11,42.86,6700.0,507.6
2023-08-18,Australia,Gladstone,Paradip,Supramax,Coal,14383.87,520.39,100.464,84.8,20.14,35.77,6700.0,507.6
2023-08-25,Australia,Gladstone,Paradip,Supramax,Coal,13992.6,520.38,100.59,85.29,34.49,32.42,6700.0,507.6
2023-09-01,Australia,Gladstone,Paradip,Supramax,Coal,14225.33,509.19,97.473,66.96,25.48,36.7,6700.0,507.6
2023-09-08,Australia,Gladstone,Paradip,Supramax,Coal,14606.31,510.0,97.607,75.78,30.8,40.68,6700.0,507.6
2023-09-15,Australia,Gladstone,Paradip,Supramax,Coal,14117.91,510.38,97.757,76.31,40.53,34.07,6700.0,507.6
2023-09-22,Australia,Gladstone,Paradip,Supramax,Coal,14477.78,510.84,97.906,59.94,37.23,42.22,6700.0,507.6
2023-09-29,Australia,Gladstone,Paradip,Supramax,Coal,14219.61,511.63,98.025,54.8,27.78,41.72,6700.0,507.6
2023-10-06,Australia,Gladstone,Paradip,Supramax,Coal,15873.75,508.2,97.005,57.93,22.37,42.08,6700.0,507.6
2023-10-13,Australia,Gladstone,Paradip,Supramax,Coal,15299.6,508.88,97.232,63.35,32.18,39.4,6700.0,507.6
2023-10-20,Australia,Gladstone,Paradip,Supramax,Coal,14759.81,509.12,97.428,76.14,31.71,37.24,6700.0,507.6
2023-10-27,Australia,Gladstone,Paradip,Supramax,Coal,15264.45,509.52,97.6,58.46,31.76,42.29,6700.0,507.6
2023-11-03,Australia,Gladstone,Paradip,Supramax,Coal,16571.03,514.1,98.945,42.07,24.39,32.99,6700.0,507.6
2023-11-10,Australia,Gladstone,Paradip,Supramax,Coal,17804.91,514.58,99.043,25.73,23.61,42.85,6700.0,507.6
2023-11-17,Australia,Gladstone,Paradip,Supramax,Coal,17044.41,515.08,99.222,34.61,31.53,32.63,6700.0,507.6
2023-11-24,Australia,Gladstone,Paradip,Supramax,Coal,16762.87,514.17,99.396,42.86,22.87,47.06,6700.0,507.6
2023-12-01,Australia,Gladstone,Paradip,Supramax,Coal,16490.36,527.15,102.902,38.5,18.25,45.74,6700.0,507.6
2023-12-08,Australia,Gladstone,Paradip,Supramax,Coal,16834.08,527.21,103.013,40.91,18.02,41.06,6700.0,507.6
2023-12-15,Australia,Gladstone,Paradip,Supramax,Coal,16879.24,527.02,103.146,48.78,22.39,35.87,6700.0,507.6
2023-12-22,Australia,Gladstone,Paradip,Supramax,Coal,17432.85,527.39,103.305,64.05,47.03,36.81,6700.0,507.6
2023-12-29,Australia,Gladstone,Paradip,Supramax,Coal,17051.3,527.45,103.441,63.96,31.81,37.22,6700.0,507.6
2024-01-05,Australia,Gladstone,Paradip,Supramax,Coal,15286.02,544.11,108.183,50.78,25.12,38.36,6700.0,507.6
2024-01-12,Australia,Gladstone,Paradip,Supramax,Coal,15334.55,544.23,108.39,49.6,22.45,36.41,6700.0,507.6
2024-01-19,Australia,Gladstone,Paradip,Supramax,Coal,16603.31,544.9,108.553,50.07,39.2,36.04,6700.0,507.6
2024-01-26,Australia,Gladstone,Paradip,Supramax,Coal,16850.27,545.86,108.66,44.95,21.97,33.97,6700.0,507.6
2024-02-02,Australia,Gladstone,Paradip,Supramax,Coal,15880.98,560.88,113.443,54.09,24.01,33.5,6700.0,507.6
2024-02-09,Australia,Gladstone,Paradip,Supramax,Coal,15884.99,561.27,113.508,58.03,19.66,39.0,6700.0,507.6
2024-02-16,Australia,Gladstone,Paradip,Supramax,Coal,16035.02,561.54,113.732,45.17,26.41,47.51,6700.0,507.6
2024-02-23,Australia,Gladstone,Paradip,Supramax,Coal,15540.0,561.47,113.906,51.66,32.42,29.19,6700.0,507.6
2024-03-01,Australia,Gladstone,Paradip,Supramax,Coal,15874.06,573.69,117.508,69.36,38.32,40.89,6700.0,507.6
2024-03-08,Australia,Gladstone,Paradip,Supramax,Coal,15364.89,573.98,117.586,78.17,34.89,25.61,6700.0,507.6
2024-03-15,Australia,Gladstone,Paradip,Supramax,Coal,15732.29,575.21,117.738,77.28,28.07,43.03,6700.0,507.6
2024-03-22,Australia,Gladstone,Paradip,Supramax,Coal,15380.69,575.06,117.953,79.5,45.99,38.05,6700.0,507.6
2024-03-29,Australia,Gladstone,Paradip,Supramax,Coal,16184.73,575.25,117.989,72.98,34.64,37.65,6700.0,507.6
2024-04-05,Australia,Gladstone,Paradip,Supramax,Coal,17484.26,580.3,119.378,72.45,32.11,52.35,6700.0,507.6
2024-04-12,Australia,Gladstone,Paradip,Supramax,Coal,17716.63,580.8,119.451,68.59,35.41,44.57,6700.0,507.6
2024-04-19,Australia,Gladstone,Paradip,Supramax,Coal,18443.53,580.53,119.616,65.38,28.92,38.17,6700.0,507.6
2024-04-26,Australia,Gladstone,Paradip,Supramax,Coal,19288.77,582.32,119.809,49.36,31.37,47.01,6700.0,507.6
2024-05-03,Australia,Gladstone,Paradip,Supramax,Coal,19879.7,577.86,118.651,51.93,33.26,36.82,6700.0,507.6
2024-05-10,Australia,Gladstone,Paradip,Supramax,Coal,19416.1,577.33,118.872,37.65,11.69,44.43,6700.0,507.6
2024-05-17,Australia,Gladstone,Paradip,Supramax,Coal,18735.27,576.78,119.112,32.87,3.0,51.83,6700.0,507.6
2024-05-24,Australia,Gladstone,Paradip,Supramax,Coal,17817.99,577.82,119.319,39.11,5.7,50.69,6700.0,507.6
2024-05-31,Australia,Gladstone,Paradip,Supramax,Coal,18462.83,577.43,119.443,42.46,14.13,38.25,6700.0,507.6
2024-06-07,Australia,Gladstone,Paradip,Supramax,Coal,17441.19,566.46,116.203,55.51,26.0,31.72,6700.0,507.6
2024-06-14,Australia,Gladstone,Paradip,Supramax,Coal,17563.13,566.7,116.424,64.95,34.63,34.24,6700.0,507.6
2024-06-21,Australia,Gladstone,Paradip,Supramax,Coal,17682.51,566.87,116.559,52.23,30.68,44.3,6700.0,507.6
2024-06-28,Australia,Gladstone,Paradip,Supramax,Coal,17727.68,567.45,116.755,49.71,21.72,30.49,6700.0,507.6
2024-07-05,Australia,Gladstone,Paradip,Supramax,Coal,16269.76,551.08,112.143,51.76,29.19,37.72,6700.0,507.6
2024-07-12,Australia,Gladstone,Paradip,Supramax,Coal,16166.95,551.81,112.386,61.6,30.83,35.28,6700.0,507.6
2024-07-19,Australia,Gladstone,Paradip,Supramax,Coal,16650.35,552.63,112.618,78.16,38.37,25.48,6700.0,507.6
2024-07-26,Australia,Gladstone,Paradip,Supramax,Coal,15877.24,553.89,112.737,75.59,36.06,34.79,6700.0,507.6
2024-08-02,Australia,Gladstone,Paradip,Supramax,Coal,14888.26,537.93,108.097,84.44,38.83,35.86,6700.0,507.6
2024-08-09,Australia,Gladstone,Paradip,Supramax,Coal,14927.58,538.93,108.291,76.49,37.28,44.61,6700.0,507.6
2024-08-16,Australia,Gladstone,Paradip,Supramax,Coal,15855.87,538.68,108.429,87.09,40.72,41.44,6700.0,507.6
2024-08-23,Australia,Gladstone,Paradip,Supramax,Coal,15590.91,538.21,108.63,87.03,33.26,36.42,6700.0,507.6
2024-08-30,Australia,Gladstone,Paradip,Supramax,Coal,15178.71,538.54,108.875,81.28,28.2,42.78,6700.0,507.6
2024-09-06,Australia,Gladstone,Paradip,Supramax,Coal,15935.55,526.33,105.496,85.85,45.33,46.83,6700.0,507.6
2024-09-13,Australia,Gladstone,Paradip,Supramax,Coal,16390.44,526.75,105.559,65.92,43.88,55.45,6700.0,507.6
2024-09-20,Australia,Gladstone,Paradip,Supramax,Coal,15826.74,527.35,105.712,80.98,44.34,34.84,6700.0,507.6
2024-09-27,Australia,Gladstone,Paradip,Supramax,Coal,15150.9,528.52,105.961,82.54,35.95,34.39,6700.0,507.6
2024-10-04,Australia,Gladstone,Paradip,Supramax,Coal,15972.12,525.36,104.828,69.75,34.79,38.0,6700.0,507.6
2024-10-11,Australia,Gladstone,Paradip,Supramax,Coal,15362.84,525.17,104.937,64.49,29.66,37.44,6700.0,507.6
2024-10-18,Australia,Gladstone,Paradip,Supramax,Coal,15013.98,524.63,105.099,52.38,32.13,45.18,6700.0,507.6
2024-10-25,Australia,Gladstone,Paradip,Supramax,Coal,14998.66,524.91,105.193,42.79,28.49,47.11,6700.0,507.6
2024-11-01,Australia,Gladstone,Paradip,Supramax,Coal,15286.09,530.26,106.64,37.03,24.52,43.6,6700.0,507.6
2024-11-08,Australia,Gladstone,Paradip,Supramax,Coal,14722.02,531.01,106.817,40.37,22.87,33.18,6700.0,507.6
2024-11-15,Australia,Gladstone,Paradip,Supramax,Coal,14354.49,531.08,107.0,66.4,41.64,38.46,6700.0,507.6
2024-11-22,Australia,Gladstone,Paradip,Supramax,Coal,13828.46,531.54,107.099,58.02,28.68,43.45,6700.0,507.6
2024-11-29,Australia,Gladstone,Paradip,Supramax,Coal,14169.56,531.3,107.256,45.86,22.1,42.79,6700.0,507.6
2024-12-06,Australia,Gladstone,Paradip,Supramax,Coal,14051.09,544.72,110.972,43.13,16.48,37.62,6700.0,507.6
2024-12-13,Australia,Gladstone,Paradip,Supramax,Coal,13885.32,545.5,111.069,45.37,20.48,42.27,6700.0,507.6
2024-12-20,Australia,Gladstone,Paradip,Supramax,Coal,14562.43,545.41,111.28,50.2,18.6,40.36,6700.0,507.6
2024-12-27,Australia,Gladstone,Paradip,Supramax,Coal,14381.69,545.35,111.403,52.97,34.44,37.07,6700.0,507.6
2025-01-03,Australia,Gladstone,Paradip,Supramax,Coal,14432.61,562.67,116.466,48.58,32.99,35.25,6700.0,507.6
2025-01-10,Australia,Gladstone,Paradip,Supramax,Coal,14007.6,564.21,116.576,61.21,24.39,32.4,6700.0,507.6
2025-01-17,Australia,Gladstone,Paradip,Supramax,Coal,13469.17,564.36,116.642,67.11,29.57,35.35,6700.0,507.6
2025-01-24,Australia,Gladstone,Paradip,Supramax,Coal,13326.46,564.76,116.896,63.1,39.14,36.2,6700.0,507.6
2025-01-31,Australia,Gladstone,Paradip,Supramax,Coal,13330.98,564.98,117.171,60.21,23.22,27.48,6700.0,507.6
2025-02-07,Australia,Gladstone,Paradip,Supramax,Coal,13187.36,582.12,122.351,38.91,24.72,36.43,6700.0,507.6
2025-02-14,Australia,Gladstone,Paradip,Supramax,Coal,13466.53,582.6,122.541,60.38,55.69,37.25,6700.0,507.6
2025-02-21,Australia,Gladstone,Paradip,Supramax,Coal,13799.12,582.52,122.748,46.65,29.58,35.31,6700.0,507.6
2025-02-28,Australia,Gladstone,Paradip,Supramax,Coal,13978.08,583.03,122.945,38.61,24.04,37.68,6700.0,507.6
2025-03-07,Australia,Gladstone,Paradip,Supramax,Coal,14293.8,595.82,126.87,33.03,21.47,45.79,6700.0,507.6
2025-03-14,Australia,Gladstone,Paradip,Supramax,Coal,14506.35,596.01,127.049,34.03,24.97,46.73,6700.0,507.6
2025-03-21,Australia,Gladstone,Paradip,Supramax,Coal,14233.25,597.42,127.153,30.87,10.93,36.13,6700.0,507.6
2025-03-28,Australia,Gladstone,Paradip,Supramax,Coal,14137.29,598.46,127.253,30.97,20.01,39.06,6700.0,507.6
2025-04-04,Australia,Gladstone,Paradip,Supramax,Coal,15000.94,602.6,128.664,32.0,21.25,39.16,6700.0,507.6
2025-04-11,Australia,Gladstone,Paradip,Supramax,Coal,14576.26,602.95,128.854,42.17,23.81,42.09,6700.0,507.6
2025-04-18,Australia,Gladstone,Paradip,Supramax,Coal,14910.45,603.34,128.987,38.45,17.93,60.25,6700.0,507.6
2025-04-25,Australia,Gladstone,Paradip,Supramax,Coal,15127.3,604.73,129.167,43.58,26.13,39.83,6700.0,507.6
2025-05-02,Australia,Gladstone,Paradip,Supramax,Coal,15393.62,601.49,127.919,48.49,32.01,30.18,6700.0,507.6
2025-05-09,Australia,Gladstone,Paradip,Supramax,Coal,15312.24,601.84,128.075,55.3,33.15,42.36,6700.0,507.6
2025-05-16,Australia,Gladstone,Paradip,Supramax,Coal,15435.7,602.97,128.335,48.6,26.94,43.84,6700.0,507.6
2025-05-23,Australia,Gladstone,Paradip,Supramax,Coal,15827.75,603.92,128.527,38.84,21.23,39.14,6700.0,507.6
2025-05-30,Australia,Gladstone,Paradip,Supramax,Coal,16528.17,604.3,128.698,48.14,34.68,41.27,6700.0,507.6
2025-06-06,Australia,Gladstone,Paradip,Supramax,Coal,14753.46,592.35,125.199,55.76,21.18,43.5,6700.0,507.6
2025-06-13,Australia,Gladstone,Paradip,Supramax,Coal,15188.56,593.53,125.294,74.75,35.74,43.61,6700.0,507.6
2025-06-20,Australia,Gladstone,Paradip,Supramax,Coal,15617.98,595.44,125.535,79.48,40.12,23.87,6700.0,507.6
2025-06-27,Australia,Gladstone,Paradip,Supramax,Coal,16023.56,596.43,125.688,72.42,35.67,30.5,6700.0,507.6
2025-07-04,Australia,Gladstone,Paradip,Supramax,Coal,14524.78,580.39,120.7,80.69,33.64,25.89,6700.0,507.6
2025-07-11,Australia,Gladstone,Paradip,Supramax,Coal,14410.6,580.91,120.842,71.39,44.07,28.1,6700.0,507.6
2025-07-18,Australia,Gladstone,Paradip,Supramax,Coal,14359.74,580.77,121.048,70.04,22.4,37.55,6700.0,507.6
2025-07-25,Australia,Gladstone,Paradip,Supramax,Coal,14021.63,580.35,121.223,77.77,39.48,33.11,6700.0,507.6
2025-08-01,Australia,Gladstone,Paradip,Supramax,Coal,12545.93,563.36,116.239,84.28,35.65,31.66,6700.0,507.6
2025-08-08,Australia,Gladstone,Paradip,Supramax,Coal,12548.95,564.22,116.402,84.26,31.99,44.96,6700.0,507.6
2025-08-15,Australia,Gladstone,Paradip,Supramax,Coal,12075.76,563.54,116.552,76.16,49.47,39.03,6700.0,507.6
2025-08-22,Australia,Gladstone,Paradip,Supramax,Coal,12599.77,563.04,116.689,68.31,33.6,30.46,6700.0,507.6
2025-08-29,Australia,Gladstone,Paradip,Supramax,Coal,12928.91,563.86,116.796,69.45,30.7,42.45,6700.0,507.6
2025-09-05,Australia,Gladstone,Paradip,Supramax,Coal,13371.63,551.41,113.114,69.37,36.86,48.94,6700.0,507.6
2025-09-12,Australia,Gladstone,Paradip,Supramax,Coal,13877.6,551.52,113.273,80.56,43.22,41.11,6700.0,507.6
2025-09-19,Australia,Gladstone,Paradip,Supramax,Coal,13262.7,551.47,113.419,81.91,41.98,41.06,6700.0,507.6
2025-09-26,Australia,Gladstone,Paradip,Supramax,Coal,13065.87,551.78,113.621,73.87,48.8,40.65,6700.0,507.6
2025-10-03,Australia,Gladstone,Paradip,Supramax,Coal,14416.89,547.61,112.37,74.14,45.74,37.1,6700.0,507.6
2025-10-10,Australia,Gladstone,Paradip,Supramax,Coal,14112.28,548.11,112.523,65.06,41.51,34.33,6700.0,507.6
2025-10-17,Australia,Gladstone,Paradip,Supramax,Coal,14041.51,549.56,112.722,69.68,35.78,34.85,6700.0,507.6
2025-10-24,Australia,Gladstone,Paradip,Supramax,Coal,15057.13,549.07,112.875,65.78,33.21,34.97,6700.0,507.6
2025-10-31,Australia,Gladstone,Paradip,Supramax,Coal,15372.29,551.01,113.111,52.48,26.69,31.91,6700.0,507.6
2025-11-07,Australia,Gladstone,Paradip,Supramax,Coal,16074.62,555.99,114.727,49.9,28.51,43.55,6700.0,507.6
2025-11-14,Australia,Gladstone,Paradip,Supramax,Coal,16497.91,556.79,114.869,41.35,27.94,38.03,6700.0,507.6
2025-11-21,Australia,Gladstone,Paradip,Supramax,Coal,16574.49,557.25,115.01,54.49,32.78,32.28,6700.0,507.6
2025-11-28,Australia,Gladstone,Paradip,Supramax,Coal,16115.12,557.34,115.167,44.36,27.18,46.24,6700.0,507.6
2025-12-05,Australia,Gladstone,Paradip,Supramax,Coal,16301.44,570.38,119.179,39.72,14.9,39.34,6700.0,507.6
2025-12-12,Australia,Gladstone,Paradip,Supramax,Coal,15933.5,569.95,119.268,52.4,23.66,43.94,6700.0,507.6
2025-12-19,Australia,Gladstone,Paradip,Supramax,Coal,15700.75,571.27,119.494,61.21,27.51,32.65,6700.0,507.6
2025-12-26,Australia,Gladstone,Paradip,Supramax,Coal,17005.47,571.74,119.623,49.08,30.2,41.1,6700.0,507.6
2026-01-02,Australia,Gladstone,Paradip,Supramax,Coal,16477.43,590.07,125.104,46.03,29.1,43.3,6700.0,507.6
2026-01-09,Australia,Gladstone,Paradip,Supramax,Coal,16734.41,590.75,125.166,28.02,26.06,31.57,6700.0,507.6
2026-01-16,Australia,Gladstone,Paradip,Supramax,Coal,15816.71,592.22,125.356,37.56,18.69,30.62,6700.0,507.6
2026-01-23,Australia,Gladstone,Paradip,Supramax,Coal,15604.45,592.95,125.509,32.53,6.47,35.17,6700.0,507.6
2026-01-30,Australia,Gladstone,Paradip,Supramax,Coal,15709.48,593.53,125.692,53.41,35.22,32.85,6700.0,507.6
2026-02-06,Australia,Gladstone,Paradip,Supramax,Coal,14704.66,611.69,131.166,49.19,26.62,43.82,6700.0,507.6
2026-02-13,Australia,Gladstone,Paradip,Supramax,Coal,15011.37,611.21,131.281,44.8,28.59,35.71,6700.0,507.6
2026-02-20,Australia,Gladstone,Paradip,Supramax,Coal,14723.26,612.26,131.417,34.55,24.04,38.51,6700.0,507.6
2026-02-27,Australia,Gladstone,Paradip,Supramax,Coal,15233.46,612.34,131.637,47.78,27.54,43.91,6700.0,507.6
2026-03-06,Australia,Gladstone,Paradip,Supramax,Coal,15950.22,624.88,135.723,47.57,34.96,44.63,6700.0,507.6
2026-03-13,Australia,Gladstone,Paradip,Supramax,Coal,16279.26,623.93,135.977,53.08,31.57,36.72,6700.0,507.6
2026-03-20,Australia,Gladstone,Paradip,Supramax,Coal,16638.65,623.76,136.192,40.26,22.08,38.75,6700.0,507.6
2026-03-27,Australia,Gladstone,Paradip,Supramax,Coal,15875.6,624.36,136.404,42.86,12.71,53.58,6700.0,507.6
2026-04-03,Australia,Gladstone,Paradip,Supramax,Coal,17457.49,630.3,138.054,52.38,31.56,47.23,6700.0,507.6
2026-04-10,Australia,Gladstone,Paradip,Supramax,Coal,18269.47,630.93,138.323,59.54,27.9,36.02,6700.0,507.6
2026-04-17,Australia,Gladstone,Paradip,Supramax,Coal,18545.9,630.89,138.427,56.48,27.71,43.76,6700.0,507.6
2026-04-24,Australia,Gladstone,Paradip,Supramax,Coal,18263.8,631.84,138.581,58.2,31.72,33.06,6700.0,507.6
2026-05-01,Australia,Gladstone,Paradip,Supramax,Coal,18483.0,627.4,137.284,69.06,38.58,40.04,6700.0,507.6
2026-05-08,Australia,Gladstone,Paradip,Supramax,Coal,19002.18,628.03,137.541,62.57,40.18,44.97,6700.0,507.6
2026-05-15,Australia,Gladstone,Paradip,Supramax,Coal,19210.37,628.03,137.663,60.44,28.02,35.14,6700.0,507.6
2026-05-22,Australia,Gladstone,Paradip,Supramax,Coal,19568.89,628.23,137.866,59.35,27.07,52.56,6700.0,507.6
2026-05-29,Australia,Gladstone,Paradip,Supramax,Coal,18907.25,629.73,138.111,61.77,22.32,40.68,6700.0,507.6
2026-06-05,Australia,Gladstone,Paradip,Supramax,Coal,18164.54,617.53,134.352,67.32,19.67,43.13,6700.0,507.6
2026-06-12,Australia,Gladstone,Paradip,Supramax,Coal,16959.2,618.21,134.51,63.99,38.24,22.72,6700.0,507.6
2026-06-19,Australia,Gladstone,Paradip,Supramax,Coal,16835.47,618.08,134.752,81.73,49.61,35.67,6700.0,507.6
2026-06-26,Australia,Gladstone,Paradip,Supramax,Coal,16354.55,618.4,135.023,79.49,54.68,42.06,6700.0,507.6
2026-07-03,Australia,Gladstone,Paradip,Supramax,Coal,15415.63,601.57,129.684,69.32,21.41,30.51,6700.0,507.6
2026-07-10,Australia,Gladstone,Paradip,Supramax,Coal,14539.3,601.02,129.969,68.39,31.87,40.25,6700.0,507.6
2026-07-17,Australia,Gladstone,Paradip,Supramax,Coal,14668.6,601.11,130.204,76.77,43.21,32.55,6700.0,507.6
2026-07-24,Australia,Gladstone,Paradip,Supramax,Coal,14272.64,602.42,130.401,85.75,41.76,46.52,6700.0,507.6
2026-07-31,Australia,Gladstone,Paradip,Supramax,Coal,14279.53,602.02,130.602,70.94,22.84,34.25,6700.0,507.6
2026-08-07,Australia,Gladstone,Paradip,Supramax,Coal,13515.39,584.19,125.218,77.26,37.03,34.88,6700.0,507.6
2026-08-14,Australia,Gladstone,Paradip,Supramax,Coal,13025.61,584.71,125.37,49.27,30.32,39.5,6700.0,507.6
2026-08-21,Australia,Gladstone,Paradip,Supramax,Coal,13074.42,585.47,125.56,58.79,41.44,34.74,6700.0,507.6
2026-08-28,Australia,Gladstone,Paradip,Supramax,Coal,12415.65,585.48,125.753,70.39,56.56,34.27,6700.0,507.6
2026-09-04,Australia,Gladstone,Paradip,Supramax,Coal,12316.3,572.21,121.815,71.4,40.26,42.8,6700.0,507.6
2026-09-11,Australia,Gladstone,Paradip,Supramax,Coal,12780.4,571.78,122.068,78.14,47.38,46.12,6700.0,507.6
2026-09-18,Australia,Gladstone,Paradip,Supramax,Coal,12326.26,572.1,122.256,78.98,37.82,47.69,6700.0,507.6
2026-09-25,Australia,Gladstone,Paradip,Supramax,Coal,12124.03,572.51,122.483,72.57,31.15,34.26,6700.0,507.6
2023-01-06,Australia,Gladstone,Paradip,Supramax,Limestone,14573.91,519.44,99.953,39.0,18.35,41.07,6700.0,507.6
2023-01-13,Australia,Gladstone,Paradip,Supramax,Limestone,14898.76,520.28,100.181,38.99,15.03,29.44,6700.0,507.6
2023-01-20,Australia,Gladstone,Paradip,Supramax,Limestone,14967.4,521.33,100.291,52.94,26.8,38.98,6700.0,507.6
2023-01-27,Australia,Gladstone,Paradip,Supramax,Limestone,15416.01,521.82,100.457,58.74,32.28,37.17,6700.0,507.6
2023-02-03,Australia,Gladstone,Paradip,Supramax,Limestone,14634.48,537.32,104.842,65.68,37.21,30.9,6700.0,507.6
2023-02-10,Australia,Gladstone,Paradip,Supramax,Limestone,14756.32,538.13,104.936,55.75,34.44,46.64,6700.0,507.6
2023-02-17,Australia,Gladstone,Paradip,Supramax,Limestone,15014.58,538.09,105.124,46.12,20.0,40.96,6700.0,507.6
2023-02-24,Australia,Gladstone,Paradip,Supramax,Limestone,15297.76,537.62,105.273,45.4,18.0,38.4,6700.0,507.6
2023-03-03,Australia,Gladstone,Paradip,Supramax,Limestone,16010.9,550.04,108.663,47.25,24.0,51.2,6700.0,507.6
2023-03-10,Australia,Gladstone,Paradip,Supramax,Limestone,15944.3,550.18,108.807,44.76,37.98,37.13,6700.0,507.6
2023-03-17,Australia,Gladstone,Paradip,Supramax,Limestone,15367.2,550.8,108.961,56.04,35.24,43.67,6700.0,507.6
2023-03-24,Australia,Gladstone,Paradip,Supramax,Limestone,15347.24,551.13,109.087,47.25,24.71,37.86,6700.0,507.6
2023-03-31,Australia,Gladstone,Paradip,Supramax,Limestone,16056.39,551.86,109.273,31.29,9.37,47.2,6700.0,507.6
2023-04-07,Australia,Gladstone,Paradip,Supramax,Limestone,17324.72,556.7,110.633,40.92,29.3,38.69,6700.0,507.6
2023-04-14,Australia,Gladstone,Paradip,Supramax,Limestone,16761.23,557.28,110.782,33.57,26.02,43.95,6700.0,507.6
2023-04-21,Australia,Gladstone,Paradip,Supramax,Limestone,16393.95,557.72,110.927,53.9,32.33,47.62,6700.0,507.6
2023-04-28,Australia,Gladstone,Paradip,Supramax,Limestone,15840.69,557.74,111.121,59.98,21.98,32.41,6700.0,507.6
2023-05-05,Australia,Gladstone,Paradip,Supramax,Limestone,17089.31,554.54,110.187,64.13,28.52,35.86,6700.0,507.6
2023-05-12,Australia,Gladstone,Paradip,Supramax,Limestone,17554.13,555.82,110.331,76.4,39.97,38.82,6700.0,507.6
2023-05-19,Australia,Gladstone,Paradip,Supramax,Limestone,17249.35,556.04,110.489,73.94,37.16,44.39,6700.0,507.6
2023-05-26,Australia,Gladstone,Paradip,Supramax,Limestone,16199.75,556.56,110.636,79.99,30.01,36.47,6700.0,507.6
2023-06-02,Australia,Gladstone,Paradip,Supramax,Limestone,16415.48,545.41,107.547,78.28,27.59,34.22,6700.0,507.6
2023-06-09,Australia,Gladstone,Paradip,Supramax,Limestone,15929.44,545.93,107.673,81.62,41.34,43.69,6700.0,507.6
2023-06-16,Australia,Gladstone,Paradip,Supramax,Limestone,15291.77,545.73,107.857,81.02,26.92,55.61,6700.0,507.6
2023-06-23,Australia,Gladstone,Paradip,Supramax,Limestone,15964.67,546.48,108.051,85.73,49.15,37.8,6700.0,507.6
2023-06-30,Australia,Gladstone,Paradip,Supramax,Limestone,16017.87,546.8,108.217,82.25,43.0,27.43,6700.0,507.6
2023-07-07,Australia,Gladstone,Paradip,Supramax,Limestone,15213.57,532.29,103.935,98.94,46.38,31.25,6700.0,507.6
2023-07-14,Australia,Gladstone,Paradip,Supramax,Limestone,15296.61,533.63,104.072,99.0,49.96,44.93,6700.0,507.6
2023-07-21,Australia,Gladstone,Paradip,Supramax,Limestone,15525.52,533.88,104.234,89.66,43.79,30.76,6700.0,507.6
2023-07-28,Australia,Gladstone,Paradip,Supramax,Limestone,14901.27,534.23,104.435,90.53,32.07,33.47,6700.0,507.6
2023-08-04,Australia,Gladstone,Paradip,Supramax,Limestone,14420.68,519.06,100.091,79.66,43.0,35.05,6700.0,507.6
2023-08-11,Australia,Gladstone,Paradip,Supramax,Limestone,13744.6,519.47,100.282,77.85,36.11,42.86,6700.0,507.6
2023-08-18,Australia,Gladstone,Paradip,Supramax,Limestone,13225.78,520.39,100.464,84.8,20.14,35.77,6700.0,507.6
2023-08-25,Australia,Gladstone,Paradip,Supramax,Limestone,13835.41,520.38,100.59,85.29,34.49,32.42,6700.0,507.6
2023-09-01,Australia,Gladstone,Paradip,Supramax,Limestone,14518.09,509.19,97.473,66.96,25.48,36.7,6700.0,507.6
2023-09-08,Australia,Gladstone,Paradip,Supramax,Limestone,14571.0,510.0,97.607,75.78,30.8,40.68,6700.0,507.6
2023-09-15,Australia,Gladstone,Paradip,Supramax,Limestone,14034.09,510.38,97.757,76.31,40.53,34.07,6700.0,507.6
2023-09-22,Australia,Gladstone,Paradip,Supramax,Limestone,14315.4,510.84,97.906,59.94,37.23,42.22,6700.0,507.6
2023-09-29,Australia,Gladstone,Paradip,Supramax,Limestone,15017.57,511.63,98.025,54.8,27.78,41.72,6700.0,507.6
2023-10-06,Australia,Gladstone,Paradip,Supramax,Limestone,15825.71,508.2,97.005,57.93,22.37,42.08,6700.0,507.6
2023-10-13,Australia,Gladstone,Paradip,Supramax,Limestone,15577.43,508.88,97.232,63.35,32.18,39.4,6700.0,507.6
2023-10-20,Australia,Gladstone,Paradip,Supramax,Limestone,14624.6,509.12,97.428,76.14,31.71,37.24,6700.0,507.6
2023-10-27,Australia,Gladstone,Paradip,Supramax,Limestone,15042.87,509.52,97.6,58.46,31.76,42.29,6700.0,507.6
2023-11-03,Australia,Gladstone,Paradip,Supramax,Limestone,15435.57,514.1,98.945,42.07,24.39,32.99,6700.0,507.6
2023-11-10,Australia,Gladstone,Paradip,Supramax,Limestone,15207.69,514.58,99.043,25.73,23.61,42.85,6700.0,507.6
2023-11-17,Australia,Gladstone,Paradip,Supramax,Limestone,15748.46,515.08,99.222,34.61,31.53,32.63,6700.0,507.6
2023-11-24,Australia,Gladstone,Paradip,Supramax,Limestone,15585.36,514.17,99.396,42.86,22.87,47.06,6700.0,507.6
2023-12-01,Australia,Gladstone,Paradip,Supramax,Limestone,15648.01,527.15,102.902,38.5,18.25,45.74,6700.0,507.6
2023-12-08,Australia,Gladstone,Paradip,Supramax,Limestone,15868.92,527.21,103.013,40.91,18.02,41.06,6700.0,507.6
2023-12-15,Australia,Gladstone,Paradip,Supramax,Limestone,15843.3,527.02,103.146,48.78,22.39,35.87,6700.0,507.6
2023-12-22,Australia,Gladstone,Paradip,Supramax,Limestone,15288.09,527.39,103.305,64.05,47.03,36.81,6700.0,507.6
2023-12-29,Australia,Gladstone,Paradip,Supramax,Limestone,14897.12,527.45,103.441,63.96,31.81,37.22,6700.0,507.6
2024-01-05,Australia,Gladstone,Paradip,Supramax,Limestone,14152.39,544.11,108.183,50.78,25.12,38.36,6700.0,507.6
2024-01-12,Australia,Gladstone,Paradip,Supramax,Limestone,14490.73,544.23,108.39,49.6,22.45,36.41,6700.0,507.6
2024-01-19,Australia,Gladstone,Paradip,Supramax,Limestone,14269.18,544.9,108.553,50.07,39.2,36.04,6700.0,507.6
2024-01-26,Australia,Gladstone,Paradip,Supramax,Limestone,13913.32,545.86,108.66,44.95,21.97,33.97,6700.0,507.6
2024-02-02,Australia,Gladstone,Paradip,Supramax,Limestone,13556.82,560.88,113.443,54.09,24.01,33.5,6700.0,507.6
2024-02-09,Australia,Gladstone,Paradip,Supramax,Limestone,13090.5,561.27,113.508,58.03,19.66,39.0,6700.0,507.6
2024-02-16,Australia,Gladstone,Paradip,Supramax,Limestone,14140.58,561.54,113.732,45.17,26.41,47.51,6700.0,507.6
2024-02-23,Australia,Gladstone,Paradip,Supramax,Limestone,13783.91,561.47,113.906,51.66,32.42,29.19,6700.0,507.6
2024-03-01,Australia,Gladstone,Paradip,Supramax,Limestone,13951.63,573.69,117.508,69.36,38.32,40.89,6700.0,507.6
2024-03-08,Australia,Gladstone,Paradip,Supramax,Limestone,13232.13,573.98,117.586,78.17,34.89,25.61,6700.0,507.6
2024-03-15,Australia,Gladstone,Paradip,Supramax,Limestone,13703.94,575.21,117.738,77.28,28.07,43.03,6700.0,507.6
2024-03-22,Australia,Gladstone,Paradip,Supramax,Limestone,14229.13,575.06,117.953,79.5,45.99,38.05,6700.0,507.6
2024-03-29,Australia,Gladstone,Paradip,Supramax,Limestone,14287.13,575.25,117.989,72.98,34.64,37.65,6700.0,507.6
2024-04-05,Australia,Gladstone,Paradip,Supramax,Limestone,15041.25,580.3,119.378,72.45,32.11,52.35,6700.0,507.6
2024-04-12,Australia,Gladstone,Paradip,Supramax,Limestone,15172.75,580.8,119.451,68.59,35.41,44.57,6700.0,507.6
2024-04-19,Australia,Gladstone,Paradip,Supramax,Limestone,15125.08,580.53,119.616,65.38,28.92,38.17,6700.0,507.6
2024-04-26,Australia,Gladstone,Paradip,Supramax,Limestone,14815.14,582.32,119.809,49.36,31.37,47.01,6700.0,507.6
2024-05-03,Australia,Gladstone,Paradip,Supramax,Limestone,14771.82,577.86,118.651,51.93,33.26,36.82,6700.0,507.6
2024-05-10,Australia,Gladstone,Paradip,Supramax,Limestone,15223.65,577.33,118.872,37.65,11.69,44.43,6700.0,507.6
2024-05-17,Australia,Gladstone,Paradip,Supramax,Limestone,15245.38,576.78,119.112,32.87,3.0,51.83,6700.0,507.6
2024-05-24,Australia,Gladstone,Paradip,Supramax,Limestone,15447.5,577.82,119.319,39.11,5.7,50.69,6700.0,507.6
2024-05-31,Australia,Gladstone,Paradip,Supramax,Limestone,15389.93,577.43,119.443,42.46,14.13,38.25,6700.0,507.6
2024-06-07,Australia,Gladstone,Paradip,Supramax,Limestone,14476.56,566.46,116.203,55.51,26.0,31.72,6700.0,507.6
2024-06-14,Australia,Gladstone,Paradip,Supramax,Limestone,14956.18,566.7,116.424,64.95,34.63,34.24,6700.0,507.6
2024-06-21,Australia,Gladstone,Paradip,Supramax,Limestone,14668.31,566.87,116.559,52.23,30.68,44.3,6700.0,507.6
2024-06-28,Australia,Gladstone,Paradip,Supramax,Limestone,14911.98,567.45,116.755,49.71,21.72,30.49,6700.0,507.6
2024-07-05,Australia,Gladstone,Paradip,Supramax,Limestone,14309.07,551.08,112.143,51.76,29.19,37.72,6700.0,507.6
2024-07-12,Australia,Gladstone,Paradip,Supramax,Limestone,13832.23,551.81,112.386,61.6,30.83,35.28,6700.0,507.6
2024-07-19,Australia,Gladstone,Paradip,Supramax,Limestone,14223.36,552.63,112.618,78.16,38.37,25.48,6700.0,507.6
2024-07-26,Australia,Gladstone,Paradip,Supramax,Limestone,14320.0,553.89,112.737,75.59,36.06,34.79,6700.0,507.6
2024-08-02,Australia,Gladstone,Paradip,Supramax,Limestone,13501.43,537.93,108.097,84.44,38.83,35.86,6700.0,507.6
2024-08-09,Australia,Gladstone,Paradip,Supramax,Limestone,13617.11,538.93,108.291,76.49,37.28,44.61,6700.0,507.6
2024-08-16,Australia,Gladstone,Paradip,Supramax,Limestone,12787.23,538.68,108.429,87.09,40.72,41.44,6700.0,507.6
2024-08-23,Australia,Gladstone,Paradip,Supramax,Limestone,13142.07,538.21,108.63,87.03,33.26,36.42,6700.0,507.6
2024-08-30,Australia,Gladstone,Paradip,Supramax,Limestone,12543.48,538.54,108.875,81.28,28.2,42.78,6700.0,507.6
2024-09-06,Australia,Gladstone,Paradip,Supramax,Limestone,14110.43,526.33,105.496,85.85,45.33,46.83,6700.0,507.6
2024-09-13,Australia,Gladstone,Paradip,Supramax,Limestone,13680.6,526.75,105.559,65.92,43.88,55.45,6700.0,507.6
2024-09-20,Australia,Gladstone,Paradip,Supramax,Limestone,13156.89,527.35,105.712,80.98,44.34,34.84,6700.0,507.6
2024-09-27,Australia,Gladstone,Paradip,Supramax,Limestone,12969.82,528.52,105.961,82.54,35.95,34.39,6700.0,507.6
2024-10-04,Australia,Gladstone,Paradip,Supramax,Limestone,14298.9,525.36,104.828,69.75,34.79,38.0,6700.0,507.6
2024-10-11,Australia,Gladstone,Paradip,Supramax,Limestone,14956.27,525.17,104.937,64.49,29.66,37.44,6700.0,507.6
2024-10-18,Australia,Gladstone,Paradip,Supramax,Limestone,15850.76,524.63,105.099,52.38,32.13,45.18,6700.0,507.6
2024-10-25,Australia,Gladstone,Paradip,Supramax,Limestone,16215.03,524.91,105.193,42.79,28.49,47.11,6700.0,507.6
2024-11-01,Australia,Gladstone,Paradip,Supramax,Limestone,16753.97,530.26,106.64,37.03,24.52,43.6,6700.0,507.6
2024-11-08,Australia,Gladstone,Paradip,Supramax,Limestone,16754.07,531.01,106.817,40.37,22.87,33.18,6700.0,507.6
2024-11-15,Australia,Gladstone,Paradip,Supramax,Limestone,16959.84,531.08,107.0,66.4,41.64,38.46,6700.0,507.6
2024-11-22,Australia,Gladstone,Paradip,Supramax,Limestone,17542.75,531.54,107.099,58.02,28.68,43.45,6700.0,507.6
2024-11-29,Australia,Gladstone,Paradip,Supramax,Limestone,18199.95,531.3,107.256,45.86,22.1,42.79,6700.0,507.6
2024-12-06,Australia,Gladstone,Paradip,Supramax,Limestone,17676.56,544.72,110.972,43.13,16.48,37.62,6700.0,507.6
2024-12-13,Australia,Gladstone,Paradip,Supramax,Limestone,18158.39,545.5,111.069,45.37,20.48,42.27,6700.0,507.6
2024-12-20,Australia,Gladstone,Paradip,Supramax,Limestone,19077.32,545.41,111.28,50.2,18.6,40.36,6700.0,507.6
2024-12-27,Australia,Gladstone,Paradip,Supramax,Limestone,18110.08,545.35,111.403,52.97,34.44,37.07,6700.0,507.6
2025-01-03,Australia,Gladstone,Paradip,Supramax,Limestone,16436.69,562.67,116.466,48.58,32.99,35.25,6700.0,507.6
2025-01-10,Australia,Gladstone,Paradip,Supramax,Limestone,16123.56,564.21,116.576,61.21,24.39,32.4,6700.0,507.6
2025-01-17,Australia,Gladstone,Paradip,Supramax,Limestone,16083.97,564.36,116.642,67.11,29.57,35.35,6700.0,507.6
2025-01-24,Australia,Gladstone,Paradip,Supramax,Limestone,15784.68,564.76,116.896,63.1,39.14,36.2,6700.0,507.6
2025-01-31,Australia,Gladstone,Paradip,Supramax,Limestone,15669.5,564.98,117.171,60.21,23.22,27.48,6700.0,507.6
2025-02-07,Australia,Gladstone,Paradip,Supramax,Limestone,15460.02,582.12,122.351,38.91,24.72,36.43,6700.0,507.6
2025-02-14,Australia,Gladstone,Paradip,Supramax,Limestone,16077.0,582.6,122.541,60.38,55.69,37.25,6700.0,507.6
2025-02-21,Australia,Gladstone,Paradip,Supramax,Limestone,15985.99,582.52,122.748,46.65,29.58,35.31,6700.0,507.6
2025-02-28,Australia,Gladstone,Paradip,Supramax,Limestone,15118.23,583.03,122.945,38.61,24.04,37.68,6700.0,507.6
2025-03-07,Australia,Gladstone,Paradip,Supramax,Limestone,16295.99,595.82,126.87,33.03,21.47,45.79,6700.0,507.6
2025-03-14,Australia,Gladstone,Paradip,Supramax,Limestone,16341.65,596.01,127.049,34.03,24.97,46.73,6700.0,507.6
2025-03-21,Australia,Gladstone,Paradip,Supramax,Limestone,16176.39,597.42,127.153,30.87,10.93,36.13,6700.0,507.6
2025-03-28,Australia,Gladstone,Paradip,Supramax,Limestone,16360.71,598.46,127.253,30.97,20.01,39.06,6700.0,507.6
2025-04-04,Australia,Gladstone,Paradip,Supramax,Limestone,17008.18,602.6,128.664,32.0,21.25,39.16,6700.0,507.6
2025-04-11,Australia,Gladstone,Paradip,Supramax,Limestone,17764.52,602.95,128.854,42.17,23.81,42.09,6700.0,507.6
2025-04-18,Australia,Gladstone,Paradip,Supramax,Limestone,17266.45,603.34,128.987,38.45,17.93,60.25,6700.0,507.6
2025-04-25,Australia,Gladstone,Paradip,Supramax,Limestone,17561.36,604.73,129.167,43.58,26.13,39.83,6700.0,507.6
2025-05-02,Australia,Gladstone,Paradip,Supramax,Limestone,18638.52,601.49,127.919,48.49,32.01,30.18,6700.0,507.6
2025-05-09,Australia,Gladstone,Paradip,Supramax,Limestone,18065.09,601.84,128.075,55.3,33.15,42.36,6700.0,507.6
2025-05-16,Australia,Gladstone,Paradip,Supramax,Limestone,18056.02,602.97,128.335,48.6,26.94,43.84,6700.0,507.6
2025-05-23,Australia,Gladstone,Paradip,Supramax,Limestone,18992.44,603.92,128.527,38.84,21.23,39.14,6700.0,507.6
2025-05-30,Australia,Gladstone,Paradip,Supramax,Limestone,18617.19,604.3,128.698,48.14,34.68,41.27,6700.0,507.6
2025-06-06,Australia,Gladstone,Paradip,Supramax,Limestone,19049.98,592.35,125.199,55.76,21.18,43.5,6700.0,507.6
2025-06-13,Australia,Gladstone,Paradip,Supramax,Limestone,18595.9,593.53,125.294,74.75,35.74,43.61,6700.0,507.6
2025-06-20,Australia,Gladstone,Paradip,Supramax,Limestone,18333.79,595.44,125.535,79.48,40.12,23.87,6700.0,507.6
2025-06-27,Australia,Gladstone,Paradip,Supramax,Limestone,17778.49,596.43,125.688,72.42,35.67,30.5,6700.0,507.6
2025-07-04,Australia,Gladstone,Paradip,Supramax,Limestone,15922.02,580.39,120.7,80.69,33.64,25.89,6700.0,507.6
2025-07-11,Australia,Gladstone,Paradip,Supramax,Limestone,14973.13,580.91,120.842,71.39,44.07,28.1,6700.0,507.6
2025-07-18,Australia,Gladstone,Paradip,Supramax,Limestone,15448.05,580.77,121.048,70.04,22.4,37.55,6700.0,507.6
2025-07-25,Australia,Gladstone,Paradip,Supramax,Limestone,15333.4,580.35,121.223,77.77,39.48,33.11,6700.0,507.6
2025-08-01,Australia,Gladstone,Paradip,Supramax,Limestone,15031.5,563.36,116.239,84.28,35.65,31.66,6700.0,507.6
2025-08-08,Australia,Gladstone,Paradip,Supramax,Limestone,14669.58,564.22,116.402,84.26,31.99,44.96,6700.0,507.6
2025-08-15,Australia,Gladstone,Paradip,Supramax,Limestone,15341.88,563.54,116.552,76.16,49.47,39.03,6700.0,507.6
2025-08-22,Australia,Gladstone,Paradip,Supramax,Limestone,14752.92,563.04,116.689,68.31,33.6,30.46,6700.0,507.6
2025-08-29,Australia,Gladstone,Paradip,Supramax,Limestone,14942.24,563.86,116.796,69.45,30.7,42.45,6700.0,507.6
2025-09-05,Australia,Gladstone,Paradip,Supramax,Limestone,15793.81,551.41,113.114,69.37,36.86,48.94,6700.0,507.6
2025-09-12,Australia,Gladstone,Paradip,Supramax,Limestone,15484.81,551.52,113.273,80.56,43.22,41.11,6700.0,507.6
2025-09-19,Australia,Gladstone,Paradip,Supramax,Limestone,15817.2,551.47,113.419,81.91,41.98,41.06,6700.0,507.6
2025-09-26,Australia,Gladstone,Paradip,Supramax,Limestone,15282.64,551.78,113.621,73.87,48.8,40.65,6700.0,507.6
2025-10-03,Australia,Gladstone,Paradip,Supramax,Limestone,15696.62,547.61,112.37,74.14,45.74,37.1,6700.0,507.6
2025-10-10,Australia,Gladstone,Paradip,Supramax,Limestone,16208.58,548.11,112.523,65.06,41.51,34.33,6700.0,507.6
2025-10-17,Australia,Gladstone,Paradip,Supramax,Limestone,15616.58,549.56,112.722,69.68,35.78,34.85,6700.0,507.6
2025-10-24,Australia,Gladstone,Paradip,Supramax,Limestone,15895.94,549.07,112.875,65.78,33.21,34.97,6700.0,507.6
2025-10-31,Australia,Gladstone,Paradip,Supramax,Limestone,16490.92,551.01,113.111,52.48,26.69,31.91,6700.0,507.6
2025-11-07,Australia,Gladstone,Paradip,Supramax,Limestone,17464.81,555.99,114.727,49.9,28.51,43.55,6700.0,507.6
2025-11-14,Australia,Gladstone,Paradip,Supramax,Limestone,17966.85,556.79,114.869,41.35,27.94,38.03,6700.0,507.6
2025-11-21,Australia,Gladstone,Paradip,Supramax,Limestone,17941.81,557.25,115.01,54.49,32.78,32.28,6700.0,507.6
2025-11-28,Australia,Gladstone,Paradip,Supramax,Limestone,18206.38,557.34,115.167,44.36,27.18,46.24,6700.0,507.6
2025-12-05,Australia,Gladstone,Paradip,Supramax,Limestone,17610.5,570.38,119.179,39.72,14.9,39.34,6700.0,507.6
2025-12-12,Australia,Gladstone,Paradip,Supramax,Limestone,18032.76,569.95,119.268,52.4,23.66,43.94,6700.0,507.6
2025-12-19,Australia,Gladstone,Paradip,Supramax,Limestone,17594.45,571.27,119.494,61.21,27.51,32.65,6700.0,507.6
2025-12-26,Australia,Gladstone,Paradip,Supramax,Limestone,18186.79,571.74,119.623,49.08,30.2,41.1,6700.0,507.6
2026-01-02,Australia,Gladstone,Paradip,Supramax,Limestone,17689.32,590.07,125.104,46.03,29.1,43.3,6700.0,507.6
2026-01-09,Australia,Gladstone,Paradip,Supramax,Limestone,17563.36,590.75,125.166,28.02,26.06,31.57,6700.0,507.6
2026-01-16,Australia,Gladstone,Paradip,Supramax,Limestone,17532.5,592.22,125.356,37.56,18.69,30.62,6700.0,507.6
2026-01-23,Australia,Gladstone,Paradip,Supramax,Limestone,17078.77,592.95,125.509,32.53,6.47,35.17,6700.0,507.6
2026-01-30,Australia,Gladstone,Paradip,Supramax,Limestone,17265.34,593.53,125.692,53.41,35.22,32.85,6700.0,507.6
2026-02-06,Australia,Gladstone,Paradip,Supramax,Limestone,17126.47,611.69,131.166,49.19,26.62,43.82,6700.0,507.6
2026-02-13,Australia,Gladstone,Paradip,Supramax,Limestone,16175.42,611.21,131.281,44.8,28.59,35.71,6700.0,507.6
2026-02-20,Australia,Gladstone,Paradip,Supramax,Limestone,16156.3,612.26,131.417,34.55,24.04,38.51,6700.0,507.6
2026-02-27,Australia,Gladstone,Paradip,Supramax,Limestone,15930.33,612.34,131.637,47.78,27.54,43.91,6700.0,507.6
2026-03-06,Australia,Gladstone,Paradip,Supramax,Limestone,16279.74,624.88,135.723,47.57,34.96,44.63,6700.0,507.6
2026-03-13,Australia,Gladstone,Paradip,Supramax,Limestone,15462.11,623.93,135.977,53.08,31.57,36.72,6700.0,507.6
2026-03-20,Australia,Gladstone,Paradip,Supramax,Limestone,15406.77,623.76,136.192,40.26,22.08,38.75,6700.0,507.6
2026-03-27,Australia,Gladstone,Paradip,Supramax,Limestone,14635.09,624.36,136.404,42.86,12.71,53.58,6700.0,507.6
2026-04-03,Australia,Gladstone,Paradip,Supramax,Limestone,15594.54,630.3,138.054,52.38,31.56,47.23,6700.0,507.6
2026-04-10,Australia,Gladstone,Paradip,Supramax,Limestone,15615.33,630.93,138.323,59.54,27.9,36.02,6700.0,507.6
2026-04-17,Australia,Gladstone,Paradip,Supramax,Limestone,16030.98,630.89,138.427,56.48,27.71,43.76,6700.0,507.6
2026-04-24,Australia,Gladstone,Paradip,Supramax,Limestone,16808.99,631.84,138.581,58.2,31.72,33.06,6700.0,507.6
2026-05-01,Australia,Gladstone,Paradip,Supramax,Limestone,17783.23,627.4,137.284,69.06,38.58,40.04,6700.0,507.6
2026-05-08,Australia,Gladstone,Paradip,Supramax,Limestone,17990.63,628.03,137.541,62.57,40.18,44.97,6700.0,507.6
2026-05-15,Australia,Gladstone,Paradip,Supramax,Limestone,17410.3,628.03,137.663,60.44,28.02,35.14,6700.0,507.6
2026-05-22,Australia,Gladstone,Paradip,Supramax,Limestone,17606.26,628.23,137.866,59.35,27.07,52.56,6700.0,507.6
2026-05-29,Australia,Gladstone,Paradip,Supramax,Limestone,18562.18,629.73,138.111,61.77,22.32,40.68,6700.0,507.6
2026-06-05,Australia,Gladstone,Paradip,Supramax,Limestone,17349.41,617.53,134.352,67.32,19.67,43.13,6700.0,507.6
2026-06-12,Australia,Gladstone,Paradip,Supramax,Limestone,17995.13,618.21,134.51,63.99,38.24,22.72,6700.0,507.6
2026-06-19,Australia,Gladstone,Paradip,Supramax,Limestone,17939.81,618.08,134.752,81.73,49.61,35.67,6700.0,507.6
2026-06-26,Australia,Gladstone,Paradip,Supramax,Limestone,18217.18,618.4,135.023,79.49,54.68,42.06,6700.0,507.6
2026-07-03,Australia,Gladstone,Paradip,Supramax,Limestone,16676.4,601.57,129.684,69.32,21.41,30.51,6700.0,507.6
2026-07-10,Australia,Gladstone,Paradip,Supramax,Limestone,15721.79,601.02,129.969,68.39,31.87,40.25,6700.0,507.6
2026-07-17,Australia,Gladstone,Paradip,Supramax,Limestone,15593.42,601.11,130.204,76.77,43.21,32.55,6700.0,507.6
2026-07-24,Australia,Gladstone,Paradip,Supramax,Limestone,15326.77,602.42,130.401,85.75,41.76,46.52,6700.0,507.6
2026-07-31,Australia,Gladstone,Paradip,Supramax,Limestone,15782.93,602.02,130.602,70.94,22.84,34.25,6700.0,507.6
2026-08-07,Australia,Gladstone,Paradip,Supramax,Limestone,15363.46,584.19,125.218,77.26,37.03,34.88,6700.0,507.6
2026-08-14,Australia,Gladstone,Paradip,Supramax,Limestone,15684.27,584.71,125.37,49.27,30.32,39.5,6700.0,507.6
2026-08-21,Australia,Gladstone,Paradip,Supramax,Limestone,16484.87,585.47,125.56,58.79,41.44,34.74,6700.0,507.6
2026-08-28,Australia,Gladstone,Paradip,Supramax,Limestone,16214.9,585.48,125.753,70.39,56.56,34.27,6700.0,507.6
2026-09-04,Australia,Gladstone,Paradip,Supramax,Limestone,16173.96,572.21,121.815,71.4,40.26,42.8,6700.0,507.6
2026-09-11,Australia,Gladstone,Paradip,Supramax,Limestone,16080.81,571.78,122.068,78.14,47.38,46.12,6700.0,507.6
2026-09-18,Australia,Gladstone,Paradip,Supramax,Limestone,16583.71,572.1,122.256,78.98,37.82,47.69,6700.0,507.6
2026-09-25,Australia,Gladstone,Paradip,Supramax,Limestone,17135.07,572.51,122.483,72.57,31.15,34.26,6700.0,507.6
2023-01-06,Australia,Hay Point,Gangavaram,Capesize,Iron Ore,23747.7,519.44,99.953,5.0,15.76,41.07,6255.0,473.9
2023-01-13,Australia,Hay Point,Gangavaram,Capesize,Iron Ore,24351.2,520.28,100.181,5.0,22.2,29.44,6255.0,473.9
2023-01-20,Australia,Hay Point,Gangavaram,Capesize,Iron Ore,25612.42,521.33,100.291,5.0,23.0,38.98,6255.0,473.9
2023-01-27,Australia,Hay Point,Gangavaram,Capesize,Iron Ore,23357.95,521.82,100.457,5.0,11.51,37.17,6255.0,473.9
2023-02-03,Australia,Hay Point,Gangavaram,Capesize,Iron Ore,22929.83,537.32,104.842,5.0,28.43,30.9,6255.0,473.9
2023-02-10,Australia,Hay Point,Gangavaram,Capesize,Iron Ore,24042.5,538.13,104.936,5.0,27.44,46.64,6255.0,473.9
2023-02-17,Australia,Hay Point,Gangavaram,Capesize,Iron Ore,23183.97,538.09,105.124,5.0,15.85,40.96,6255.0,473.9
2023-02-24,Australia,Hay Point,Gangavaram,Capesize,Iron Ore,22859.16,537.62,105.273,5.0,6.29,38.4,6255.0,473.9
2023-03-03,Australia,Hay Point,Gangavaram,Capesize,Iron Ore,22562.73,550.04,108.663,5.0,8.93,51.2,6255.0,473.9
2023-03-10,Australia,Hay Point,Gangavaram,Capesize,Iron Ore,23017.23,550.18,108.807,5.0,25.76,37.13,6255.0,473.9
2023-03-17,Australia,Hay Point,Gangavaram,Capesize,Iron Ore,22676.21,550.8,108.961,23.72,25.49,43.67,6255.0,473.9
2023-03-24,Australia,Hay Point,Gangavaram,Capesize,Iron Ore,22853.93,551.13,109.087,30.87,36.67,37.86,6255.0,473.9
2023-03-31,Australia,Hay Point,Gangavaram,Capesize,Iron Ore,22027.27,551.86,109.273,31.67,29.43,47.2,6255.0,473.9
2023-04-07,Australia,Hay Point,Gangavaram,Capesize,Iron Ore,21822.52,556.7,110.633,53.06,39.92,38.69,6255.0,473.9
2023-04-14,Australia,Hay Point,Gangavaram,Capesize,Iron Ore,22037.16,557.28,110.782,63.98,51.69,43.95,6255.0,473.9
2023-04-21,Australia,Hay Point,Gangavaram,Capesize,Iron Ore,22321.31,557.72,110.927,65.12,47.48,47.62,6255.0,473.9
2023-04-28,Australia,Hay Point,Gangavaram,Capesize,Iron Ore,24351.33,557.74,111.121,32.28,34.62,32.41,6255.0,473.9
2023-05-05,Australia,Hay Point,Gangavaram,Capesize,Iron Ore,26314.7,554.54,110.187,46.92,49.69,35.86,6255.0,473.9
2023-05-12,Australia,Hay Point,Gangavaram,Capesize,Iron Ore,25342.51,555.82,110.331,59.14,43.8,38.82,6255.0,473.9
2023-05-19,Australia,Hay Point,Gangavaram,Capesize,Iron Ore,24328.44,556.04,110.489,48.93,33.4,44.39,6255.0,473.9
2023-05-26,Australia,Hay Point,Gangavaram,Capesize,Iron Ore,24360.64,556.56,110.636,40.73,41.01,36.47,6255.0,473.9
2023-06-02,Australia,Hay Point,Gangavaram,Capesize,Iron Ore,23823.87,545.41,107.547,57.03,40.57,34.22,6255.0,473.9
2023-06-09,Australia,Hay Point,Gangavaram,Capesize,Iron Ore,24723.72,545.93,107.673,54.78,45.31,43.69,6255.0,473.9
2023-06-16,Australia,Hay Point,Gangavaram,Capesize,Iron Ore,25570.16,545.73,107.857,54.26,35.3,55.61,6255.0,473.9
2023-06-23,Australia,Hay Point,Gangavaram,Capesize,Iron Ore,25903.62,546.48,108.051,37.97,36.0,37.8,6255.0,473.9
2023-06-30,Australia,Hay Point,Gangavaram,Capesize,Iron Ore,27479.71,546.8,108.217,23.43,44.85,27.43,6255.0,473.9
2023-07-07,Australia,Hay Point,Gangavaram,Capesize,Iron Ore,24348.63,532.29,103.935,29.52,29.94,31.25,6255.0,473.9
2023-07-14,Australia,Hay Point,Gangavaram,Capesize,Iron Ore,23990.89,533.63,104.072,39.73,31.96,44.93,6255.0,473.9
2023-07-21,Australia,Hay Point,Gangavaram,Capesize,Iron Ore,23750.31,533.88,104.234,54.01,33.65,30.76,6255.0,473.9
2023-07-28,Australia,Hay Point,Gangavaram,Capesize,Iron Ore,24215.33,534.23,104.435,63.47,36.27,33.47,6255.0,473.9
2023-08-04,Australia,Hay Point,Gangavaram,Capesize,Iron Ore,22557.47,519.06,100.091,62.47,38.07,35.05,6255.0,473.9
2023-08-11,Australia,Hay Point,Gangavaram,Capesize,Iron Ore,23202.8,519.47,100.282,70.51,42.2,42.86,6255.0,473.9
2023-08-18,Australia,Hay Point,Gangavaram,Capesize,Iron Ore,23602.17,520.39,100.464,89.12,59.25,35.77,6255.0,473.9
2023-08-25,Australia,Hay Point,Gangavaram,Capesize,Iron Ore,23129.36,520.38,100.59,96.83,55.43,32.42,6255.0,473.9
2023-09-01,Australia,Hay Point,Gangavaram,Capesize,Iron Ore,23074.26,509.19,97.473,89.03,49.23,36.7,6255.0,473.9
2023-09-08,Australia,Hay Point,Gangavaram,Capesize,Iron Ore,22877.22,510.0,97.607,81.86,43.44,40.68,6255.0,473.9
2023-09-15,Australia,Hay Point,Gangavaram,Capesize,Iron Ore,22912.71,510.38,97.757,74.84,50.29,34.07,6255.0,473.9
2023-09-22,Australia,Hay Point,Gangavaram,Capesize,Iron Ore,22634.64,510.84,97.906,76.75,57.88,42.22,6255.0,473.9
2023-09-29,Australia,Hay Point,Gangavaram,Capesize,Iron Ore,23095.05,511.63,98.025,62.98,45.58,41.72,6255.0,473.9
2023-10-06,Australia,Hay Point,Gangavaram,Capesize,Iron Ore,24657.41,508.2,97.005,11.52,28.89,42.08,6255.0,473.9
2023-10-13,Australia,Hay Point,Gangavaram,Capesize,Iron Ore,24429.6,508.88,97.232,19.16,36.16,39.4,6255.0,473.9
2023-10-20,Australia,Hay Point,Gangavaram,Capesize,Iron Ore,22400.96,509.12,97.428,26.84,21.52,37.24,6255.0,473.9
2023-10-27,Australia,Hay Point,Gangavaram,Capesize,Iron Ore,22462.81,509.52,97.6,11.01,14.94,42.29,6255.0,473.9
2023-11-03,Australia,Hay Point,Gangavaram,Capesize,Iron Ore,23238.45,514.1,98.945,27.04,36.72,32.99,6255.0,473.9
2023-11-10,Australia,Hay Point,Gangavaram,Capesize,Iron Ore,24247.55,514.58,99.043,22.18,26.36,42.85,6255.0,473.9
2023-11-17,Australia,Hay Point,Gangavaram,Capesize,Iron Ore,24519.7,515.08,99.222,26.59,34.69,32.63,6255.0,473.9
2023-11-24,Australia,Hay Point,Gangavaram,Capesize,Iron Ore,24372.45,514.17,99.396,27.5,38.48,47.06,6255.0,473.9
2023-12-01,Australia,Hay Point,Gangavaram,Capesize,Iron Ore,23794.18,527.15,102.902,33.99,36.33,45.74,6255.0,473.9
2023-12-08,Australia,Hay Point,Gangavaram,Capesize,Iron Ore,22822.02,527.21,103.013,45.19,28.6,41.06,6255.0,473.9
2023-12-15,Australia,Hay Point,Gangavaram,Capesize,Iron Ore,22556.53,527.02,103.146,42.88,40.09,35.87,6255.0,473.9
2023-12-22,Australia,Hay Point,Gangavaram,Capesize,Iron Ore,22704.25,527.39,103.305,26.72,26.48,36.81,6255.0,473.9
2023-12-29,Australia,Hay Point,Gangavaram,Capesize,Iron Ore,22964.54,527.45,103.441,5.0,26.01,37.22,6255.0,473.9
2024-01-05,Australia,Hay Point,Gangavaram,Capesize,Iron Ore,21178.68,544.11,108.183,19.81,31.47,38.36,6255.0,473.9
2024-01-12,Australia,Hay Point,Gangavaram,Capesize,Iron Ore,22858.07,544.23,108.39,8.01,22.8,36.41,6255.0,473.9
2024-01-19,Australia,Hay Point,Gangavaram,Capesize,Iron Ore,23494.37,544.9,108.553,7.01,23.54,36.04,6255.0,473.9
2024-01-26,Australia,Hay Point,Gangavaram,Capesize,Iron Ore,23506.83,545.86,108.66,5.0,11.01,33.97,6255.0,473.9
2024-02-02,Australia,Hay Point,Gangavaram,Capesize,Iron Ore,23682.76,560.88,113.443,12.09,21.89,33.5,6255.0,473.9
2024-02-09,Australia,Hay Point,Gangavaram,Capesize,Iron Ore,24034.27,561.27,113.508,5.0,5.43,39.0,6255.0,473.9
2024-02-16,Australia,Hay Point,Gangavaram,Capesize,Iron Ore,23960.59,561.54,113.732,5.0,19.24,47.51,6255.0,473.9
2024-02-23,Australia,Hay Point,Gangavaram,Capesize,Iron Ore,24433.25,561.47,113.906,5.0,20.58,29.19,6255.0,473.9
2024-03-01,Australia,Hay Point,Gangavaram,Capesize,Iron Ore,25294.95,573.69,117.508,5.0,27.57,40.89,6255.0,473.9
2024-03-08,Australia,Hay Point,Gangavaram,Capesize,Iron Ore,24907.01,573.98,117.586,17.33,42.27,25.61,6255.0,473.9
2024-03-15,Australia,Hay Point,Gangavaram,Capesize,Iron Ore,23701.05,575.21,117.738,13.25,23.19,43.03,6255.0,473.9
2024-03-22,Australia,Hay Point,Gangavaram,Capesize,Iron Ore,23067.19,575.06,117.953,5.0,21.33,38.05,6255.0,473.9
2024-03-29,Australia,Hay Point,Gangavaram,Capesize,Iron Ore,22236.92,575.25,117.989,5.0,12.95,37.65,6255.0,473.9
2024-04-05,Australia,Hay Point,Gangavaram,Capesize,Iron Ore,23641.74,580.3,119.378,34.27,35.11,52.35,6255.0,473.9
2024-04-12,Australia,Hay Point,Gangavaram,Capesize,Iron Ore,24524.09,580.8,119.451,26.68,34.66,44.57,6255.0,473.9
2024-04-19,Australia,Hay Point,Gangavaram,Capesize,Iron Ore,25593.98,580.53,119.616,37.04,33.43,38.17,6255.0,473.9
2024-04-26,Australia,Hay Point,Gangavaram,Capesize,Iron Ore,26403.62,582.32,119.809,10.07,22.48,47.01,6255.0,473.9
2024-05-03,Australia,Hay Point,Gangavaram,Capesize,Iron Ore,27067.44,577.86,118.651,28.23,28.73,36.82,6255.0,473.9
2024-05-10,Australia,Hay Point,Gangavaram,Capesize,Iron Ore,26349.3,577.33,118.872,28.45,33.87,44.43,6255.0,473.9
2024-05-17,Australia,Hay Point,Gangavaram,Capesize,Iron Ore,26139.08,576.78,119.112,41.07,25.76,51.83,6255.0,473.9
2024-05-24,Australia,Hay Point,Gangavaram,Capesize,Iron Ore,25807.51,577.82,119.319,43.19,35.18,50.69,6255.0,473.9
2024-05-31,Australia,Hay Point,Gangavaram,Capesize,Iron Ore,27249.45,577.43,119.443,42.04,31.81,38.25,6255.0,473.9
2024-06-07,Australia,Hay Point,Gangavaram,Capesize,Iron Ore,25590.41,566.46,116.203,61.87,50.06,31.72,6255.0,473.9
2024-06-14,Australia,Hay Point,Gangavaram,Capesize,Iron Ore,25635.3,566.7,116.424,53.78,47.32,34.24,6255.0,473.9
2024-06-21,Australia,Hay Point,Gangavaram,Capesize,Iron Ore,25112.17,566.87,116.559,57.37,37.96,44.3,6255.0,473.9
2024-06-28,Australia,Hay Point,Gangavaram,Capesize,Iron Ore,25101.09,567.45,116.755,54.02,41.74,30.49,6255.0,473.9
2024-07-05,Australia,Hay Point,Gangavaram,Capesize,Iron Ore,22695.06,551.08,112.143,66.11,56.67,37.72,6255.0,473.9
2024-07-12,Australia,Hay Point,Gangavaram,Capesize,Iron Ore,22440.91,551.81,112.386,88.64,63.61,35.28,6255.0,473.9
2024-07-19,Australia,Hay Point,Gangavaram,Capesize,Iron Ore,22565.57,552.63,112.618,60.2,40.55,25.48,6255.0,473.9
2024-07-26,Australia,Hay Point,Gangavaram,Capesize,Iron Ore,22470.55,553.89,112.737,67.46,52.73,34.79,6255.0,473.9
2024-08-02,Australia,Hay Point,Gangavaram,Capesize,Iron Ore,21544.12,537.93,108.097,55.0,48.51,35.86,6255.0,473.9
2024-08-09,Australia,Hay Point,Gangavaram,Capesize,Iron Ore,20405.27,538.93,108.291,52.67,46.8,44.61,6255.0,473.9
2024-08-16,Australia,Hay Point,Gangavaram,Capesize,Iron Ore,20418.32,538.68,108.429,58.88,44.98,41.44,6255.0,473.9
2024-08-23,Australia,Hay Point,Gangavaram,Capesize,Iron Ore,21225.83,538.21,108.63,49.63,45.5,36.42,6255.0,473.9
2024-08-30,Australia,Hay Point,Gangavaram,Capesize,Iron Ore,21826.59,538.54,108.875,52.0,44.7,42.78,6255.0,473.9
2024-09-06,Australia,Hay Point,Gangavaram,Capesize,Iron Ore,23075.6,526.33,105.496,10.83,22.04,46.83,6255.0,473.9
2024-09-13,Australia,Hay Point,Gangavaram,Capesize,Iron Ore,23416.98,526.75,105.559,5.0,26.59,55.45,6255.0,473.9
2024-09-20,Australia,Hay Point,Gangavaram,Capesize,Iron Ore,23119.5,527.35,105.712,5.0,27.27,34.84,6255.0,473.9
2024-09-27,Australia,Hay Point,Gangavaram,Capesize,Iron Ore,22880.81,528.52,105.961,17.69,16.65,34.39,6255.0,473.9
2024-10-04,Australia,Hay Point,Gangavaram,Capesize,Iron Ore,24322.93,525.36,104.828,24.84,31.04,38.0,6255.0,473.9
2024-10-11,Australia,Hay Point,Gangavaram,Capesize,Iron Ore,24808.06,525.17,104.937,16.12,17.63,37.44,6255.0,473.9
2024-10-18,Australia,Hay Point,Gangavaram,Capesize,Iron Ore,24279.42,524.63,105.099,32.92,25.35,45.18,6255.0,473.9
2024-10-25,Australia,Hay Point,Gangavaram,Capesize,Iron Ore,24056.56,524.91,105.193,18.31,20.31,47.11,6255.0,473.9
2024-11-01,Australia,Hay Point,Gangavaram,Capesize,Iron Ore,24294.14,530.26,106.64,20.07,31.83,43.6,6255.0,473.9
2024-11-08,Australia,Hay Point,Gangavaram,Capesize,Iron Ore,24831.07,531.01,106.817,11.94,23.48,33.18,6255.0,473.9
2024-11-15,Australia,Hay Point,Gangavaram,Capesize,Iron Ore,24919.72,531.08,107.0,11.91,16.13,38.46,6255.0,473.9
2024-11-22,Australia,Hay Point,Gangavaram,Capesize,Iron Ore,25734.08,531.54,107.099,17.24,31.69,43.45,6255.0,473.9
2024-11-29,Australia,Hay Point,Gangavaram,Capesize,Iron Ore,25324.42,531.3,107.256,29.88,31.27,42.79,6255.0,473.9
2024-12-06,Australia,Hay Point,Gangavaram,Capesize,Iron Ore,24049.92,544.72,110.972,22.37,23.3,37.62,6255.0,473.9
2024-12-13,Australia,Hay Point,Gangavaram,Capesize,Iron Ore,24485.49,545.5,111.069,27.22,23.65,42.27,6255.0,473.9
2024-12-20,Australia,Hay Point,Gangavaram,Capesize,Iron Ore,23748.95,545.41,111.28,23.23,28.69,40.36,6255.0,473.9
2024-12-27,Australia,Hay Point,Gangavaram,Capesize,Iron Ore,24239.77,545.35,111.403,27.91,24.0,37.07,6255.0,473.9
2025-01-03,Australia,Hay Point,Gangavaram,Capesize,Iron Ore,23147.56,562.67,116.466,24.97,28.97,35.25,6255.0,473.9
2025-01-10,Australia,Hay Point,Gangavaram,Capesize,Iron Ore,23082.48,564.21,116.576,22.11,31.21,32.4,6255.0,473.9
2025-01-17,Australia,Hay Point,Gangavaram,Capesize,Iron Ore,22743.98,564.36,116.642,41.39,42.81,35.35,6255.0,473.9
2025-01-24,Australia,Hay Point,Gangavaram,Capesize,Iron Ore,23558.2,564.76,116.896,30.56,16.95,36.2,6255.0,473.9
2025-01-31,Australia,Hay Point,Gangavaram,Capesize,Iron Ore,23278.74,564.98,117.171,5.0,18.46,27.48,6255.0,473.9
2025-02-07,Australia,Hay Point,Gangavaram,Capesize,Iron Ore,23868.21,582.12,122.351,7.94,17.95,36.43,6255.0,473.9
2025-02-14,Australia,Hay Point,Gangavaram,Capesize,Iron Ore,23312.97,582.6,122.541,5.0,8.72,37.25,6255.0,473.9
2025-02-21,Australia,Hay Point,Gangavaram,Capesize,Iron Ore,24004.82,582.52,122.748,6.53,16.67,35.31,6255.0,473.9
2025-02-28,Australia,Hay Point,Gangavaram,Capesize,Iron Ore,24367.31,583.03,122.945,5.0,25.02,37.68,6255.0,473.9
2025-03-07,Australia,Hay Point,Gangavaram,Capesize,Iron Ore,25093.41,595.82,126.87,5.0,24.08,45.79,6255.0,473.9
2025-03-14,Australia,Hay Point,Gangavaram,Capesize,Iron Ore,26678.08,596.01,127.049,5.0,29.11,46.73,6255.0,473.9
2025-03-21,Australia,Hay Point,Gangavaram,Capesize,Iron Ore,25579.61,597.42,127.153,5.0,20.36,36.13,6255.0,473.9
2025-03-28,Australia,Hay Point,Gangavaram,Capesize,Iron Ore,25318.04,598.46,127.253,14.35,19.9,39.06,6255.0,473.9
2025-04-04,Australia,Hay Point,Gangavaram,Capesize,Iron Ore,26565.13,602.6,128.664,49.7,22.36,39.16,6255.0,473.9
2025-04-11,Australia,Hay Point,Gangavaram,Capesize,Iron Ore,26483.83,602.95,128.854,53.2,39.45,42.09,6255.0,473.9
2025-04-18,Australia,Hay Point,Gangavaram,Capesize,Iron Ore,26304.6,603.34,128.987,47.22,32.1,60.25,6255.0,473.9
2025-04-25,Australia,Hay Point,Gangavaram,Capesize,Iron Ore,25552.93,604.73,129.167,53.27,51.89,39.83,6255.0,473.9
2025-05-02,Australia,Hay Point,Gangavaram,Capesize,Iron Ore,25178.27,601.49,127.919,61.19,34.47,30.18,6255.0,473.9
2025-05-09,Australia,Hay Point,Gangavaram,Capesize,Iron Ore,24829.93,601.84,128.075,66.61,40.49,42.36,6255.0,473.9
2025-05-16,Australia,Hay Point,Gangavaram,Capesize,Iron Ore,23767.37,602.97,128.335,57.37,50.24,43.84,6255.0,473.9
2025-05-23,Australia,Hay Point,Gangavaram,Capesize,Iron Ore,23768.02,603.92,128.527,40.07,43.22,39.14,6255.0,473.9
2025-05-30,Australia,Hay Point,Gangavaram,Capesize,Iron Ore,24160.09,604.3,128.698,44.73,40.64,41.27,6255.0,473.9
2025-06-06,Australia,Hay Point,Gangavaram,Capesize,Iron Ore,22195.04,592.35,125.199,40.72,19.17,43.5,6255.0,473.9
2025-06-13,Australia,Hay Point,Gangavaram,Capesize,Iron Ore,23431.02,593.53,125.294,38.5,36.28,43.61,6255.0,473.9
2025-06-20,Australia,Hay Point,Gangavaram,Capesize,Iron Ore,22912.25,595.44,125.535,63.42,51.87,23.87,6255.0,473.9
2025-06-27,Australia,Hay Point,Gangavaram,Capesize,Iron Ore,22776.13,596.43,125.688,59.68,47.01,30.5,6255.0,473.9
2025-07-04,Australia,Hay Point,Gangavaram,Capesize,Iron Ore,21933.01,580.39,120.7,56.6,47.46,25.89,6255.0,473.9
2025-07-11,Australia,Hay Point,Gangavaram,Capesize,Iron Ore,21830.41,580.91,120.842,57.19,45.32,28.1,6255.0,473.9
2025-07-18,Australia,Hay Point,Gangavaram,Capesize,Iron Ore,22233.87,580.77,121.048,57.79,42.66,37.55,6255.0,473.9
2025-07-25,Australia,Hay Point,Gangavaram,Capesize,Iron Ore,23494.39,580.35,121.223,45.52,32.4,33.11,6255.0,473.9
2025-08-01,Australia,Hay Point,Gangavaram,Capesize,Iron Ore,22063.67,563.36,116.239,35.32,33.89,31.66,6255.0,473.9
2025-08-08,Australia,Hay Point,Gangavaram,Capesize,Iron Ore,22287.88,564.22,116.402,56.42,45.2,44.96,6255.0,473.9
2025-08-15,Australia,Hay Point,Gangavaram,Capesize,Iron Ore,23496.28,563.54,116.552,40.58,33.52,39.03,6255.0,473.9
2025-08-22,Australia,Hay Point,Gangavaram,Capesize,Iron Ore,24085.28,563.04,116.689,32.26,27.65,30.46,6255.0,473.9
2025-08-29,Australia,Hay Point,Gangavaram,Capesize,Iron Ore,24315.64,563.86,116.796,39.02,31.86,42.45,6255.0,473.9
2025-09-05,Australia,Hay Point,Gangavaram,Capesize,Iron Ore,24580.72,551.41,113.114,50.18,26.74,48.94,6255.0,473.9
2025-09-12,Australia,Hay Point,Gangavaram,Capesize,Iron Ore,26064.15,551.52,113.273,29.35,36.94,41.11,6255.0,473.9
2025-09-19,Australia,Hay Point,Gangavaram,Capesize,Iron Ore,24778.2,551.47,113.419,30.47,32.06,41.06,6255.0,473.9
2025-09-26,Australia,Hay Point,Gangavaram,Capesize,Iron Ore,24004.25,551.78,113.621,26.78,31.26,40.65,6255.0,473.9
2025-10-03,Australia,Hay Point,Gangavaram,Capesize,Iron Ore,25039.01,547.61,112.37,20.36,27.74,37.1,6255.0,473.9
2025-10-10,Australia,Hay Point,Gangavaram,Capesize,Iron Ore,24545.36,548.11,112.523,18.78,24.7,34.33,6255.0,473.9
2025-10-17,Australia,Hay Point,Gangavaram,Capesize,Iron Ore,25407.47,549.56,112.722,36.07,35.63,34.85,6255.0,473.9
2025-10-24,Australia,Hay Point,Gangavaram,Capesize,Iron Ore,25908.19,549.07,112.875,18.91,19.99,34.97,6255.0,473.9
2025-10-31,Australia,Hay Point,Gangavaram,Capesize,Iron Ore,26139.84,551.01,113.111,33.5,36.3,31.91,6255.0,473.9
2025-11-07,Australia,Hay Point,Gangavaram,Capesize,Iron Ore,27501.0,555.99,114.727,27.28,25.09,43.55,6255.0,473.9
2025-11-14,Australia,Hay Point,Gangavaram,Capesize,Iron Ore,27619.61,556.79,114.869,32.29,41.12,38.03,6255.0,473.9
2025-11-21,Australia,Hay Point,Gangavaram,Capesize,Iron Ore,28706.08,557.25,115.01,24.44,34.23,32.28,6255.0,473.9
2025-11-28,Australia,Hay Point,Gangavaram,Capesize,Iron Ore,28665.1,557.34,115.167,13.55,21.31,46.24,6255.0,473.9
2025-12-05,Australia,Hay Point,Gangavaram,Capesize,Iron Ore,29270.13,570.38,119.179,5.0,16.23,39.34,6255.0,473.9
2025-12-12,Australia,Hay Point,Gangavaram,Capesize,Iron Ore,28692.97,569.95,119.268,5.0,25.36,43.94,6255.0,473.9
2025-12-19,Australia,Hay Point,Gangavaram,Capesize,Iron Ore,28032.82,571.27,119.494,5.0,39.24,32.65,6255.0,473.9
2025-12-26,Australia,Hay Point,Gangavaram,Capesize,Iron Ore,28008.41,571.74,119.623,5.47,22.64,41.1,6255.0,473.9
2026-01-02,Australia,Hay Point,Gangavaram,Capesize,Iron Ore,27370.72,590.07,125.104,8.96,22.85,43.3,6255.0,473.9
2026-01-09,Australia,Hay Point,Gangavaram,Capesize,Iron Ore,27516.18,590.75,125.166,16.84,28.76,31.57,6255.0,473.9
2026-01-16,Australia,Hay Point,Gangavaram,Capesize,Iron Ore,27453.56,592.22,125.356,36.49,24.17,30.62,6255.0,473.9
2026-01-23,Australia,Hay Point,Gangavaram,Capesize,Iron Ore,28052.78,592.95,125.509,5.0,25.07,35.17,6255.0,473.9
2026-01-30,Australia,Hay Point,Gangavaram,Capesize,Iron Ore,28199.86,593.53,125.692,20.14,26.42,32.85,6255.0,473.9
2026-02-06,Australia,Hay Point,Gangavaram,Capesize,Iron Ore,26565.89,611.69,131.166,13.91,21.46,43.82,6255.0,473.9
2026-02-13,Australia,Hay Point,Gangavaram,Capesize,Iron Ore,26185.27,611.21,131.281,5.0,15.75,35.71,6255.0,473.9
2026-02-20,Australia,Hay Point,Gangavaram,Capesize,Iron Ore,26904.04,612.26,131.417,5.0,16.46,38.51,6255.0,473.9
2026-02-27,Australia,Hay Point,Gangavaram,Capesize,Iron Ore,28140.63,612.34,131.637,5.0,19.28,43.91,6255.0,473.9
2026-03-06,Australia,Hay Point,Gangavaram,Capesize,Iron Ore,27947.32,624.88,135.723,12.3,21.93,44.63,6255.0,473.9
2026-03-13,Australia,Hay Point,Gangavaram,Capesize,Iron Ore,28668.36,623.93,135.977,5.0,15.31,36.72,6255.0,473.9
2026-03-20,Australia,Hay Point,Gangavaram,Capesize,Iron Ore,29894.05,623.76,136.192,5.0,32.19,38.75,6255.0,473.9
2026-03-27,Australia,Hay Point,Gangavaram,Capesize,Iron Ore,29185.41,624.36,136.404,5.0,19.91,53.58,6255.0,473.9
2026-04-03,Australia,Hay Point,Gangavaram,Capesize,Iron Ore,31739.7,630.3,138.054,5.0,18.84,47.23,6255.0,473.9
2026-04-10,Australia,Hay Point,Gangavaram,Capesize,Iron Ore,31031.56,630.93,138.323,5.0,40.85,36.02,6255.0,473.9
2026-04-17,Australia,Hay Point,Gangavaram,Capesize,Iron Ore,30422.02,630.89,138.427,5.24,22.78,43.76,6255.0,473.9
2026-04-24,Australia,Hay Point,Gangavaram,Capesize,Iron Ore,31335.54,631.84,138.581,11.27,27.69,33.06,6255.0,473.9
2026-05-01,Australia,Hay Point,Gangavaram,Capesize,Iron Ore,34140.81,627.4,137.284,27.75,33.18,40.04,6255.0,473.9
2026-05-08,Australia,Hay Point,Gangavaram,Capesize,Iron Ore,34330.57,628.03,137.541,11.18,13.42,44.97,6255.0,473.9
2026-05-15,Australia,Hay Point,Gangavaram,Capesize,Iron Ore,33866.89,628.03,137.663,5.41,20.65,35.14,6255.0,473.9
2026-05-22,Australia,Hay Point,Gangavaram,Capesize,Iron Ore,33212.12,628.23,137.866,16.2,25.78,52.56,6255.0,473.9
2026-05-29,Australia,Hay Point,Gangavaram,Capesize,Iron Ore,32358.11,629.73,138.111,26.94,18.03,40.68,6255.0,473.9
2026-06-05,Australia,Hay Point,Gangavaram,Capesize,Iron Ore,30671.03,617.53,134.352,23.25,33.86,43.13,6255.0,473.9
2026-06-12,Australia,Hay Point,Gangavaram,Capesize,Iron Ore,31072.03,618.21,134.51,6.86,18.82,22.72,6255.0,473.9
2026-06-19,Australia,Hay Point,Gangavaram,Capesize,Iron Ore,31156.64,618.08,134.752,5.0,13.09,35.67,6255.0,473.9
2026-06-26,Australia,Hay Point,Gangavaram,Capesize,Iron Ore,31715.0,618.4,135.023,8.13,19.13,42.06,6255.0,473.9
2026-07-03,Australia,Hay Point,Gangavaram,Capesize,Iron Ore,27383.97,601.57,129.684,12.83,29.53,30.51,6255.0,473.9
2026-07-10,Australia,Hay Point,Gangavaram,Capesize,Iron Ore,27291.93,601.02,129.969,5.0,25.55,40.25,6255.0,473.9
2026-07-17,Australia,Hay Point,Gangavaram,Capesize,Iron Ore,27698.42,601.11,130.204,9.53,24.27,32.55,6255.0,473.9
2026-07-24,Australia,Hay Point,Gangavaram,Capesize,Iron Ore,25679.9,602.42,130.401,34.1,26.79,46.52,6255.0,473.9
2026-07-31,Australia,Hay Point,Gangavaram,Capesize,Iron Ore,26441.17,602.02,130.602,16.46,12.37,34.25,6255.0,473.9
2026-08-07,Australia,Hay Point,Gangavaram,Capesize,Iron Ore,24178.79,584.19,125.218,29.58,14.25,34.88,6255.0,473.9
2026-08-14,Australia,Hay Point,Gangavaram,Capesize,Iron Ore,24941.85,584.71,125.37,29.5,33.04,39.5,6255.0,473.9
2026-08-21,Australia,Hay Point,Gangavaram,Capesize,Iron Ore,25404.8,585.47,125.56,28.34,23.4,34.74,6255.0,473.9
2026-08-28,Australia,Hay Point,Gangavaram,Capesize,Iron Ore,24533.04,585.48,125.753,28.5,21.41,34.27,6255.0,473.9
2026-09-04,Australia,Hay Point,Gangavaram,Capesize,Iron Ore,26840.18,572.21,121.815,5.0,12.14,42.8,6255.0,473.9
2026-09-11,Australia,Hay Point,Gangavaram,Capesize,Iron Ore,28005.16,571.78,122.068,5.0,10.45,46.12,6255.0,473.9
2026-09-18,Australia,Hay Point,Gangavaram,Capesize,Iron Ore,27940.19,572.1,122.256,37.46,35.85,47.69,6255.0,473.9
2026-09-25,Australia,Hay Point,Gangavaram,Capesize,Iron Ore,27878.14,572.51,122.483,37.81,30.85,34.26,6255.0,473.9
2023-01-06,Australia,Hay Point,Haldia,Panamax,Coal,17906.8,519.44,99.953,72.0,27.26,41.07,6710.0,508.3
2023-01-13,Australia,Hay Point,Haldia,Panamax,Coal,17994.39,520.28,100.181,67.29,14.89,29.44,6710.0,508.3
2023-01-20,Australia,Hay Point,Haldia,Panamax,Coal,18801.24,521.33,100.291,69.86,23.74,38.98,6710.0,508.3
2023-01-27,Australia,Hay Point,Haldia,Panamax,Coal,18089.63,521.82,100.457,72.92,17.7,37.17,6710.0,508.3
2023-02-03,Australia,Hay Point,Haldia,Panamax,Coal,17898.79,537.32,104.842,71.33,21.1,30.9,6710.0,508.3
2023-02-10,Australia,Hay Point,Haldia,Panamax,Coal,17641.59,538.13,104.936,68.72,32.41,46.64,6710.0,508.3
2023-02-17,Australia,Hay Point,Haldia,Panamax,Coal,17405.53,538.09,105.124,66.16,29.09,40.96,6710.0,508.3
2023-02-24,Australia,Hay Point,Haldia,Panamax,Coal,17644.57,537.62,105.273,66.91,19.46,38.4,6710.0,508.3
2023-03-03,Australia,Hay Point,Haldia,Panamax,Coal,17238.68,550.04,108.663,65.88,17.4,51.2,6710.0,508.3
2023-03-10,Australia,Hay Point,Haldia,Panamax,Coal,17066.06,550.18,108.807,63.81,20.08,37.13,6710.0,508.3
2023-03-17,Australia,Hay Point,Haldia,Panamax,Coal,16614.57,550.8,108.961,69.08,17.05,43.67,6710.0,508.3
2023-03-24,Australia,Hay Point,Haldia,Panamax,Coal,16833.04,551.13,109.087,78.21,28.54,37.86,6710.0,508.3
2023-03-31,Australia,Hay Point,Haldia,Panamax,Coal,16479.2,551.86,109.273,82.36,19.48,47.2,6710.0,508.3
2023-04-07,Australia,Hay Point,Haldia,Panamax,Coal,17972.05,556.7,110.633,87.52,25.73,38.69,6710.0,508.3
2023-04-14,Australia,Hay Point,Haldia,Panamax,Coal,18266.28,557.28,110.782,84.83,19.38,43.95,6710.0,508.3
2023-04-21,Australia,Hay Point,Haldia,Panamax,Coal,17932.35,557.72,110.927,81.55,29.25,47.62,6710.0,508.3
2023-04-28,Australia,Hay Point,Haldia,Panamax,Coal,17641.06,557.74,111.121,92.34,32.8,32.41,6710.0,508.3
2023-05-05,Australia,Hay Point,Haldia,Panamax,Coal,17400.86,554.54,110.187,99.0,33.23,35.86,6710.0,508.3
2023-05-12,Australia,Hay Point,Haldia,Panamax,Coal,16648.33,555.82,110.331,99.0,28.82,38.82,6710.0,508.3
2023-05-19,Australia,Hay Point,Haldia,Panamax,Coal,17107.15,556.04,110.489,97.07,39.29,44.39,6710.0,508.3
2023-05-26,Australia,Hay Point,Haldia,Panamax,Coal,17866.4,556.56,110.636,96.65,35.25,36.47,6710.0,508.3
2023-06-02,Australia,Hay Point,Haldia,Panamax,Coal,18360.75,545.41,107.547,91.92,33.11,34.22,6710.0,508.3
2023-06-09,Australia,Hay Point,Haldia,Panamax,Coal,19114.86,545.93,107.673,98.49,34.76,43.69,6710.0,508.3
2023-06-16,Australia,Hay Point,Haldia,Panamax,Coal,19510.1,545.73,107.857,99.0,35.99,55.61,6710.0,508.3
2023-06-23,Australia,Hay Point,Haldia,Panamax,Coal,19040.97,546.48,108.051,99.0,25.1,37.8,6710.0,508.3
2023-06-30,Australia,Hay Point,Haldia,Panamax,Coal,19487.81,546.8,108.217,86.11,28.45,27.43,6710.0,508.3
2023-07-07,Australia,Hay Point,Haldia,Panamax,Coal,18184.77,532.29,103.935,87.05,23.32,31.25,6710.0,508.3
2023-07-14,Australia,Hay Point,Haldia,Panamax,Coal,18497.46,533.63,104.072,86.27,25.01,44.93,6710.0,508.3
2023-07-21,Australia,Hay Point,Haldia,Panamax,Coal,18521.3,533.88,104.234,86.17,33.93,30.76,6710.0,508.3
2023-07-28,Australia,Hay Point,Haldia,Panamax,Coal,18738.71,534.23,104.435,88.42,33.37,33.47,6710.0,508.3
2023-08-04,Australia,Hay Point,Haldia,Panamax,Coal,17924.0,519.06,100.091,85.03,33.74,35.05,6710.0,508.3
2023-08-11,Australia,Hay Point,Haldia,Panamax,Coal,17363.66,519.47,100.282,72.66,35.9,42.86,6710.0,508.3
2023-08-18,Australia,Hay Point,Haldia,Panamax,Coal,16700.6,520.39,100.464,76.81,28.36,35.77,6710.0,508.3
2023-08-25,Australia,Hay Point,Haldia,Panamax,Coal,16681.25,520.38,100.59,70.7,19.93,32.42,6710.0,508.3
2023-09-01,Australia,Hay Point,Haldia,Panamax,Coal,17450.67,509.19,97.473,74.53,23.29,36.7,6710.0,508.3
2023-09-08,Australia,Hay Point,Haldia,Panamax,Coal,17655.13,510.0,97.607,80.43,29.01,40.68,6710.0,508.3
2023-09-15,Australia,Hay Point,Haldia,Panamax,Coal,17793.06,510.38,97.757,86.95,43.68,34.07,6710.0,508.3
2023-09-22,Australia,Hay Point,Haldia,Panamax,Coal,17809.85,510.84,97.906,90.02,38.13,42.22,6710.0,508.3
2023-09-29,Australia,Hay Point,Haldia,Panamax,Coal,18771.75,511.63,98.025,86.57,31.24,41.72,6710.0,508.3
2023-10-06,Australia,Hay Point,Haldia,Panamax,Coal,20138.81,508.2,97.005,81.34,28.84,42.08,6710.0,508.3
2023-10-13,Australia,Hay Point,Haldia,Panamax,Coal,20114.43,508.88,97.232,73.97,20.89,39.4,6710.0,508.3
2023-10-20,Australia,Hay Point,Haldia,Panamax,Coal,20081.76,509.12,97.428,74.42,23.21,37.24,6710.0,508.3
2023-10-27,Australia,Hay Point,Haldia,Panamax,Coal,19030.24,509.52,97.6,80.17,30.67,42.29,6710.0,508.3
2023-11-03,Australia,Hay Point,Haldia,Panamax,Coal,20581.63,514.1,98.945,81.7,19.17,32.99,6710.0,508.3
2023-11-10,Australia,Hay Point,Haldia,Panamax,Coal,20843.64,514.58,99.043,87.11,25.99,42.85,6710.0,508.3
2023-11-17,Australia,Hay Point,Haldia,Panamax,Coal,21258.75,515.08,99.222,84.16,28.27,32.63,6710.0,508.3
2023-11-24,Australia,Hay Point,Haldia,Panamax,Coal,20635.91,514.17,99.396,82.34,37.46,47.06,6710.0,508.3
2023-12-01,Australia,Hay Point,Haldia,Panamax,Coal,20156.01,527.15,102.902,74.95,31.02,45.74,6710.0,508.3
2023-12-08,Australia,Hay Point,Haldia,Panamax,Coal,20622.41,527.21,103.013,71.01,26.49,41.06,6710.0,508.3
2023-12-15,Australia,Hay Point,Haldia,Panamax,Coal,20654.16,527.02,103.146,72.95,35.43,35.87,6710.0,508.3
2023-12-22,Australia,Hay Point,Haldia,Panamax,Coal,20324.78,527.39,103.305,79.77,15.01,36.81,6710.0,508.3
2023-12-29,Australia,Hay Point,Haldia,Panamax,Coal,21709.28,527.45,103.441,64.96,24.77,37.22,6710.0,508.3
2024-01-05,Australia,Hay Point,Haldia,Panamax,Coal,19977.47,544.11,108.183,69.44,33.04,38.36,6710.0,508.3
2024-01-12,Australia,Hay Point,Haldia,Panamax,Coal,19735.8,544.23,108.39,69.45,29.79,36.41,6710.0,508.3
2024-01-19,Australia,Hay Point,Haldia,Panamax,Coal,18965.18,544.9,108.553,74.29,27.53,36.04,6710.0,508.3
2024-01-26,Australia,Hay Point,Haldia,Panamax,Coal,18189.01,545.86,108.66,84.55,26.97,33.97,6710.0,508.3
2024-02-02,Australia,Hay Point,Haldia,Panamax,Coal,16901.7,560.88,113.443,90.56,31.77,33.5,6710.0,508.3
2024-02-09,Australia,Hay Point,Haldia,Panamax,Coal,17020.7,561.27,113.508,87.38,33.09,39.0,6710.0,508.3
2024-02-16,Australia,Hay Point,Haldia,Panamax,Coal,17298.73,561.54,113.732,86.6,32.88,47.51,6710.0,508.3
2024-02-23,Australia,Hay Point,Haldia,Panamax,Coal,17510.0,561.47,113.906,82.67,33.35,29.19,6710.0,508.3
2024-03-01,Australia,Hay Point,Haldia,Panamax,Coal,17555.62,573.69,117.508,91.47,29.82,40.89,6710.0,508.3
2024-03-08,Australia,Hay Point,Haldia,Panamax,Coal,17439.58,573.98,117.586,89.62,18.34,25.61,6710.0,508.3
2024-03-15,Australia,Hay Point,Haldia,Panamax,Coal,17902.26,575.21,117.738,86.24,34.83,43.03,6710.0,508.3
2024-03-22,Australia,Hay Point,Haldia,Panamax,Coal,17902.01,575.06,117.953,88.14,44.11,38.05,6710.0,508.3
2024-03-29,Australia,Hay Point,Haldia,Panamax,Coal,16789.22,575.25,117.989,97.58,42.02,37.65,6710.0,508.3
2024-04-05,Australia,Hay Point,Haldia,Panamax,Coal,17449.72,580.3,119.378,98.23,37.42,52.35,6710.0,508.3
2024-04-12,Australia,Hay Point,Haldia,Panamax,Coal,17258.69,580.8,119.451,94.2,31.79,44.57,6710.0,508.3
2024-04-19,Australia,Hay Point,Haldia,Panamax,Coal,17015.12,580.53,119.616,97.94,47.23,38.17,6710.0,508.3
2024-04-26,Australia,Hay Point,Haldia,Panamax,Coal,16742.19,582.32,119.809,95.97,36.76,47.01,6710.0,508.3
2024-05-03,Australia,Hay Point,Haldia,Panamax,Coal,17384.77,577.86,118.651,99.0,43.39,36.82,6710.0,508.3
2024-05-10,Australia,Hay Point,Haldia,Panamax,Coal,17685.84,577.33,118.872,99.0,42.28,44.43,6710.0,508.3
2024-05-17,Australia,Hay Point,Haldia,Panamax,Coal,17847.15,576.78,119.112,99.0,32.0,51.83,6710.0,508.3
2024-05-24,Australia,Hay Point,Haldia,Panamax,Coal,18372.32,577.82,119.319,99.0,36.57,50.69,6710.0,508.3
2024-05-31,Australia,Hay Point,Haldia,Panamax,Coal,19027.02,577.43,119.443,99.0,39.16,38.25,6710.0,508.3
2024-06-07,Australia,Hay Point,Haldia,Panamax,Coal,18494.57,566.46,116.203,99.0,34.26,31.72,6710.0,508.3
2024-06-14,Australia,Hay Point,Haldia,Panamax,Coal,18528.6,566.7,116.424,99.0,38.64,34.24,6710.0,508.3
2024-06-21,Australia,Hay Point,Haldia,Panamax,Coal,17764.52,566.87,116.559,99.0,34.07,44.3,6710.0,508.3
2024-06-28,Australia,Hay Point,Haldia,Panamax,Coal,17421.5,567.45,116.755,99.0,40.94,30.49,6710.0,508.3
2024-07-05,Australia,Hay Point,Haldia,Panamax,Coal,15344.45,551.08,112.143,94.01,32.76,37.72,6710.0,508.3
2024-07-12,Australia,Hay Point,Haldia,Panamax,Coal,15830.61,551.81,112.386,95.57,22.57,35.28,6710.0,508.3
2024-07-19,Australia,Hay Point,Haldia,Panamax,Coal,16483.1,552.63,112.618,99.0,40.18,25.48,6710.0,508.3
2024-07-26,Australia,Hay Point,Haldia,Panamax,Coal,16197.23,553.89,112.737,99.0,34.28,34.79,6710.0,508.3
2024-08-02,Australia,Hay Point,Haldia,Panamax,Coal,15935.37,537.93,108.097,98.57,23.21,35.86,6710.0,508.3
2024-08-09,Australia,Hay Point,Haldia,Panamax,Coal,16826.83,538.93,108.291,91.84,32.39,44.61,6710.0,508.3
2024-08-16,Australia,Hay Point,Haldia,Panamax,Coal,16668.36,538.68,108.429,91.66,32.11,41.44,6710.0,508.3
2024-08-23,Australia,Hay Point,Haldia,Panamax,Coal,16344.06,538.21,108.63,88.57,25.31,36.42,6710.0,508.3
2024-08-30,Australia,Hay Point,Haldia,Panamax,Coal,15875.29,538.54,108.875,88.91,15.96,42.78,6710.0,508.3
2024-09-06,Australia,Hay Point,Haldia,Panamax,Coal,16599.26,526.33,105.496,81.01,26.02,46.83,6710.0,508.3
2024-09-13,Australia,Hay Point,Haldia,Panamax,Coal,16958.79,526.75,105.559,77.58,20.88,55.45,6710.0,508.3
2024-09-20,Australia,Hay Point,Haldia,Panamax,Coal,17235.76,527.35,105.712,76.4,23.77,34.84,6710.0,508.3
2024-09-27,Australia,Hay Point,Haldia,Panamax,Coal,17465.46,528.52,105.961,79.43,18.49,34.39,6710.0,508.3
2024-10-04,Australia,Hay Point,Haldia,Panamax,Coal,18975.72,525.36,104.828,82.31,27.33,38.0,6710.0,508.3
2024-10-11,Australia,Hay Point,Haldia,Panamax,Coal,18580.25,525.17,104.937,83.56,32.38,37.44,6710.0,508.3
2024-10-18,Australia,Hay Point,Haldia,Panamax,Coal,18668.73,524.63,105.099,84.21,19.12,45.18,6710.0,508.3
2024-10-25,Australia,Hay Point,Haldia,Panamax,Coal,19158.58,524.91,105.193,91.62,37.66,47.11,6710.0,508.3
2024-11-01,Australia,Hay Point,Haldia,Panamax,Coal,19989.66,530.26,106.64,78.61,16.85,43.6,6710.0,508.3
2024-11-08,Australia,Hay Point,Haldia,Panamax,Coal,21064.77,531.01,106.817,79.28,35.1,33.18,6710.0,508.3
2024-11-15,Australia,Hay Point,Haldia,Panamax,Coal,20587.99,531.08,107.0,73.58,29.51,38.46,6710.0,508.3
2024-11-22,Australia,Hay Point,Haldia,Panamax,Coal,21027.57,531.54,107.099,79.15,33.98,43.45,6710.0,508.3
2024-11-29,Australia,Hay Point,Haldia,Panamax,Coal,21920.15,531.3,107.256,85.05,30.41,42.79,6710.0,508.3
2024-12-06,Australia,Hay Point,Haldia,Panamax,Coal,20740.95,544.72,110.972,74.27,15.46,37.62,6710.0,508.3
2024-12-13,Australia,Hay Point,Haldia,Panamax,Coal,19905.77,545.5,111.069,74.67,28.58,42.27,6710.0,508.3
2024-12-20,Australia,Hay Point,Haldia,Panamax,Coal,20707.22,545.41,111.28,80.78,33.81,40.36,6710.0,508.3
2024-12-27,Australia,Hay Point,Haldia,Panamax,Coal,19922.42,545.35,111.403,80.75,30.86,37.07,6710.0,508.3
2025-01-03,Australia,Hay Point,Haldia,Panamax,Coal,19483.95,562.67,116.466,80.93,22.91,35.25,6710.0,508.3
2025-01-10,Australia,Hay Point,Haldia,Panamax,Coal,19462.48,564.21,116.576,72.59,20.29,32.4,6710.0,508.3
2025-01-17,Australia,Hay Point,Haldia,Panamax,Coal,18887.66,564.36,116.642,67.86,8.96,35.35,6710.0,508.3
2025-01-24,Australia,Hay Point,Haldia,Panamax,Coal,19250.48,564.76,116.896,61.51,20.61,36.2,6710.0,508.3
2025-01-31,Australia,Hay Point,Haldia,Panamax,Coal,19154.93,564.98,117.171,64.21,17.01,27.48,6710.0,508.3
2025-02-07,Australia,Hay Point,Haldia,Panamax,Coal,19150.79,582.12,122.351,61.89,27.48,36.43,6710.0,508.3
2025-02-14,Australia,Hay Point,Haldia,Panamax,Coal,19044.45,582.6,122.541,57.14,23.53,37.25,6710.0,508.3
2025-02-21,Australia,Hay Point,Haldia,Panamax,Coal,19569.32,582.52,122.748,62.69,22.44,35.31,6710.0,508.3
2025-02-28,Australia,Hay Point,Haldia,Panamax,Coal,20606.96,583.03,122.945,66.72,24.01,37.68,6710.0,508.3
2025-03-07,Australia,Hay Point,Haldia,Panamax,Coal,20955.87,595.82,126.87,68.27,22.53,45.79,6710.0,508.3
2025-03-14,Australia,Hay Point,Haldia,Panamax,Coal,19829.58,596.01,127.049,64.97,18.39,46.73,6710.0,508.3
2025-03-21,Australia,Hay Point,Haldia,Panamax,Coal,19262.44,597.42,127.153,59.76,3.0,36.13,6710.0,508.3
2025-03-28,Australia,Hay Point,Haldia,Panamax,Coal,19587.23,598.46,127.253,60.78,17.68,39.06,6710.0,508.3
2025-04-04,Australia,Hay Point,Haldia,Panamax,Coal,21174.53,602.6,128.664,64.27,27.48,39.16,6710.0,508.3
2025-04-11,Australia,Hay Point,Haldia,Panamax,Coal,20883.46,602.95,128.854,65.72,4.5,42.09,6710.0,508.3
2025-04-18,Australia,Hay Point,Haldia,Panamax,Coal,20609.81,603.34,128.987,70.91,32.4,60.25,6710.0,508.3
2025-04-25,Australia,Hay Point,Haldia,Panamax,Coal,20289.29,604.73,129.167,70.47,26.57,39.83,6710.0,508.3
2025-05-02,Australia,Hay Point,Haldia,Panamax,Coal,21331.65,601.49,127.919,80.52,26.15,30.18,6710.0,508.3
2025-05-09,Australia,Hay Point,Haldia,Panamax,Coal,22086.36,601.84,128.075,81.38,31.94,42.36,6710.0,508.3
2025-05-16,Australia,Hay Point,Haldia,Panamax,Coal,22179.67,602.97,128.335,86.5,56.3,43.84,6710.0,508.3
2025-05-23,Australia,Hay Point,Haldia,Panamax,Coal,21034.15,603.92,128.527,87.17,36.44,39.14,6710.0,508.3
2025-05-30,Australia,Hay Point,Haldia,Panamax,Coal,21019.75,604.3,128.698,79.83,31.98,41.27,6710.0,508.3
2025-06-06,Australia,Hay Point,Haldia,Panamax,Coal,20142.95,592.35,125.199,83.21,24.76,43.5,6710.0,508.3
2025-06-13,Australia,Hay Point,Haldia,Panamax,Coal,20143.91,593.53,125.294,92.51,32.85,43.61,6710.0,508.3
2025-06-20,Australia,Hay Point,Haldia,Panamax,Coal,20063.78,595.44,125.535,99.0,50.48,23.87,6710.0,508.3
2025-06-27,Australia,Hay Point,Haldia,Panamax,Coal,20139.83,596.43,125.688,85.96,24.12,30.5,6710.0,508.3
2025-07-04,Australia,Hay Point,Haldia,Panamax,Coal,17710.39,580.39,120.7,88.91,29.97,25.89,6710.0,508.3
2025-07-11,Australia,Hay Point,Haldia,Panamax,Coal,16733.74,580.91,120.842,81.7,21.39,28.1,6710.0,508.3
2025-07-18,Australia,Hay Point,Haldia,Panamax,Coal,18373.93,580.77,121.048,79.92,26.72,37.55,6710.0,508.3
2025-07-25,Australia,Hay Point,Haldia,Panamax,Coal,17772.22,580.35,121.223,80.0,27.79,33.11,6710.0,508.3
2025-08-01,Australia,Hay Point,Haldia,Panamax,Coal,16992.4,563.36,116.239,85.32,21.8,31.66,6710.0,508.3
2025-08-08,Australia,Hay Point,Haldia,Panamax,Coal,16869.6,564.22,116.402,86.92,34.31,44.96,6710.0,508.3
2025-08-15,Australia,Hay Point,Haldia,Panamax,Coal,16486.82,563.54,116.552,78.35,29.33,39.03,6710.0,508.3
2025-08-22,Australia,Hay Point,Haldia,Panamax,Coal,17038.97,563.04,116.689,79.28,32.78,30.46,6710.0,508.3
2025-08-29,Australia,Hay Point,Haldia,Panamax,Coal,17451.24,563.86,116.796,85.18,34.49,42.45,6710.0,508.3
2025-09-05,Australia,Hay Point,Haldia,Panamax,Coal,18038.9,551.41,113.114,82.04,26.08,48.94,6710.0,508.3
2025-09-12,Australia,Hay Point,Haldia,Panamax,Coal,18987.11,551.52,113.273,88.08,24.33,41.11,6710.0,508.3
2025-09-19,Australia,Hay Point,Haldia,Panamax,Coal,19318.67,551.47,113.419,93.43,31.56,41.06,6710.0,508.3
2025-09-26,Australia,Hay Point,Haldia,Panamax,Coal,19612.44,551.78,113.621,90.76,28.84,40.65,6710.0,508.3
2025-10-03,Australia,Hay Point,Haldia,Panamax,Coal,21141.82,547.61,112.37,79.1,17.3,37.1,6710.0,508.3
2025-10-10,Australia,Hay Point,Haldia,Panamax,Coal,22545.68,548.11,112.523,82.78,16.07,34.33,6710.0,508.3
2025-10-17,Australia,Hay Point,Haldia,Panamax,Coal,21575.81,549.56,112.722,83.75,25.34,34.85,6710.0,508.3
2025-10-24,Australia,Hay Point,Haldia,Panamax,Coal,21315.4,549.07,112.875,85.97,24.35,34.97,6710.0,508.3
2025-10-31,Australia,Hay Point,Haldia,Panamax,Coal,21225.06,551.01,113.111,88.5,35.87,31.91,6710.0,508.3
2025-11-07,Australia,Hay Point,Haldia,Panamax,Coal,22667.24,555.99,114.727,87.86,22.22,43.55,6710.0,508.3
2025-11-14,Australia,Hay Point,Haldia,Panamax,Coal,22557.48,556.79,114.869,91.03,31.71,38.03,6710.0,508.3
2025-11-21,Australia,Hay Point,Haldia,Panamax,Coal,21470.3,557.25,115.01,89.64,37.02,32.28,6710.0,508.3
2025-11-28,Australia,Hay Point,Haldia,Panamax,Coal,21104.18,557.34,115.167,88.86,32.89,46.24,6710.0,508.3
2025-12-05,Australia,Hay Point,Haldia,Panamax,Coal,21397.09,570.38,119.179,79.5,28.0,39.34,6710.0,508.3
2025-12-12,Australia,Hay Point,Haldia,Panamax,Coal,20848.6,569.95,119.268,82.96,27.0,43.94,6710.0,508.3
2025-12-19,Australia,Hay Point,Haldia,Panamax,Coal,21589.08,571.27,119.494,80.63,24.18,32.65,6710.0,508.3
2025-12-26,Australia,Hay Point,Haldia,Panamax,Coal,21275.6,571.74,119.623,76.6,26.83,41.1,6710.0,508.3
2026-01-02,Australia,Hay Point,Haldia,Panamax,Coal,19766.62,590.07,125.104,75.07,31.39,43.3,6710.0,508.3
2026-01-09,Australia,Hay Point,Haldia,Panamax,Coal,20129.81,590.75,125.166,81.34,27.11,31.57,6710.0,508.3
2026-01-16,Australia,Hay Point,Haldia,Panamax,Coal,20431.79,592.22,125.356,83.64,33.58,30.62,6710.0,508.3
2026-01-23,Australia,Hay Point,Haldia,Panamax,Coal,19816.23,592.95,125.509,88.26,36.32,35.17,6710.0,508.3
2026-01-30,Australia,Hay Point,Haldia,Panamax,Coal,19586.43,593.53,125.692,81.18,28.09,32.85,6710.0,508.3
2026-02-06,Australia,Hay Point,Haldia,Panamax,Coal,19894.97,611.69,131.166,78.95,36.99,43.82,6710.0,508.3
2026-02-13,Australia,Hay Point,Haldia,Panamax,Coal,19886.13,611.21,131.281,83.77,23.78,35.71,6710.0,508.3
2026-02-20,Australia,Hay Point,Haldia,Panamax,Coal,20014.92,612.26,131.417,77.65,23.42,38.51,6710.0,508.3
2026-02-27,Australia,Hay Point,Haldia,Panamax,Coal,19092.04,612.34,131.637,88.38,30.93,43.91,6710.0,508.3
2026-03-06,Australia,Hay Point,Haldia,Panamax,Coal,20600.74,624.88,135.723,95.45,35.66,44.63,6710.0,508.3
2026-03-13,Australia,Hay Point,Haldia,Panamax,Coal,21189.91,623.93,135.977,88.49,18.16,36.72,6710.0,508.3
2026-03-20,Australia,Hay Point,Haldia,Panamax,Coal,21541.47,623.76,136.192,87.06,32.49,38.75,6710.0,508.3
2026-03-27,Australia,Hay Point,Haldia,Panamax,Coal,21784.26,624.36,136.404,78.9,17.67,53.58,6710.0,508.3
2026-04-03,Australia,Hay Point,Haldia,Panamax,Coal,23217.89,630.3,138.054,82.46,10.9,47.23,6710.0,508.3
2026-04-10,Australia,Hay Point,Haldia,Panamax,Coal,23734.89,630.93,138.323,78.77,30.41,36.02,6710.0,508.3
2026-04-17,Australia,Hay Point,Haldia,Panamax,Coal,22894.77,630.89,138.427,76.92,17.03,43.76,6710.0,508.3
2026-04-24,Australia,Hay Point,Haldia,Panamax,Coal,22493.93,631.84,138.581,80.19,33.35,33.06,6710.0,508.3
2026-05-01,Australia,Hay Point,Haldia,Panamax,Coal,22502.37,627.4,137.284,84.99,22.3,40.04,6710.0,508.3
2026-05-08,Australia,Hay Point,Haldia,Panamax,Coal,22309.75,628.03,137.541,84.26,30.44,44.97,6710.0,508.3
2026-05-15,Australia,Hay Point,Haldia,Panamax,Coal,21396.25,628.03,137.663,81.4,27.86,35.14,6710.0,508.3
2026-05-22,Australia,Hay Point,Haldia,Panamax,Coal,21100.49,628.23,137.866,87.42,24.08,52.56,6710.0,508.3
2026-05-29,Australia,Hay Point,Haldia,Panamax,Coal,21698.28,629.73,138.111,81.03,23.55,40.68,6710.0,508.3
2026-06-05,Australia,Hay Point,Haldia,Panamax,Coal,20358.3,617.53,134.352,92.81,26.9,43.13,6710.0,508.3
2026-06-12,Australia,Hay Point,Haldia,Panamax,Coal,20363.59,618.21,134.51,86.66,38.64,22.72,6710.0,508.3
2026-06-19,Australia,Hay Point,Haldia,Panamax,Coal,20843.22,618.08,134.752,85.02,24.29,35.67,6710.0,508.3
2026-06-26,Australia,Hay Point,Haldia,Panamax,Coal,21699.92,618.4,135.023,90.17,32.64,42.06,6710.0,508.3
2026-07-03,Australia,Hay Point,Haldia,Panamax,Coal,20405.46,601.57,129.684,89.91,48.85,30.51,6710.0,508.3
2026-07-10,Australia,Hay Point,Haldia,Panamax,Coal,21560.84,601.02,129.969,95.51,35.88,40.25,6710.0,508.3
2026-07-17,Australia,Hay Point,Haldia,Panamax,Coal,20677.85,601.11,130.204,94.46,30.85,32.55,6710.0,508.3
2026-07-24,Australia,Hay Point,Haldia,Panamax,Coal,20228.71,602.42,130.401,97.13,29.62,46.52,6710.0,508.3
2026-07-31,Australia,Hay Point,Haldia,Panamax,Coal,19301.66,602.02,130.602,99.0,29.74,34.25,6710.0,508.3
2026-08-07,Australia,Hay Point,Haldia,Panamax,Coal,18746.14,584.19,125.218,97.66,48.11,34.88,6710.0,508.3
2026-08-14,Australia,Hay Point,Haldia,Panamax,Coal,18697.6,584.71,125.37,96.44,33.65,39.5,6710.0,508.3
2026-08-21,Australia,Hay Point,Haldia,Panamax,Coal,18301.68,585.47,125.56,91.62,24.02,34.74,6710.0,508.3
2026-08-28,Australia,Hay Point,Haldia,Panamax,Coal,18215.46,585.48,125.753,84.51,31.56,34.27,6710.0,508.3
2026-09-04,Australia,Hay Point,Haldia,Panamax,Coal,18405.18,572.21,121.815,82.86,27.52,42.8,6710.0,508.3
2026-09-11,Australia,Hay Point,Haldia,Panamax,Coal,18820.46,571.78,122.068,76.66,35.1,46.12,6710.0,508.3
2026-09-18,Australia,Hay Point,Haldia,Panamax,Coal,19064.04,572.1,122.256,71.5,23.15,47.69,6710.0,508.3
2026-09-25,Australia,Hay Point,Haldia,Panamax,Coal,19173.69,572.51,122.483,77.28,34.35,34.26,6710.0,508.3
2023-01-06,Australia,Hay Point,Paradip,Panamax,Coal,17734.56,519.44,99.953,39.0,33.66,41.07,6420.0,486.4
2023-01-13,Australia,Hay Point,Paradip,Panamax,Coal,17647.74,520.28,100.181,38.99,24.31,29.44,6420.0,486.4
2023-01-20,Australia,Hay Point,Paradip,Panamax,Coal,17873.12,521.33,100.291,52.94,29.89,38.98,6420.0,486.4
2023-01-27,Australia,Hay Point,Paradip,Panamax,Coal,17320.41,521.82,100.457,58.74,41.87,37.17,6420.0,486.4
2023-02-03,Australia,Hay Point,Paradip,Panamax,Coal,17334.09,537.32,104.842,65.68,26.91,30.9,6420.0,486.4
2023-02-10,Australia,Hay Point,Paradip,Panamax,Coal,17290.33,538.13,104.936,55.75,40.68,46.64,6420.0,486.4
2023-02-17,Australia,Hay Point,Paradip,Panamax,Coal,16666.56,538.09,105.124,46.12,20.22,40.96,6420.0,486.4
2023-02-24,Australia,Hay Point,Paradip,Panamax,Coal,16706.74,537.62,105.273,45.4,36.26,38.4,6420.0,486.4
2023-03-03,Australia,Hay Point,Paradip,Panamax,Coal,16910.14,550.04,108.663,47.25,25.36,51.2,6420.0,486.4
2023-03-10,Australia,Hay Point,Paradip,Panamax,Coal,17140.51,550.18,108.807,44.76,27.63,37.13,6420.0,486.4
2023-03-17,Australia,Hay Point,Paradip,Panamax,Coal,16753.13,550.8,108.961,56.04,36.49,43.67,6420.0,486.4
2023-03-24,Australia,Hay Point,Paradip,Panamax,Coal,16796.89,551.13,109.087,47.25,31.52,37.86,6420.0,486.4
2023-03-31,Australia,Hay Point,Paradip,Panamax,Coal,17196.41,551.86,109.273,31.29,22.81,47.2,6420.0,486.4
2023-04-07,Australia,Hay Point,Paradip,Panamax,Coal,18356.91,556.7,110.633,40.92,27.25,38.69,6420.0,486.4
2023-04-14,Australia,Hay Point,Paradip,Panamax,Coal,19125.28,557.28,110.782,33.57,22.85,43.95,6420.0,486.4
2023-04-21,Australia,Hay Point,Paradip,Panamax,Coal,19476.04,557.72,110.927,53.9,38.1,47.62,6420.0,486.4
2023-04-28,Australia,Hay Point,Paradip,Panamax,Coal,19723.54,557.74,111.121,59.98,40.32,32.41,6420.0,486.4
2023-05-05,Australia,Hay Point,Paradip,Panamax,Coal,19782.09,554.54,110.187,64.13,20.99,35.86,6420.0,486.4
2023-05-12,Australia,Hay Point,Paradip,Panamax,Coal,19244.57,555.82,110.331,76.4,42.29,38.82,6420.0,486.4
2023-05-19,Australia,Hay Point,Paradip,Panamax,Coal,20745.89,556.04,110.489,73.94,52.14,44.39,6420.0,486.4
2023-05-26,Australia,Hay Point,Paradip,Panamax,Coal,20995.81,556.56,110.636,79.99,30.22,36.47,6420.0,486.4
2023-06-02,Australia,Hay Point,Paradip,Panamax,Coal,20784.76,545.41,107.547,78.28,25.93,34.22,6420.0,486.4
2023-06-09,Australia,Hay Point,Paradip,Panamax,Coal,21541.6,545.93,107.673,81.62,53.08,43.69,6420.0,486.4
2023-06-16,Australia,Hay Point,Paradip,Panamax,Coal,20876.5,545.73,107.857,81.02,35.97,55.61,6420.0,486.4
2023-06-23,Australia,Hay Point,Paradip,Panamax,Coal,21154.53,546.48,108.051,85.73,44.34,37.8,6420.0,486.4
2023-06-30,Australia,Hay Point,Paradip,Panamax,Coal,21611.26,546.8,108.217,82.25,44.13,27.43,6420.0,486.4
2023-07-07,Australia,Hay Point,Paradip,Panamax,Coal,18469.0,532.29,103.935,98.94,38.89,31.25,6420.0,486.4
2023-07-14,Australia,Hay Point,Paradip,Panamax,Coal,18217.37,533.63,104.072,99.0,39.13,44.93,6420.0,486.4
2023-07-21,Australia,Hay Point,Paradip,Panamax,Coal,18119.95,533.88,104.234,89.66,30.25,30.76,6420.0,486.4
2023-07-28,Australia,Hay Point,Paradip,Panamax,Coal,18241.81,534.23,104.435,90.53,44.7,33.47,6420.0,486.4
2023-08-04,Australia,Hay Point,Paradip,Panamax,Coal,17125.55,519.06,100.091,79.66,38.91,35.05,6420.0,486.4
2023-08-11,Australia,Hay Point,Paradip,Panamax,Coal,16928.3,519.47,100.282,77.85,29.91,42.86,6420.0,486.4
2023-08-18,Australia,Hay Point,Paradip,Panamax,Coal,17621.45,520.39,100.464,84.8,44.81,35.77,6420.0,486.4
2023-08-25,Australia,Hay Point,Paradip,Panamax,Coal,18294.01,520.38,100.59,85.29,44.47,32.42,6420.0,486.4
2023-09-01,Australia,Hay Point,Paradip,Panamax,Coal,19290.07,509.19,97.473,66.96,29.09,36.7,6420.0,486.4
2023-09-08,Australia,Hay Point,Paradip,Panamax,Coal,18828.57,510.0,97.607,75.78,39.12,40.68,6420.0,486.4
2023-09-15,Australia,Hay Point,Paradip,Panamax,Coal,18747.77,510.38,97.757,76.31,32.61,34.07,6420.0,486.4
2023-09-22,Australia,Hay Point,Paradip,Panamax,Coal,18982.01,510.84,97.906,59.94,42.58,42.22,6420.0,486.4
2023-09-29,Australia,Hay Point,Paradip,Panamax,Coal,18372.82,511.63,98.025,54.8,29.76,41.72,6420.0,486.4
2023-10-06,Australia,Hay Point,Paradip,Panamax,Coal,19204.02,508.2,97.005,57.93,20.26,42.08,6420.0,486.4
2023-10-13,Australia,Hay Point,Paradip,Panamax,Coal,18675.51,508.88,97.232,63.35,31.12,39.4,6420.0,486.4
2023-10-20,Australia,Hay Point,Paradip,Panamax,Coal,18265.55,509.12,97.428,76.14,38.57,37.24,6420.0,486.4
2023-10-27,Australia,Hay Point,Paradip,Panamax,Coal,17850.1,509.52,97.6,58.46,28.67,42.29,6420.0,486.4
2023-11-03,Australia,Hay Point,Paradip,Panamax,Coal,18308.4,514.1,98.945,42.07,20.54,32.99,6420.0,486.4
2023-11-10,Australia,Hay Point,Paradip,Panamax,Coal,19159.92,514.58,99.043,25.73,36.41,42.85,6420.0,486.4
2023-11-17,Australia,Hay Point,Paradip,Panamax,Coal,19635.71,515.08,99.222,34.61,18.76,32.63,6420.0,486.4
2023-11-24,Australia,Hay Point,Paradip,Panamax,Coal,19710.88,514.17,99.396,42.86,20.4,47.06,6420.0,486.4
2023-12-01,Australia,Hay Point,Paradip,Panamax,Coal,19589.74,527.15,102.902,38.5,18.46,45.74,6420.0,486.4
2023-12-08,Australia,Hay Point,Paradip,Panamax,Coal,18733.58,527.21,103.013,40.91,11.44,41.06,6420.0,486.4
2023-12-15,Australia,Hay Point,Paradip,Panamax,Coal,18774.1,527.02,103.146,48.78,23.63,35.87,6420.0,486.4
2023-12-22,Australia,Hay Point,Paradip,Panamax,Coal,19839.62,527.39,103.305,64.05,35.58,36.81,6420.0,486.4
2023-12-29,Australia,Hay Point,Paradip,Panamax,Coal,19967.43,527.45,103.441,63.96,27.37,37.22,6420.0,486.4
2024-01-05,Australia,Hay Point,Paradip,Panamax,Coal,18163.39,544.11,108.183,50.78,19.76,38.36,6420.0,486.4
2024-01-12,Australia,Hay Point,Paradip,Panamax,Coal,17838.79,544.23,108.39,49.6,24.83,36.41,6420.0,486.4
2024-01-19,Australia,Hay Point,Paradip,Panamax,Coal,17736.79,544.9,108.553,50.07,31.43,36.04,6420.0,486.4
2024-01-26,Australia,Hay Point,Paradip,Panamax,Coal,16816.17,545.86,108.66,44.95,21.2,33.97,6420.0,486.4
2024-02-02,Australia,Hay Point,Paradip,Panamax,Coal,16192.95,560.88,113.443,54.09,38.66,33.5,6420.0,486.4
2024-02-09,Australia,Hay Point,Paradip,Panamax,Coal,15657.77,561.27,113.508,58.03,28.02,39.0,6420.0,486.4
2024-02-16,Australia,Hay Point,Paradip,Panamax,Coal,16069.11,561.54,113.732,45.17,25.67,47.51,6420.0,486.4
2024-02-23,Australia,Hay Point,Paradip,Panamax,Coal,15794.75,561.47,113.906,51.66,15.89,29.19,6420.0,486.4
2024-03-01,Australia,Hay Point,Paradip,Panamax,Coal,16102.44,573.69,117.508,69.36,32.93,40.89,6420.0,486.4
2024-03-08,Australia,Hay Point,Paradip,Panamax,Coal,16483.41,573.98,117.586,78.17,44.28,25.61,6420.0,486.4
2024-03-15,Australia,Hay Point,Paradip,Panamax,Coal,16327.77,575.21,117.738,77.28,30.51,43.03,6420.0,486.4
2024-03-22,Australia,Hay Point,Paradip,Panamax,Coal,16794.89,575.06,117.953,79.5,33.69,38.05,6420.0,486.4
2024-03-29,Australia,Hay Point,Paradip,Panamax,Coal,16871.37,575.25,117.989,72.98,26.81,37.65,6420.0,486.4
2024-04-05,Australia,Hay Point,Paradip,Panamax,Coal,18418.93,580.3,119.378,72.45,37.04,52.35,6420.0,486.4
2024-04-12,Australia,Hay Point,Paradip,Panamax,Coal,18795.56,580.8,119.451,68.59,43.85,44.57,6420.0,486.4
2024-04-19,Australia,Hay Point,Paradip,Panamax,Coal,19137.78,580.53,119.616,65.38,33.43,38.17,6420.0,486.4
2024-04-26,Australia,Hay Point,Paradip,Panamax,Coal,18953.99,582.32,119.809,49.36,35.97,47.01,6420.0,486.4
2024-05-03,Australia,Hay Point,Paradip,Panamax,Coal,18710.81,577.86,118.651,51.93,20.69,36.82,6420.0,486.4
2024-05-10,Australia,Hay Point,Paradip,Panamax,Coal,18055.27,577.33,118.872,37.65,28.13,44.43,6420.0,486.4
2024-05-17,Australia,Hay Point,Paradip,Panamax,Coal,17943.82,576.78,119.112,32.87,14.87,51.83,6420.0,486.4
2024-05-24,Australia,Hay Point,Paradip,Panamax,Coal,18667.25,577.82,119.319,39.11,23.96,50.69,6420.0,486.4
2024-05-31,Australia,Hay Point,Paradip,Panamax,Coal,19775.33,577.43,119.443,42.46,24.22,38.25,6420.0,486.4
2024-06-07,Australia,Hay Point,Paradip,Panamax,Coal,19928.24,566.46,116.203,55.51,31.81,31.72,6420.0,486.4
2024-06-14,Australia,Hay Point,Paradip,Panamax,Coal,19643.0,566.7,116.424,64.95,39.01,34.24,6420.0,486.4
2024-06-21,Australia,Hay Point,Paradip,Panamax,Coal,20301.08,566.87,116.559,52.23,32.28,44.3,6420.0,486.4
2024-06-28,Australia,Hay Point,Paradip,Panamax,Coal,19972.38,567.45,116.755,49.71,23.32,30.49,6420.0,486.4
2024-07-05,Australia,Hay Point,Paradip,Panamax,Coal,17547.16,551.08,112.143,51.76,22.03,37.72,6420.0,486.4
2024-07-12,Australia,Hay Point,Paradip,Panamax,Coal,17840.99,551.81,112.386,61.6,38.26,35.28,6420.0,486.4
2024-07-19,Australia,Hay Point,Paradip,Panamax,Coal,17402.49,552.63,112.618,78.16,21.64,25.48,6420.0,486.4
2024-07-26,Australia,Hay Point,Paradip,Panamax,Coal,18012.98,553.89,112.737,75.59,25.57,34.79,6420.0,486.4
2024-08-02,Australia,Hay Point,Paradip,Panamax,Coal,16396.29,537.93,108.097,84.44,39.84,35.86,6420.0,486.4
2024-08-09,Australia,Hay Point,Paradip,Panamax,Coal,16598.87,538.93,108.291,76.49,38.08,44.61,6420.0,486.4
2024-08-16,Australia,Hay Point,Paradip,Panamax,Coal,16434.93,538.68,108.429,87.09,29.57,41.44,6420.0,486.4
2024-08-23,Australia,Hay Point,Paradip,Panamax,Coal,16410.91,538.21,108.63,87.03,44.44,36.42,6420.0,486.4
2024-08-30,Australia,Hay Point,Paradip,Panamax,Coal,16074.45,538.54,108.875,81.28,41.71,42.78,6420.0,486.4
2024-09-06,Australia,Hay Point,Paradip,Panamax,Coal,16070.86,526.33,105.496,85.85,37.0,46.83,6420.0,486.4
2024-09-13,Australia,Hay Point,Paradip,Panamax,Coal,15726.69,526.75,105.559,65.92,31.75,55.45,6420.0,486.4
2024-09-20,Australia,Hay Point,Paradip,Panamax,Coal,15208.28,527.35,105.712,80.98,45.28,34.84,6420.0,486.4
2024-09-27,Australia,Hay Point,Paradip,Panamax,Coal,15014.58,528.52,105.961,82.54,34.42,34.39,6420.0,486.4
2024-10-04,Australia,Hay Point,Paradip,Panamax,Coal,17061.19,525.36,104.828,69.75,39.86,38.0,6420.0,486.4
2024-10-11,Australia,Hay Point,Paradip,Panamax,Coal,17770.1,525.17,104.937,64.49,34.21,37.44,6420.0,486.4
2024-10-18,Australia,Hay Point,Paradip,Panamax,Coal,18133.35,524.63,105.099,52.38,25.53,45.18,6420.0,486.4
2024-10-25,Australia,Hay Point,Paradip,Panamax,Coal,18269.29,524.91,105.193,42.79,19.15,47.11,6420.0,486.4
2024-11-01,Australia,Hay Point,Paradip,Panamax,Coal,19397.38,530.26,106.64,37.03,25.32,43.6,6420.0,486.4
2024-11-08,Australia,Hay Point,Paradip,Panamax,Coal,19689.0,531.01,106.817,40.37,29.9,33.18,6420.0,486.4
2024-11-15,Australia,Hay Point,Paradip,Panamax,Coal,19483.72,531.08,107.0,66.4,33.18,38.46,6420.0,486.4
2024-11-22,Australia,Hay Point,Paradip,Panamax,Coal,19479.44,531.54,107.099,58.02,16.91,43.45,6420.0,486.4
2024-11-29,Australia,Hay Point,Paradip,Panamax,Coal,19660.77,531.3,107.256,45.86,18.55,42.79,6420.0,486.4
2024-12-06,Australia,Hay Point,Paradip,Panamax,Coal,19000.83,544.72,110.972,43.13,36.77,37.62,6420.0,486.4
2024-12-13,Australia,Hay Point,Paradip,Panamax,Coal,19615.68,545.5,111.069,45.37,34.66,42.27,6420.0,486.4
2024-12-20,Australia,Hay Point,Paradip,Panamax,Coal,19343.33,545.41,111.28,50.2,34.92,40.36,6420.0,486.4
2024-12-27,Australia,Hay Point,Paradip,Panamax,Coal,19595.43,545.35,111.403,52.97,31.54,37.07,6420.0,486.4
2025-01-03,Australia,Hay Point,Paradip,Panamax,Coal,18973.7,562.67,116.466,48.58,24.72,35.25,6420.0,486.4
2025-01-10,Australia,Hay Point,Paradip,Panamax,Coal,19017.76,564.21,116.576,61.21,18.04,32.4,6420.0,486.4
2025-01-17,Australia,Hay Point,Paradip,Panamax,Coal,18979.66,564.36,116.642,67.11,39.26,35.35,6420.0,486.4
2025-01-24,Australia,Hay Point,Paradip,Panamax,Coal,18171.34,564.76,116.896,63.1,30.57,36.2,6420.0,486.4
2025-01-31,Australia,Hay Point,Paradip,Panamax,Coal,18408.28,564.98,117.171,60.21,25.25,27.48,6420.0,486.4
2025-02-07,Australia,Hay Point,Paradip,Panamax,Coal,17730.48,582.12,122.351,38.91,25.34,36.43,6420.0,486.4
2025-02-14,Australia,Hay Point,Paradip,Panamax,Coal,16725.27,582.6,122.541,60.38,17.88,37.25,6420.0,486.4
2025-02-21,Australia,Hay Point,Paradip,Panamax,Coal,17514.49,582.52,122.748,46.65,13.12,35.31,6420.0,486.4
2025-02-28,Australia,Hay Point,Paradip,Panamax,Coal,17420.94,583.03,122.945,38.61,24.01,37.68,6420.0,486.4
2025-03-07,Australia,Hay Point,Paradip,Panamax,Coal,18264.36,595.82,126.87,33.03,20.34,45.79,6420.0,486.4
2025-03-14,Australia,Hay Point,Paradip,Panamax,Coal,18839.01,596.01,127.049,34.03,24.11,46.73,6420.0,486.4
2025-03-21,Australia,Hay Point,Paradip,Panamax,Coal,18499.69,597.42,127.153,30.87,10.45,36.13,6420.0,486.4
2025-03-28,Australia,Hay Point,Paradip,Panamax,Coal,18913.25,598.46,127.253,30.97,19.49,39.06,6420.0,486.4
2025-04-04,Australia,Hay Point,Paradip,Panamax,Coal,20649.25,602.6,128.664,32.0,27.16,39.16,6420.0,486.4
2025-04-11,Australia,Hay Point,Paradip,Panamax,Coal,20609.16,602.95,128.854,42.17,17.98,42.09,6420.0,486.4
2025-04-18,Australia,Hay Point,Paradip,Panamax,Coal,20477.24,603.34,128.987,38.45,18.37,60.25,6420.0,486.4
2025-04-25,Australia,Hay Point,Paradip,Panamax,Coal,20416.7,604.73,129.167,43.58,34.41,39.83,6420.0,486.4
2025-05-02,Australia,Hay Point,Paradip,Panamax,Coal,21457.07,601.49,127.919,48.49,14.72,30.18,6420.0,486.4
2025-05-09,Australia,Hay Point,Paradip,Panamax,Coal,22004.99,601.84,128.075,55.3,45.82,42.36,6420.0,486.4
2025-05-16,Australia,Hay Point,Paradip,Panamax,Coal,21664.28,602.97,128.335,48.6,39.74,43.84,6420.0,486.4
2025-05-23,Australia,Hay Point,Paradip,Panamax,Coal,20888.8,603.92,128.527,38.84,19.66,39.14,6420.0,486.4
2025-05-30,Australia,Hay Point,Paradip,Panamax,Coal,20265.76,604.3,128.698,48.14,24.68,41.27,6420.0,486.4
2025-06-06,Australia,Hay Point,Paradip,Panamax,Coal,19365.43,592.35,125.199,55.76,37.21,43.5,6420.0,486.4
2025-06-13,Australia,Hay Point,Paradip,Panamax,Coal,19467.97,593.53,125.294,74.75,33.98,43.61,6420.0,486.4
2025-06-20,Australia,Hay Point,Paradip,Panamax,Coal,20016.61,595.44,125.535,79.48,35.06,23.87,6420.0,486.4
2025-06-27,Australia,Hay Point,Paradip,Panamax,Coal,20045.43,596.43,125.688,72.42,41.09,30.5,6420.0,486.4
2025-07-04,Australia,Hay Point,Paradip,Panamax,Coal,17534.41,580.39,120.7,80.69,30.63,25.89,6420.0,486.4
2025-07-11,Australia,Hay Point,Paradip,Panamax,Coal,17533.36,580.91,120.842,71.39,30.7,28.1,6420.0,486.4
2025-07-18,Australia,Hay Point,Paradip,Panamax,Coal,17804.49,580.77,121.048,70.04,41.01,37.55,6420.0,486.4
2025-07-25,Australia,Hay Point,Paradip,Panamax,Coal,18069.57,580.35,121.223,77.77,30.98,33.11,6420.0,486.4
2025-08-01,Australia,Hay Point,Paradip,Panamax,Coal,16997.46,563.36,116.239,84.28,37.05,31.66,6420.0,486.4
2025-08-08,Australia,Hay Point,Paradip,Panamax,Coal,16931.48,564.22,116.402,84.26,36.71,44.96,6420.0,486.4
2025-08-15,Australia,Hay Point,Paradip,Panamax,Coal,17774.76,563.54,116.552,76.16,35.7,39.03,6420.0,486.4
2025-08-22,Australia,Hay Point,Paradip,Panamax,Coal,17890.78,563.04,116.689,68.31,39.57,30.46,6420.0,486.4
2025-08-29,Australia,Hay Point,Paradip,Panamax,Coal,17301.66,563.86,116.796,69.45,42.16,42.45,6420.0,486.4
2025-09-05,Australia,Hay Point,Paradip,Panamax,Coal,17752.74,551.41,113.114,69.37,27.03,48.94,6420.0,486.4
2025-09-12,Australia,Hay Point,Paradip,Panamax,Coal,18100.94,551.52,113.273,80.56,34.56,41.11,6420.0,486.4
2025-09-19,Australia,Hay Point,Paradip,Panamax,Coal,17646.27,551.47,113.419,81.91,34.36,41.06,6420.0,486.4
2025-09-26,Australia,Hay Point,Paradip,Panamax,Coal,17838.7,551.78,113.621,73.87,39.11,40.65,6420.0,486.4
2025-10-03,Australia,Hay Point,Paradip,Panamax,Coal,17698.0,547.61,112.37,74.14,43.62,37.1,6420.0,486.4
2025-10-10,Australia,Hay Point,Paradip,Panamax,Coal,17632.9,548.11,112.523,65.06,18.02,34.33,6420.0,486.4
2025-10-17,Australia,Hay Point,Paradip,Panamax,Coal,16966.62,549.56,112.722,69.68,39.74,34.85,6420.0,486.4
2025-10-24,Australia,Hay Point,Paradip,Panamax,Coal,16965.57,549.07,112.875,65.78,40.13,34.97,6420.0,486.4
2025-10-31,Australia,Hay Point,Paradip,Panamax,Coal,16958.65,551.01,113.111,52.48,33.23,31.91,6420.0,486.4
2025-11-07,Australia,Hay Point,Paradip,Panamax,Coal,17796.56,555.99,114.727,49.9,28.39,43.55,6420.0,486.4
2025-11-14,Australia,Hay Point,Paradip,Panamax,Coal,17851.06,556.79,114.869,41.35,15.54,38.03,6420.0,486.4
2025-11-21,Australia,Hay Point,Paradip,Panamax,Coal,17913.75,557.25,115.01,54.49,26.04,32.28,6420.0,486.4
2025-11-28,Australia,Hay Point,Paradip,Panamax,Coal,18004.64,557.34,115.167,44.36,12.67,46.24,6420.0,486.4
2025-12-05,Australia,Hay Point,Paradip,Panamax,Coal,18842.06,570.38,119.179,39.72,17.44,39.34,6420.0,486.4
2025-12-12,Australia,Hay Point,Paradip,Panamax,Coal,18380.41,569.95,119.268,52.4,24.9,43.94,6420.0,486.4
2025-12-19,Australia,Hay Point,Paradip,Panamax,Coal,19890.39,571.27,119.494,61.21,17.27,32.65,6420.0,486.4
2025-12-26,Australia,Hay Point,Paradip,Panamax,Coal,20713.84,571.74,119.623,49.08,32.61,41.1,6420.0,486.4
2026-01-02,Australia,Hay Point,Paradip,Panamax,Coal,20203.59,590.07,125.104,46.03,33.4,43.3,6420.0,486.4
2026-01-09,Australia,Hay Point,Paradip,Panamax,Coal,20438.37,590.75,125.166,28.02,28.53,31.57,6420.0,486.4
2026-01-16,Australia,Hay Point,Paradip,Panamax,Coal,20842.96,592.22,125.356,37.56,9.34,30.62,6420.0,486.4
2026-01-23,Australia,Hay Point,Paradip,Panamax,Coal,20427.74,592.95,125.509,32.53,11.42,35.17,6420.0,486.4
2026-01-30,Australia,Hay Point,Paradip,Panamax,Coal,20808.9,593.53,125.692,53.41,24.52,32.85,6420.0,486.4
2026-02-06,Australia,Hay Point,Paradip,Panamax,Coal,19825.07,611.69,131.166,49.19,22.0,43.82,6420.0,486.4
2026-02-13,Australia,Hay Point,Paradip,Panamax,Coal,20389.54,611.21,131.281,44.8,22.88,35.71,6420.0,486.4
2026-02-20,Australia,Hay Point,Paradip,Panamax,Coal,20487.45,612.26,131.417,34.55,16.17,38.51,6420.0,486.4
2026-02-27,Australia,Hay Point,Paradip,Panamax,Coal,20142.96,612.34,131.637,47.78,9.31,43.91,6420.0,486.4
2026-03-06,Australia,Hay Point,Paradip,Panamax,Coal,21000.84,624.88,135.723,47.57,27.06,44.63,6420.0,486.4
2026-03-13,Australia,Hay Point,Paradip,Panamax,Coal,19832.92,623.93,135.977,53.08,18.94,36.72,6420.0,486.4
2026-03-20,Australia,Hay Point,Paradip,Panamax,Coal,20587.23,623.76,136.192,40.26,20.0,38.75,6420.0,486.4
2026-03-27,Australia,Hay Point,Paradip,Panamax,Coal,20062.81,624.36,136.404,42.86,17.82,53.58,6420.0,486.4
2026-04-03,Australia,Hay Point,Paradip,Panamax,Coal,21633.17,630.3,138.054,52.38,25.17,47.23,6420.0,486.4
2026-04-10,Australia,Hay Point,Paradip,Panamax,Coal,21881.54,630.93,138.323,59.54,24.62,36.02,6420.0,486.4
2026-04-17,Australia,Hay Point,Paradip,Panamax,Coal,22635.53,630.89,138.427,56.48,34.39,43.76,6420.0,486.4
2026-04-24,Australia,Hay Point,Paradip,Panamax,Coal,22772.68,631.84,138.581,58.2,35.13,33.06,6420.0,486.4
2026-05-01,Australia,Hay Point,Paradip,Panamax,Coal,23167.35,627.4,137.284,69.06,31.57,40.04,6420.0,486.4
2026-05-08,Australia,Hay Point,Paradip,Panamax,Coal,23092.54,628.03,137.541,62.57,30.84,44.97,6420.0,486.4
2026-05-15,Australia,Hay Point,Paradip,Panamax,Coal,23287.01,628.03,137.663,60.44,34.2,35.14,6420.0,486.4
2026-05-22,Australia,Hay Point,Paradip,Panamax,Coal,23399.85,628.23,137.866,59.35,30.6,52.56,6420.0,486.4
2026-05-29,Australia,Hay Point,Paradip,Panamax,Coal,22339.91,629.73,138.111,61.77,30.47,40.68,6420.0,486.4
2026-06-05,Australia,Hay Point,Paradip,Panamax,Coal,20678.77,617.53,134.352,67.32,45.08,43.13,6420.0,486.4
2026-06-12,Australia,Hay Point,Paradip,Panamax,Coal,19917.1,618.21,134.51,63.99,30.97,22.72,6420.0,486.4
2026-06-19,Australia,Hay Point,Paradip,Panamax,Coal,20231.28,618.08,134.752,81.73,37.83,35.67,6420.0,486.4
2026-06-26,Australia,Hay Point,Paradip,Panamax,Coal,20571.19,618.4,135.023,79.49,49.62,42.06,6420.0,486.4
2026-07-03,Australia,Hay Point,Paradip,Panamax,Coal,19153.56,601.57,129.684,69.32,15.81,30.51,6420.0,486.4
2026-07-10,Australia,Hay Point,Paradip,Panamax,Coal,18717.15,601.02,129.969,68.39,39.72,40.25,6420.0,486.4
2026-07-17,Australia,Hay Point,Paradip,Panamax,Coal,19093.43,601.11,130.204,76.77,37.76,32.55,6420.0,486.4
2026-07-24,Australia,Hay Point,Paradip,Panamax,Coal,18632.06,602.42,130.401,85.75,38.71,46.52,6420.0,486.4
2026-07-31,Australia,Hay Point,Paradip,Panamax,Coal,19581.91,602.02,130.602,70.94,37.61,34.25,6420.0,486.4
2026-08-07,Australia,Hay Point,Paradip,Panamax,Coal,19719.91,584.19,125.218,77.26,28.49,34.88,6420.0,486.4
2026-08-14,Australia,Hay Point,Paradip,Panamax,Coal,19477.09,584.71,125.37,49.27,29.52,39.5,6420.0,486.4
2026-08-21,Australia,Hay Point,Paradip,Panamax,Coal,19302.64,585.47,125.56,58.79,26.61,34.74,6420.0,486.4
2026-08-28,Australia,Hay Point,Paradip,Panamax,Coal,20274.98,585.48,125.753,70.39,23.46,34.27,6420.0,486.4
2026-09-04,Australia,Hay Point,Paradip,Panamax,Coal,21176.08,572.21,121.815,71.4,25.09,42.8,6420.0,486.4
2026-09-11,Australia,Hay Point,Paradip,Panamax,Coal,21780.9,571.78,122.068,78.14,40.52,46.12,6420.0,486.4
2026-09-18,Australia,Hay Point,Paradip,Panamax,Coal,21370.84,572.1,122.256,78.98,46.41,47.69,6420.0,486.4
2026-09-25,Australia,Hay Point,Paradip,Panamax,Coal,21711.83,572.51,122.483,72.57,31.64,34.26,6420.0,486.4
2023-01-06,Australia,Hay Point,Paradip,Panamax,Iron Ore,17517.71,519.44,99.953,39.0,33.66,41.07,6420.0,486.4
2023-01-13,Australia,Hay Point,Paradip,Panamax,Iron Ore,17097.88,520.28,100.181,38.99,24.31,29.44,6420.0,486.4
2023-01-20,Australia,Hay Point,Paradip,Panamax,Iron Ore,17463.86,521.33,100.291,52.94,29.89,38.98,6420.0,486.4
2023-01-27,Australia,Hay Point,Paradip,Panamax,Iron Ore,17845.71,521.82,100.457,58.74,41.87,37.17,6420.0,486.4
2023-02-03,Australia,Hay Point,Paradip,Panamax,Iron Ore,17243.61,537.32,104.842,65.68,26.91,30.9,6420.0,486.4
2023-02-10,Australia,Hay Point,Paradip,Panamax,Iron Ore,17314.53,538.13,104.936,55.75,40.68,46.64,6420.0,486.4
2023-02-17,Australia,Hay Point,Paradip,Panamax,Iron Ore,16946.17,538.09,105.124,46.12,20.22,40.96,6420.0,486.4
2023-02-24,Australia,Hay Point,Paradip,Panamax,Iron Ore,17418.73,537.62,105.273,45.4,36.26,38.4,6420.0,486.4
2023-03-03,Australia,Hay Point,Paradip,Panamax,Iron Ore,16873.77,550.04,108.663,47.25,25.36,51.2,6420.0,486.4
2023-03-10,Australia,Hay Point,Paradip,Panamax,Iron Ore,16429.29,550.18,108.807,44.76,27.63,37.13,6420.0,486.4
2023-03-17,Australia,Hay Point,Paradip,Panamax,Iron Ore,15883.89,550.8,108.961,56.04,36.49,43.67,6420.0,486.4
2023-03-24,Australia,Hay Point,Paradip,Panamax,Iron Ore,16349.69,551.13,109.087,47.25,31.52,37.86,6420.0,486.4
2023-03-31,Australia,Hay Point,Paradip,Panamax,Iron Ore,16751.35,551.86,109.273,31.29,22.81,47.2,6420.0,486.4
2023-04-07,Australia,Hay Point,Paradip,Panamax,Iron Ore,17639.89,556.7,110.633,40.92,27.25,38.69,6420.0,486.4
2023-04-14,Australia,Hay Point,Paradip,Panamax,Iron Ore,17938.87,557.28,110.782,33.57,22.85,43.95,6420.0,486.4
2023-04-21,Australia,Hay Point,Paradip,Panamax,Iron Ore,18588.01,557.72,110.927,53.9,38.1,47.62,6420.0,486.4
2023-04-28,Australia,Hay Point,Paradip,Panamax,Iron Ore,18273.09,557.74,111.121,59.98,40.32,32.41,6420.0,486.4
2023-05-05,Australia,Hay Point,Paradip,Panamax,Iron Ore,18302.39,554.54,110.187,64.13,20.99,35.86,6420.0,486.4
2023-05-12,Australia,Hay Point,Paradip,Panamax,Iron Ore,18105.83,555.82,110.331,76.4,42.29,38.82,6420.0,486.4
2023-05-19,Australia,Hay Point,Paradip,Panamax,Iron Ore,18464.2,556.04,110.489,73.94,52.14,44.39,6420.0,486.4
2023-05-26,Australia,Hay Point,Paradip,Panamax,Iron Ore,17314.65,556.56,110.636,79.99,30.22,36.47,6420.0,486.4
2023-06-02,Australia,Hay Point,Paradip,Panamax,Iron Ore,17375.52,545.41,107.547,78.28,25.93,34.22,6420.0,486.4
2023-06-09,Australia,Hay Point,Paradip,Panamax,Iron Ore,18096.61,545.93,107.673,81.62,53.08,43.69,6420.0,486.4
2023-06-16,Australia,Hay Point,Paradip,Panamax,Iron Ore,18315.83,545.73,107.857,81.02,35.97,55.61,6420.0,486.4
2023-06-23,Australia,Hay Point,Paradip,Panamax,Iron Ore,18714.07,546.48,108.051,85.73,44.34,37.8,6420.0,486.4
2023-06-30,Australia,Hay Point,Paradip,Panamax,Iron Ore,18862.07,546.8,108.217,82.25,44.13,27.43,6420.0,486.4
2023-07-07,Australia,Hay Point,Paradip,Panamax,Iron Ore,16271.8,532.29,103.935,98.94,38.89,31.25,6420.0,486.4
2023-07-14,Australia,Hay Point,Paradip,Panamax,Iron Ore,16348.18,533.63,104.072,99.0,39.13,44.93,6420.0,486.4
2023-07-21,Australia,Hay Point,Paradip,Panamax,Iron Ore,15876.8,533.88,104.234,89.66,30.25,30.76,6420.0,486.4
2023-07-28,Australia,Hay Point,Paradip,Panamax,Iron Ore,15581.61,534.23,104.435,90.53,44.7,33.47,6420.0,486.4
2023-08-04,Australia,Hay Point,Paradip,Panamax,Iron Ore,15326.66,519.06,100.091,79.66,38.91,35.05,6420.0,486.4
2023-08-11,Australia,Hay Point,Paradip,Panamax,Iron Ore,14631.57,519.47,100.282,77.85,29.91,42.86,6420.0,486.4
2023-08-18,Australia,Hay Point,Paradip,Panamax,Iron Ore,14075.57,520.39,100.464,84.8,44.81,35.77,6420.0,486.4
2023-08-25,Australia,Hay Point,Paradip,Panamax,Iron Ore,14158.23,520.38,100.59,85.29,44.47,32.42,6420.0,486.4
2023-09-01,Australia,Hay Point,Paradip,Panamax,Iron Ore,14301.66,509.19,97.473,66.96,29.09,36.7,6420.0,486.4
2023-09-08,Australia,Hay Point,Paradip,Panamax,Iron Ore,14377.99,510.0,97.607,75.78,39.12,40.68,6420.0,486.4
2023-09-15,Australia,Hay Point,Paradip,Panamax,Iron Ore,14474.79,510.38,97.757,76.31,32.61,34.07,6420.0,486.4
2023-09-22,Australia,Hay Point,Paradip,Panamax,Iron Ore,15275.37,510.84,97.906,59.94,42.58,42.22,6420.0,486.4
2023-09-29,Australia,Hay Point,Paradip,Panamax,Iron Ore,13581.96,511.63,98.025,54.8,29.76,41.72,6420.0,486.4
2023-10-06,Australia,Hay Point,Paradip,Panamax,Iron Ore,13692.38,508.2,97.005,57.93,20.26,42.08,6420.0,486.4
2023-10-13,Australia,Hay Point,Paradip,Panamax,Iron Ore,14130.02,508.88,97.232,63.35,31.12,39.4,6420.0,486.4
2023-10-20,Australia,Hay Point,Paradip,Panamax,Iron Ore,14243.23,509.12,97.428,76.14,38.57,37.24,6420.0,486.4
2023-10-27,Australia,Hay Point,Paradip,Panamax,Iron Ore,14772.72,509.52,97.6,58.46,28.67,42.29,6420.0,486.4
2023-11-03,Australia,Hay Point,Paradip,Panamax,Iron Ore,15303.45,514.1,98.945,42.07,20.54,32.99,6420.0,486.4
2023-11-10,Australia,Hay Point,Paradip,Panamax,Iron Ore,16296.8,514.58,99.043,25.73,36.41,42.85,6420.0,486.4
2023-11-17,Australia,Hay Point,Paradip,Panamax,Iron Ore,17068.35,515.08,99.222,34.61,18.76,32.63,6420.0,486.4
2023-11-24,Australia,Hay Point,Paradip,Panamax,Iron Ore,17446.88,514.17,99.396,42.86,20.4,47.06,6420.0,486.4
2023-12-01,Australia,Hay Point,Paradip,Panamax,Iron Ore,17102.22,527.15,102.902,38.5,18.46,45.74,6420.0,486.4
2023-12-08,Australia,Hay Point,Paradip,Panamax,Iron Ore,16384.23,527.21,103.013,40.91,11.44,41.06,6420.0,486.4
2023-12-15,Australia,Hay Point,Paradip,Panamax,Iron Ore,16842.06,527.02,103.146,48.78,23.63,35.87,6420.0,486.4
2023-12-22,Australia,Hay Point,Paradip,Panamax,Iron Ore,16887.77,527.39,103.305,64.05,35.58,36.81,6420.0,486.4
2023-12-29,Australia,Hay Point,Paradip,Panamax,Iron Ore,17733.97,527.45,103.441,63.96,27.37,37.22,6420.0,486.4
2024-01-05,Australia,Hay Point,Paradip,Panamax,Iron Ore,16855.79,544.11,108.183,50.78,19.76,38.36,6420.0,486.4
2024-01-12,Australia,Hay Point,Paradip,Panamax,Iron Ore,17283.46,544.23,108.39,49.6,24.83,36.41,6420.0,486.4
2024-01-19,Australia,Hay Point,Paradip,Panamax,Iron Ore,17632.78,544.9,108.553,50.07,31.43,36.04,6420.0,486.4
2024-01-26,Australia,Hay Point,Paradip,Panamax,Iron Ore,16713.2,545.86,108.66,44.95,21.2,33.97,6420.0,486.4
2024-02-02,Australia,Hay Point,Paradip,Panamax,Iron Ore,16203.23,560.88,113.443,54.09,38.66,33.5,6420.0,486.4
2024-02-09,Australia,Hay Point,Paradip,Panamax,Iron Ore,16181.16,561.27,113.508,58.03,28.02,39.0,6420.0,486.4
2024-02-16,Australia,Hay Point,Paradip,Panamax,Iron Ore,16427.86,561.54,113.732,45.17,25.67,47.51,6420.0,486.4
2024-02-23,Australia,Hay Point,Paradip,Panamax,Iron Ore,16219.31,561.47,113.906,51.66,15.89,29.19,6420.0,486.4
2024-03-01,Australia,Hay Point,Paradip,Panamax,Iron Ore,16837.28,573.69,117.508,69.36,32.93,40.89,6420.0,486.4
2024-03-08,Australia,Hay Point,Paradip,Panamax,Iron Ore,16800.42,573.98,117.586,78.17,44.28,25.61,6420.0,486.4
2024-03-15,Australia,Hay Point,Paradip,Panamax,Iron Ore,17074.93,575.21,117.738,77.28,30.51,43.03,6420.0,486.4
2024-03-22,Australia,Hay Point,Paradip,Panamax,Iron Ore,17353.0,575.06,117.953,79.5,33.69,38.05,6420.0,486.4
2024-03-29,Australia,Hay Point,Paradip,Panamax,Iron Ore,17071.45,575.25,117.989,72.98,26.81,37.65,6420.0,486.4
2024-04-05,Australia,Hay Point,Paradip,Panamax,Iron Ore,18056.28,580.3,119.378,72.45,37.04,52.35,6420.0,486.4
2024-04-12,Australia,Hay Point,Paradip,Panamax,Iron Ore,18838.79,580.8,119.451,68.59,43.85,44.57,6420.0,486.4
2024-04-19,Australia,Hay Point,Paradip,Panamax,Iron Ore,19283.95,580.53,119.616,65.38,33.43,38.17,6420.0,486.4
2024-04-26,Australia,Hay Point,Paradip,Panamax,Iron Ore,20533.58,582.32,119.809,49.36,35.97,47.01,6420.0,486.4
2024-05-03,Australia,Hay Point,Paradip,Panamax,Iron Ore,21371.06,577.86,118.651,51.93,20.69,36.82,6420.0,486.4
2024-05-10,Australia,Hay Point,Paradip,Panamax,Iron Ore,21301.14,577.33,118.872,37.65,28.13,44.43,6420.0,486.4
2024-05-17,Australia,Hay Point,Paradip,Panamax,Iron Ore,21336.8,576.78,119.112,32.87,14.87,51.83,6420.0,486.4
2024-05-24,Australia,Hay Point,Paradip,Panamax,Iron Ore,21252.88,577.82,119.319,39.11,23.96,50.69,6420.0,486.4
2024-05-31,Australia,Hay Point,Paradip,Panamax,Iron Ore,21012.57,577.43,119.443,42.46,24.22,38.25,6420.0,486.4
2024-06-07,Australia,Hay Point,Paradip,Panamax,Iron Ore,19941.35,566.46,116.203,55.51,31.81,31.72,6420.0,486.4
2024-06-14,Australia,Hay Point,Paradip,Panamax,Iron Ore,20236.46,566.7,116.424,64.95,39.01,34.24,6420.0,486.4
2024-06-21,Australia,Hay Point,Paradip,Panamax,Iron Ore,20413.18,566.87,116.559,52.23,32.28,44.3,6420.0,486.4
2024-06-28,Australia,Hay Point,Paradip,Panamax,Iron Ore,20248.0,567.45,116.755,49.71,23.32,30.49,6420.0,486.4
2024-07-05,Australia,Hay Point,Paradip,Panamax,Iron Ore,18892.63,551.08,112.143,51.76,22.03,37.72,6420.0,486.4
2024-07-12,Australia,Hay Point,Paradip,Panamax,Iron Ore,20056.01,551.81,112.386,61.6,38.26,35.28,6420.0,486.4
2024-07-19,Australia,Hay Point,Paradip,Panamax,Iron Ore,19128.04,552.63,112.618,78.16,21.64,25.48,6420.0,486.4
2024-07-26,Australia,Hay Point,Paradip,Panamax,Iron Ore,17679.17,553.89,112.737,75.59,25.57,34.79,6420.0,486.4
2024-08-02,Australia,Hay Point,Paradip,Panamax,Iron Ore,17222.42,537.93,108.097,84.44,39.84,35.86,6420.0,486.4
2024-08-09,Australia,Hay Point,Paradip,Panamax,Iron Ore,17273.57,538.93,108.291,76.49,38.08,44.61,6420.0,486.4
2024-08-16,Australia,Hay Point,Paradip,Panamax,Iron Ore,16814.47,538.68,108.429,87.09,29.57,41.44,6420.0,486.4
2024-08-23,Australia,Hay Point,Paradip,Panamax,Iron Ore,18046.18,538.21,108.63,87.03,44.44,36.42,6420.0,486.4
2024-08-30,Australia,Hay Point,Paradip,Panamax,Iron Ore,17829.75,538.54,108.875,81.28,41.71,42.78,6420.0,486.4
2024-09-06,Australia,Hay Point,Paradip,Panamax,Iron Ore,18525.31,526.33,105.496,85.85,37.0,46.83,6420.0,486.4
2024-09-13,Australia,Hay Point,Paradip,Panamax,Iron Ore,19353.77,526.75,105.559,65.92,31.75,55.45,6420.0,486.4
2024-09-20,Australia,Hay Point,Paradip,Panamax,Iron Ore,18846.8,527.35,105.712,80.98,45.28,34.84,6420.0,486.4
2024-09-27,Australia,Hay Point,Paradip,Panamax,Iron Ore,17973.01,528.52,105.961,82.54,34.42,34.39,6420.0,486.4
2024-10-04,Australia,Hay Point,Paradip,Panamax,Iron Ore,19171.38,525.36,104.828,69.75,39.86,38.0,6420.0,486.4
2024-10-11,Australia,Hay Point,Paradip,Panamax,Iron Ore,18860.86,525.17,104.937,64.49,34.21,37.44,6420.0,486.4
2024-10-18,Australia,Hay Point,Paradip,Panamax,Iron Ore,19678.53,524.63,105.099,52.38,25.53,45.18,6420.0,486.4
2024-10-25,Australia,Hay Point,Paradip,Panamax,Iron Ore,19607.46,524.91,105.193,42.79,19.15,47.11,6420.0,486.4
2024-11-01,Australia,Hay Point,Paradip,Panamax,Iron Ore,19893.81,530.26,106.64,37.03,25.32,43.6,6420.0,486.4
2024-11-08,Australia,Hay Point,Paradip,Panamax,Iron Ore,19958.24,531.01,106.817,40.37,29.9,33.18,6420.0,486.4
2024-11-15,Australia,Hay Point,Paradip,Panamax,Iron Ore,19701.23,531.08,107.0,66.4,33.18,38.46,6420.0,486.4
2024-11-22,Australia,Hay Point,Paradip,Panamax,Iron Ore,20068.02,531.54,107.099,58.02,16.91,43.45,6420.0,486.4
2024-11-29,Australia,Hay Point,Paradip,Panamax,Iron Ore,19886.84,531.3,107.256,45.86,18.55,42.79,6420.0,486.4
2024-12-06,Australia,Hay Point,Paradip,Panamax,Iron Ore,18739.99,544.72,110.972,43.13,36.77,37.62,6420.0,486.4
2024-12-13,Australia,Hay Point,Paradip,Panamax,Iron Ore,18752.04,545.5,111.069,45.37,34.66,42.27,6420.0,486.4
2024-12-20,Australia,Hay Point,Paradip,Panamax,Iron Ore,18603.82,545.41,111.28,50.2,34.92,40.36,6420.0,486.4
2024-12-27,Australia,Hay Point,Paradip,Panamax,Iron Ore,18812.64,545.35,111.403,52.97,31.54,37.07,6420.0,486.4
2025-01-03,Australia,Hay Point,Paradip,Panamax,Iron Ore,17894.79,562.67,116.466,48.58,24.72,35.25,6420.0,486.4
2025-01-10,Australia,Hay Point,Paradip,Panamax,Iron Ore,17473.66,564.21,116.576,61.21,18.04,32.4,6420.0,486.4
2025-01-17,Australia,Hay Point,Paradip,Panamax,Iron Ore,17787.85,564.36,116.642,67.11,39.26,35.35,6420.0,486.4
2025-01-24,Australia,Hay Point,Paradip,Panamax,Iron Ore,17857.94,564.76,116.896,63.1,30.57,36.2,6420.0,486.4
2025-01-31,Australia,Hay Point,Paradip,Panamax,Iron Ore,17628.61,564.98,117.171,60.21,25.25,27.48,6420.0,486.4
2025-02-07,Australia,Hay Point,Paradip,Panamax,Iron Ore,18264.47,582.12,122.351,38.91,25.34,36.43,6420.0,486.4
2025-02-14,Australia,Hay Point,Paradip,Panamax,Iron Ore,17669.51,582.6,122.541,60.38,17.88,37.25,6420.0,486.4
2025-02-21,Australia,Hay Point,Paradip,Panamax,Iron Ore,17829.45,582.52,122.748,46.65,13.12,35.31,6420.0,486.4
2025-02-28,Australia,Hay Point,Paradip,Panamax,Iron Ore,17063.29,583.03,122.945,38.61,24.01,37.68,6420.0,486.4
2025-03-07,Australia,Hay Point,Paradip,Panamax,Iron Ore,18460.05,595.82,126.87,33.03,20.34,45.79,6420.0,486.4
2025-03-14,Australia,Hay Point,Paradip,Panamax,Iron Ore,18516.12,596.01,127.049,34.03,24.11,46.73,6420.0,486.4
2025-03-21,Australia,Hay Point,Paradip,Panamax,Iron Ore,18706.39,597.42,127.153,30.87,10.45,36.13,6420.0,486.4
2025-03-28,Australia,Hay Point,Paradip,Panamax,Iron Ore,18686.37,598.46,127.253,30.97,19.49,39.06,6420.0,486.4
2025-04-04,Australia,Hay Point,Paradip,Panamax,Iron Ore,21115.63,602.6,128.664,32.0,27.16,39.16,6420.0,486.4
2025-04-11,Australia,Hay Point,Paradip,Panamax,Iron Ore,20109.36,602.95,128.854,42.17,17.98,42.09,6420.0,486.4
2025-04-18,Australia,Hay Point,Paradip,Panamax,Iron Ore,20099.93,603.34,128.987,38.45,18.37,60.25,6420.0,486.4
2025-04-25,Australia,Hay Point,Paradip,Panamax,Iron Ore,20174.47,604.73,129.167,43.58,34.41,39.83,6420.0,486.4
2025-05-02,Australia,Hay Point,Paradip,Panamax,Iron Ore,20654.93,601.49,127.919,48.49,14.72,30.18,6420.0,486.4
2025-05-09,Australia,Hay Point,Paradip,Panamax,Iron Ore,22052.31,601.84,128.075,55.3,45.82,42.36,6420.0,486.4
2025-05-16,Australia,Hay Point,Paradip,Panamax,Iron Ore,22247.98,602.97,128.335,48.6,39.74,43.84,6420.0,486.4
2025-05-23,Australia,Hay Point,Paradip,Panamax,Iron Ore,21826.04,603.92,128.527,38.84,19.66,39.14,6420.0,486.4
2025-05-30,Australia,Hay Point,Paradip,Panamax,Iron Ore,21261.71,604.3,128.698,48.14,24.68,41.27,6420.0,486.4
2025-06-06,Australia,Hay Point,Paradip,Panamax,Iron Ore,22411.35,592.35,125.199,55.76,37.21,43.5,6420.0,486.4
2025-06-13,Australia,Hay Point,Paradip,Panamax,Iron Ore,22314.37,593.53,125.294,74.75,33.98,43.61,6420.0,486.4
2025-06-20,Australia,Hay Point,Paradip,Panamax,Iron Ore,23099.35,595.44,125.535,79.48,35.06,23.87,6420.0,486.4
2025-06-27,Australia,Hay Point,Paradip,Panamax,Iron Ore,22996.69,596.43,125.688,72.42,41.09,30.5,6420.0,486.4
2025-07-04,Australia,Hay Point,Paradip,Panamax,Iron Ore,20038.2,580.39,120.7,80.69,30.63,25.89,6420.0,486.4
2025-07-11,Australia,Hay Point,Paradip,Panamax,Iron Ore,20228.17,580.91,120.842,71.39,30.7,28.1,6420.0,486.4
2025-07-18,Australia,Hay Point,Paradip,Panamax,Iron Ore,20199.52,580.77,121.048,70.04,41.01,37.55,6420.0,486.4
2025-07-25,Australia,Hay Point,Paradip,Panamax,Iron Ore,19745.53,580.35,121.223,77.77,30.98,33.11,6420.0,486.4
2025-08-01,Australia,Hay Point,Paradip,Panamax,Iron Ore,18873.78,563.36,116.239,84.28,37.05,31.66,6420.0,486.4
2025-08-08,Australia,Hay Point,Paradip,Panamax,Iron Ore,19391.25,564.22,116.402,84.26,36.71,44.96,6420.0,486.4
2025-08-15,Australia,Hay Point,Paradip,Panamax,Iron Ore,19488.62,563.54,116.552,76.16,35.7,39.03,6420.0,486.4
2025-08-22,Australia,Hay Point,Paradip,Panamax,Iron Ore,19498.74,563.04,116.689,68.31,39.57,30.46,6420.0,486.4
2025-08-29,Australia,Hay Point,Paradip,Panamax,Iron Ore,18832.59,563.86,116.796,69.45,42.16,42.45,6420.0,486.4
2025-09-05,Australia,Hay Point,Paradip,Panamax,Iron Ore,18031.47,551.41,113.114,69.37,27.03,48.94,6420.0,486.4
2025-09-12,Australia,Hay Point,Paradip,Panamax,Iron Ore,18104.35,551.52,113.273,80.56,34.56,41.11,6420.0,486.4
2025-09-19,Australia,Hay Point,Paradip,Panamax,Iron Ore,18106.12,551.47,113.419,81.91,34.36,41.06,6420.0,486.4
2025-09-26,Australia,Hay Point,Paradip,Panamax,Iron Ore,18327.88,551.78,113.621,73.87,39.11,40.65,6420.0,486.4
2025-10-03,Australia,Hay Point,Paradip,Panamax,Iron Ore,18953.64,547.61,112.37,74.14,43.62,37.1,6420.0,486.4
2025-10-10,Australia,Hay Point,Paradip,Panamax,Iron Ore,18594.38,548.11,112.523,65.06,18.02,34.33,6420.0,486.4
2025-10-17,Australia,Hay Point,Paradip,Panamax,Iron Ore,18870.25,549.56,112.722,69.68,39.74,34.85,6420.0,486.4
2025-10-24,Australia,Hay Point,Paradip,Panamax,Iron Ore,18927.83,549.07,112.875,65.78,40.13,34.97,6420.0,486.4
2025-10-31,Australia,Hay Point,Paradip,Panamax,Iron Ore,19473.38,551.01,113.111,52.48,33.23,31.91,6420.0,486.4
2025-11-07,Australia,Hay Point,Paradip,Panamax,Iron Ore,21290.17,555.99,114.727,49.9,28.39,43.55,6420.0,486.4
2025-11-14,Australia,Hay Point,Paradip,Panamax,Iron Ore,21441.73,556.79,114.869,41.35,15.54,38.03,6420.0,486.4
2025-11-21,Australia,Hay Point,Paradip,Panamax,Iron Ore,20823.92,557.25,115.01,54.49,26.04,32.28,6420.0,486.4
2025-11-28,Australia,Hay Point,Paradip,Panamax,Iron Ore,19915.46,557.34,115.167,44.36,12.67,46.24,6420.0,486.4
2025-12-05,Australia,Hay Point,Paradip,Panamax,Iron Ore,19530.41,570.38,119.179,39.72,17.44,39.34,6420.0,486.4
2025-12-12,Australia,Hay Point,Paradip,Panamax,Iron Ore,19561.89,569.95,119.268,52.4,24.9,43.94,6420.0,486.4
2025-12-19,Australia,Hay Point,Paradip,Panamax,Iron Ore,19719.43,571.27,119.494,61.21,17.27,32.65,6420.0,486.4
2025-12-26,Australia,Hay Point,Paradip,Panamax,Iron Ore,19896.65,571.74,119.623,49.08,32.61,41.1,6420.0,486.4
2026-01-02,Australia,Hay Point,Paradip,Panamax,Iron Ore,19298.11,590.07,125.104,46.03,33.4,43.3,6420.0,486.4
2026-01-09,Australia,Hay Point,Paradip,Panamax,Iron Ore,19296.86,590.75,125.166,28.02,28.53,31.57,6420.0,486.4
2026-01-16,Australia,Hay Point,Paradip,Panamax,Iron Ore,19072.63,592.22,125.356,37.56,9.34,30.62,6420.0,486.4
2026-01-23,Australia,Hay Point,Paradip,Panamax,Iron Ore,18318.49,592.95,125.509,32.53,11.42,35.17,6420.0,486.4
2026-01-30,Australia,Hay Point,Paradip,Panamax,Iron Ore,18482.5,593.53,125.692,53.41,24.52,32.85,6420.0,486.4
2026-02-06,Australia,Hay Point,Paradip,Panamax,Iron Ore,17823.68,611.69,131.166,49.19,22.0,43.82,6420.0,486.4
2026-02-13,Australia,Hay Point,Paradip,Panamax,Iron Ore,17669.37,611.21,131.281,44.8,22.88,35.71,6420.0,486.4
2026-02-20,Australia,Hay Point,Paradip,Panamax,Iron Ore,17979.89,612.26,131.417,34.55,16.17,38.51,6420.0,486.4
2026-02-27,Australia,Hay Point,Paradip,Panamax,Iron Ore,18088.28,612.34,131.637,47.78,9.31,43.91,6420.0,486.4
2026-03-06,Australia,Hay Point,Paradip,Panamax,Iron Ore,19360.65,624.88,135.723,47.57,27.06,44.63,6420.0,486.4
2026-03-13,Australia,Hay Point,Paradip,Panamax,Iron Ore,18833.57,623.93,135.977,53.08,18.94,36.72,6420.0,486.4
2026-03-20,Australia,Hay Point,Paradip,Panamax,Iron Ore,19808.11,623.76,136.192,40.26,20.0,38.75,6420.0,486.4
2026-03-27,Australia,Hay Point,Paradip,Panamax,Iron Ore,20430.6,624.36,136.404,42.86,17.82,53.58,6420.0,486.4
2026-04-03,Australia,Hay Point,Paradip,Panamax,Iron Ore,22356.81,630.3,138.054,52.38,25.17,47.23,6420.0,486.4
2026-04-10,Australia,Hay Point,Paradip,Panamax,Iron Ore,21858.23,630.93,138.323,59.54,24.62,36.02,6420.0,486.4
2026-04-17,Australia,Hay Point,Paradip,Panamax,Iron Ore,22549.52,630.89,138.427,56.48,34.39,43.76,6420.0,486.4
2026-04-24,Australia,Hay Point,Paradip,Panamax,Iron Ore,22832.52,631.84,138.581,58.2,35.13,33.06,6420.0,486.4
2026-05-01,Australia,Hay Point,Paradip,Panamax,Iron Ore,23175.8,627.4,137.284,69.06,31.57,40.04,6420.0,486.4
2026-05-08,Australia,Hay Point,Paradip,Panamax,Iron Ore,22096.88,628.03,137.541,62.57,30.84,44.97,6420.0,486.4
2026-05-15,Australia,Hay Point,Paradip,Panamax,Iron Ore,21929.25,628.03,137.663,60.44,34.2,35.14,6420.0,486.4
2026-05-22,Australia,Hay Point,Paradip,Panamax,Iron Ore,21180.96,628.23,137.866,59.35,30.6,52.56,6420.0,486.4
2026-05-29,Australia,Hay Point,Paradip,Panamax,Iron Ore,20980.57,629.73,138.111,61.77,30.47,40.68,6420.0,486.4
2026-06-05,Australia,Hay Point,Paradip,Panamax,Iron Ore,20470.74,617.53,134.352,67.32,45.08,43.13,6420.0,486.4
2026-06-12,Australia,Hay Point,Paradip,Panamax,Iron Ore,20684.49,618.21,134.51,63.99,30.97,22.72,6420.0,486.4
2026-06-19,Australia,Hay Point,Paradip,Panamax,Iron Ore,21297.05,618.08,134.752,81.73,37.83,35.67,6420.0,486.4
2026-06-26,Australia,Hay Point,Paradip,Panamax,Iron Ore,20624.88,618.4,135.023,79.49,49.62,42.06,6420.0,486.4
2026-07-03,Australia,Hay Point,Paradip,Panamax,Iron Ore,18848.47,601.57,129.684,69.32,15.81,30.51,6420.0,486.4
2026-07-10,Australia,Hay Point,Paradip,Panamax,Iron Ore,18355.41,601.02,129.969,68.39,39.72,40.25,6420.0,486.4
2026-07-17,Australia,Hay Point,Paradip,Panamax,Iron Ore,18075.97,601.11,130.204,76.77,37.76,32.55,6420.0,486.4
2026-07-24,Australia,Hay Point,Paradip,Panamax,Iron Ore,17820.98,602.42,130.401,85.75,38.71,46.52,6420.0,486.4
2026-07-31,Australia,Hay Point,Paradip,Panamax,Iron Ore,17599.9,602.02,130.602,70.94,37.61,34.25,6420.0,486.4
2026-08-07,Australia,Hay Point,Paradip,Panamax,Iron Ore,16926.8,584.19,125.218,77.26,28.49,34.88,6420.0,486.4
2026-08-14,Australia,Hay Point,Paradip,Panamax,Iron Ore,17234.52,584.71,125.37,49.27,29.52,39.5,6420.0,486.4
2026-08-21,Australia,Hay Point,Paradip,Panamax,Iron Ore,16643.33,585.47,125.56,58.79,26.61,34.74,6420.0,486.4
2026-08-28,Australia,Hay Point,Paradip,Panamax,Iron Ore,16698.77,585.48,125.753,70.39,23.46,34.27,6420.0,486.4
2026-09-04,Australia,Hay Point,Paradip,Panamax,Iron Ore,17027.98,572.21,121.815,71.4,25.09,42.8,6420.0,486.4
2026-09-11,Australia,Hay Point,Paradip,Panamax,Iron Ore,17261.87,571.78,122.068,78.14,40.52,46.12,6420.0,486.4
2026-09-18,Australia,Hay Point,Paradip,Panamax,Iron Ore,17823.01,572.1,122.256,78.98,46.41,47.69,6420.0,486.4
2026-09-25,Australia,Hay Point,Paradip,Panamax,Iron Ore,18320.08,572.51,122.483,72.57,31.64,34.26,6420.0,486.4
2023-01-06,Australia,Hay Point,Paradip,Panamax,Thermal Coal,18192.96,519.44,99.953,39.0,33.66,41.07,6420.0,486.4
2023-01-13,Australia,Hay Point,Paradip,Panamax,Thermal Coal,18050.04,520.28,100.181,38.99,24.31,29.44,6420.0,486.4
2023-01-20,Australia,Hay Point,Paradip,Panamax,Thermal Coal,17947.27,521.33,100.291,52.94,29.89,38.98,6420.0,486.4
2023-01-27,Australia,Hay Point,Paradip,Panamax,Thermal Coal,18303.58,521.82,100.457,58.74,41.87,37.17,6420.0,486.4
2023-02-03,Australia,Hay Point,Paradip,Panamax,Thermal Coal,16212.39,537.32,104.842,65.68,26.91,30.9,6420.0,486.4
2023-02-10,Australia,Hay Point,Paradip,Panamax,Thermal Coal,16873.43,538.13,104.936,55.75,40.68,46.64,6420.0,486.4
2023-02-17,Australia,Hay Point,Paradip,Panamax,Thermal Coal,16391.74,538.09,105.124,46.12,20.22,40.96,6420.0,486.4
2023-02-24,Australia,Hay Point,Paradip,Panamax,Thermal Coal,16718.6,537.62,105.273,45.4,36.26,38.4,6420.0,486.4
2023-03-03,Australia,Hay Point,Paradip,Panamax,Thermal Coal,17122.78,550.04,108.663,47.25,25.36,51.2,6420.0,486.4
2023-03-10,Australia,Hay Point,Paradip,Panamax,Thermal Coal,17980.4,550.18,108.807,44.76,27.63,37.13,6420.0,486.4
2023-03-17,Australia,Hay Point,Paradip,Panamax,Thermal Coal,18036.7,550.8,108.961,56.04,36.49,43.67,6420.0,486.4
2023-03-24,Australia,Hay Point,Paradip,Panamax,Thermal Coal,18206.27,551.13,109.087,47.25,31.52,37.86,6420.0,486.4
2023-03-31,Australia,Hay Point,Paradip,Panamax,Thermal Coal,18509.16,551.86,109.273,31.29,22.81,47.2,6420.0,486.4
2023-04-07,Australia,Hay Point,Paradip,Panamax,Thermal Coal,19845.95,556.7,110.633,40.92,27.25,38.69,6420.0,486.4
2023-04-14,Australia,Hay Point,Paradip,Panamax,Thermal Coal,19750.22,557.28,110.782,33.57,22.85,43.95,6420.0,486.4
2023-04-21,Australia,Hay Point,Paradip,Panamax,Thermal Coal,19446.16,557.72,110.927,53.9,38.1,47.62,6420.0,486.4
2023-04-28,Australia,Hay Point,Paradip,Panamax,Thermal Coal,19482.36,557.74,111.121,59.98,40.32,32.41,6420.0,486.4
2023-05-05,Australia,Hay Point,Paradip,Panamax,Thermal Coal,19461.31,554.54,110.187,64.13,20.99,35.86,6420.0,486.4
2023-05-12,Australia,Hay Point,Paradip,Panamax,Thermal Coal,19029.97,555.82,110.331,76.4,42.29,38.82,6420.0,486.4
2023-05-19,Australia,Hay Point,Paradip,Panamax,Thermal Coal,19351.87,556.04,110.489,73.94,52.14,44.39,6420.0,486.4
2023-05-26,Australia,Hay Point,Paradip,Panamax,Thermal Coal,18798.31,556.56,110.636,79.99,30.22,36.47,6420.0,486.4
2023-06-02,Australia,Hay Point,Paradip,Panamax,Thermal Coal,17787.2,545.41,107.547,78.28,25.93,34.22,6420.0,486.4
2023-06-09,Australia,Hay Point,Paradip,Panamax,Thermal Coal,19022.27,545.93,107.673,81.62,53.08,43.69,6420.0,486.4
2023-06-16,Australia,Hay Point,Paradip,Panamax,Thermal Coal,18252.42,545.73,107.857,81.02,35.97,55.61,6420.0,486.4
2023-06-23,Australia,Hay Point,Paradip,Panamax,Thermal Coal,18999.43,546.48,108.051,85.73,44.34,37.8,6420.0,486.4
2023-06-30,Australia,Hay Point,Paradip,Panamax,Thermal Coal,19998.82,546.8,108.217,82.25,44.13,27.43,6420.0,486.4
2023-07-07,Australia,Hay Point,Paradip,Panamax,Thermal Coal,16424.9,532.29,103.935,98.94,38.89,31.25,6420.0,486.4
2023-07-14,Australia,Hay Point,Paradip,Panamax,Thermal Coal,16910.3,533.63,104.072,99.0,39.13,44.93,6420.0,486.4
2023-07-21,Australia,Hay Point,Paradip,Panamax,Thermal Coal,16989.52,533.88,104.234,89.66,30.25,30.76,6420.0,486.4
2023-07-28,Australia,Hay Point,Paradip,Panamax,Thermal Coal,17356.14,534.23,104.435,90.53,44.7,33.47,6420.0,486.4
2023-08-04,Australia,Hay Point,Paradip,Panamax,Thermal Coal,17105.44,519.06,100.091,79.66,38.91,35.05,6420.0,486.4
2023-08-11,Australia,Hay Point,Paradip,Panamax,Thermal Coal,18210.8,519.47,100.282,77.85,29.91,42.86,6420.0,486.4
2023-08-18,Australia,Hay Point,Paradip,Panamax,Thermal Coal,17856.93,520.39,100.464,84.8,44.81,35.77,6420.0,486.4
2023-08-25,Australia,Hay Point,Paradip,Panamax,Thermal Coal,17024.65,520.38,100.59,85.29,44.47,32.42,6420.0,486.4
2023-09-01,Australia,Hay Point,Paradip,Panamax,Thermal Coal,16964.86,509.19,97.473,66.96,29.09,36.7,6420.0,486.4
2023-09-08,Australia,Hay Point,Paradip,Panamax,Thermal Coal,18176.08,510.0,97.607,75.78,39.12,40.68,6420.0,486.4
2023-09-15,Australia,Hay Point,Paradip,Panamax,Thermal Coal,17744.66,510.38,97.757,76.31,32.61,34.07,6420.0,486.4
2023-09-22,Australia,Hay Point,Paradip,Panamax,Thermal Coal,18792.18,510.84,97.906,59.94,42.58,42.22,6420.0,486.4
2023-09-29,Australia,Hay Point,Paradip,Panamax,Thermal Coal,17904.4,511.63,98.025,54.8,29.76,41.72,6420.0,486.4
2023-10-06,Australia,Hay Point,Paradip,Panamax,Thermal Coal,19737.85,508.2,97.005,57.93,20.26,42.08,6420.0,486.4
2023-10-13,Australia,Hay Point,Paradip,Panamax,Thermal Coal,19472.38,508.88,97.232,63.35,31.12,39.4,6420.0,486.4
2023-10-20,Australia,Hay Point,Paradip,Panamax,Thermal Coal,19742.14,509.12,97.428,76.14,38.57,37.24,6420.0,486.4
2023-10-27,Australia,Hay Point,Paradip,Panamax,Thermal Coal,20103.44,509.52,97.6,58.46,28.67,42.29,6420.0,486.4
2023-11-03,Australia,Hay Point,Paradip,Panamax,Thermal Coal,19605.64,514.1,98.945,42.07,20.54,32.99,6420.0,486.4
2023-11-10,Australia,Hay Point,Paradip,Panamax,Thermal Coal,20033.69,514.58,99.043,25.73,36.41,42.85,6420.0,486.4
2023-11-17,Australia,Hay Point,Paradip,Panamax,Thermal Coal,20234.46,515.08,99.222,34.61,18.76,32.63,6420.0,486.4
2023-11-24,Australia,Hay Point,Paradip,Panamax,Thermal Coal,20165.76,514.17,99.396,42.86,20.4,47.06,6420.0,486.4
2023-12-01,Australia,Hay Point,Paradip,Panamax,Thermal Coal,20583.61,527.15,102.902,38.5,18.46,45.74,6420.0,486.4
2023-12-08,Australia,Hay Point,Paradip,Panamax,Thermal Coal,20158.81,527.21,103.013,40.91,11.44,41.06,6420.0,486.4
2023-12-15,Australia,Hay Point,Paradip,Panamax,Thermal Coal,20261.84,527.02,103.146,48.78,23.63,35.87,6420.0,486.4
2023-12-22,Australia,Hay Point,Paradip,Panamax,Thermal Coal,20429.14,527.39,103.305,64.05,35.58,36.81,6420.0,486.4
2023-12-29,Australia,Hay Point,Paradip,Panamax,Thermal Coal,19857.96,527.45,103.441,63.96,27.37,37.22,6420.0,486.4
2024-01-05,Australia,Hay Point,Paradip,Panamax,Thermal Coal,18632.04,544.11,108.183,50.78,19.76,38.36,6420.0,486.4
2024-01-12,Australia,Hay Point,Paradip,Panamax,Thermal Coal,19898.01,544.23,108.39,49.6,24.83,36.41,6420.0,486.4
2024-01-19,Australia,Hay Point,Paradip,Panamax,Thermal Coal,20494.53,544.9,108.553,50.07,31.43,36.04,6420.0,486.4
2024-01-26,Australia,Hay Point,Paradip,Panamax,Thermal Coal,20644.14,545.86,108.66,44.95,21.2,33.97,6420.0,486.4
2024-02-02,Australia,Hay Point,Paradip,Panamax,Thermal Coal,19578.37,560.88,113.443,54.09,38.66,33.5,6420.0,486.4
2024-02-09,Australia,Hay Point,Paradip,Panamax,Thermal Coal,18624.73,561.27,113.508,58.03,28.02,39.0,6420.0,486.4
2024-02-16,Australia,Hay Point,Paradip,Panamax,Thermal Coal,18615.6,561.54,113.732,45.17,25.67,47.51,6420.0,486.4
2024-02-23,Australia,Hay Point,Paradip,Panamax,Thermal Coal,18185.55,561.47,113.906,51.66,15.89,29.19,6420.0,486.4
2024-03-01,Australia,Hay Point,Paradip,Panamax,Thermal Coal,18932.39,573.69,117.508,69.36,32.93,40.89,6420.0,486.4
2024-03-08,Australia,Hay Point,Paradip,Panamax,Thermal Coal,18234.03,573.98,117.586,78.17,44.28,25.61,6420.0,486.4
2024-03-15,Australia,Hay Point,Paradip,Panamax,Thermal Coal,18099.32,575.21,117.738,77.28,30.51,43.03,6420.0,486.4
2024-03-22,Australia,Hay Point,Paradip,Panamax,Thermal Coal,18121.86,575.06,117.953,79.5,33.69,38.05,6420.0,486.4
2024-03-29,Australia,Hay Point,Paradip,Panamax,Thermal Coal,18806.12,575.25,117.989,72.98,26.81,37.65,6420.0,486.4
2024-04-05,Australia,Hay Point,Paradip,Panamax,Thermal Coal,20306.97,580.3,119.378,72.45,37.04,52.35,6420.0,486.4
2024-04-12,Australia,Hay Point,Paradip,Panamax,Thermal Coal,19309.19,580.8,119.451,68.59,43.85,44.57,6420.0,486.4
2024-04-19,Australia,Hay Point,Paradip,Panamax,Thermal Coal,19126.33,580.53,119.616,65.38,33.43,38.17,6420.0,486.4
2024-04-26,Australia,Hay Point,Paradip,Panamax,Thermal Coal,19020.58,582.32,119.809,49.36,35.97,47.01,6420.0,486.4
2024-05-03,Australia,Hay Point,Paradip,Panamax,Thermal Coal,19102.13,577.86,118.651,51.93,20.69,36.82,6420.0,486.4
2024-05-10,Australia,Hay Point,Paradip,Panamax,Thermal Coal,19881.01,577.33,118.872,37.65,28.13,44.43,6420.0,486.4
2024-05-17,Australia,Hay Point,Paradip,Panamax,Thermal Coal,19207.04,576.78,119.112,32.87,14.87,51.83,6420.0,486.4
2024-05-24,Australia,Hay Point,Paradip,Panamax,Thermal Coal,19915.68,577.82,119.319,39.11,23.96,50.69,6420.0,486.4
2024-05-31,Australia,Hay Point,Paradip,Panamax,Thermal Coal,19666.11,577.43,119.443,42.46,24.22,38.25,6420.0,486.4
2024-06-07,Australia,Hay Point,Paradip,Panamax,Thermal Coal,18589.0,566.46,116.203,55.51,31.81,31.72,6420.0,486.4
2024-06-14,Australia,Hay Point,Paradip,Panamax,Thermal Coal,18845.73,566.7,116.424,64.95,39.01,34.24,6420.0,486.4
2024-06-21,Australia,Hay Point,Paradip,Panamax,Thermal Coal,19254.23,566.87,116.559,52.23,32.28,44.3,6420.0,486.4
2024-06-28,Australia,Hay Point,Paradip,Panamax,Thermal Coal,19603.07,567.45,116.755,49.71,23.32,30.49,6420.0,486.4
2024-07-05,Australia,Hay Point,Paradip,Panamax,Thermal Coal,17540.9,551.08,112.143,51.76,22.03,37.72,6420.0,486.4
2024-07-12,Australia,Hay Point,Paradip,Panamax,Thermal Coal,17116.5,551.81,112.386,61.6,38.26,35.28,6420.0,486.4
2024-07-19,Australia,Hay Point,Paradip,Panamax,Thermal Coal,17300.63,552.63,112.618,78.16,21.64,25.48,6420.0,486.4
2024-07-26,Australia,Hay Point,Paradip,Panamax,Thermal Coal,16884.6,553.89,112.737,75.59,25.57,34.79,6420.0,486.4
2024-08-02,Australia,Hay Point,Paradip,Panamax,Thermal Coal,15743.36,537.93,108.097,84.44,39.84,35.86,6420.0,486.4
2024-08-09,Australia,Hay Point,Paradip,Panamax,Thermal Coal,16206.36,538.93,108.291,76.49,38.08,44.61,6420.0,486.4
2024-08-16,Australia,Hay Point,Paradip,Panamax,Thermal Coal,16087.45,538.68,108.429,87.09,29.57,41.44,6420.0,486.4
2024-08-23,Australia,Hay Point,Paradip,Panamax,Thermal Coal,16239.05,538.21,108.63,87.03,44.44,36.42,6420.0,486.4
2024-08-30,Australia,Hay Point,Paradip,Panamax,Thermal Coal,16280.64,538.54,108.875,81.28,41.71,42.78,6420.0,486.4
2024-09-06,Australia,Hay Point,Paradip,Panamax,Thermal Coal,16504.66,526.33,105.496,85.85,37.0,46.83,6420.0,486.4
2024-09-13,Australia,Hay Point,Paradip,Panamax,Thermal Coal,17018.23,526.75,105.559,65.92,31.75,55.45,6420.0,486.4
2024-09-20,Australia,Hay Point,Paradip,Panamax,Thermal Coal,16650.91,527.35,105.712,80.98,45.28,34.84,6420.0,486.4
2024-09-27,Australia,Hay Point,Paradip,Panamax,Thermal Coal,17133.29,528.52,105.961,82.54,34.42,34.39,6420.0,486.4
2024-10-04,Australia,Hay Point,Paradip,Panamax,Thermal Coal,19085.24,525.36,104.828,69.75,39.86,38.0,6420.0,486.4
2024-10-11,Australia,Hay Point,Paradip,Panamax,Thermal Coal,18249.74,525.17,104.937,64.49,34.21,37.44,6420.0,486.4
2024-10-18,Australia,Hay Point,Paradip,Panamax,Thermal Coal,18135.03,524.63,105.099,52.38,25.53,45.18,6420.0,486.4
2024-10-25,Australia,Hay Point,Paradip,Panamax,Thermal Coal,18811.46,524.91,105.193,42.79,19.15,47.11,6420.0,486.4
2024-11-01,Australia,Hay Point,Paradip,Panamax,Thermal Coal,19196.86,530.26,106.64,37.03,25.32,43.6,6420.0,486.4
2024-11-08,Australia,Hay Point,Paradip,Panamax,Thermal Coal,19053.59,531.01,106.817,40.37,29.9,33.18,6420.0,486.4
2024-11-15,Australia,Hay Point,Paradip,Panamax,Thermal Coal,19970.08,531.08,107.0,66.4,33.18,38.46,6420.0,486.4
2024-11-22,Australia,Hay Point,Paradip,Panamax,Thermal Coal,19975.45,531.54,107.099,58.02,16.91,43.45,6420.0,486.4
2024-11-29,Australia,Hay Point,Paradip,Panamax,Thermal Coal,19638.32,531.3,107.256,45.86,18.55,42.79,6420.0,486.4
2024-12-06,Australia,Hay Point,Paradip,Panamax,Thermal Coal,19678.76,544.72,110.972,43.13,36.77,37.62,6420.0,486.4
2024-12-13,Australia,Hay Point,Paradip,Panamax,Thermal Coal,18626.36,545.5,111.069,45.37,34.66,42.27,6420.0,486.4
2024-12-20,Australia,Hay Point,Paradip,Panamax,Thermal Coal,18743.0,545.41,111.28,50.2,34.92,40.36,6420.0,486.4
2024-12-27,Australia,Hay Point,Paradip,Panamax,Thermal Coal,19139.71,545.35,111.403,52.97,31.54,37.07,6420.0,486.4
2025-01-03,Australia,Hay Point,Paradip,Panamax,Thermal Coal,18586.87,562.67,116.466,48.58,24.72,35.25,6420.0,486.4
2025-01-10,Australia,Hay Point,Paradip,Panamax,Thermal Coal,19334.69,564.21,116.576,61.21,18.04,32.4,6420.0,486.4
2025-01-17,Australia,Hay Point,Paradip,Panamax,Thermal Coal,19050.75,564.36,116.642,67.11,39.26,35.35,6420.0,486.4
2025-01-24,Australia,Hay Point,Paradip,Panamax,Thermal Coal,18874.9,564.76,116.896,63.1,30.57,36.2,6420.0,486.4
2025-01-31,Australia,Hay Point,Paradip,Panamax,Thermal Coal,19225.03,564.98,117.171,60.21,25.25,27.48,6420.0,486.4
2025-02-07,Australia,Hay Point,Paradip,Panamax,Thermal Coal,17823.07,582.12,122.351,38.91,25.34,36.43,6420.0,486.4
2025-02-14,Australia,Hay Point,Paradip,Panamax,Thermal Coal,17342.86,582.6,122.541,60.38,17.88,37.25,6420.0,486.4
2025-02-21,Australia,Hay Point,Paradip,Panamax,Thermal Coal,17594.44,582.52,122.748,46.65,13.12,35.31,6420.0,486.4
2025-02-28,Australia,Hay Point,Paradip,Panamax,Thermal Coal,18065.84,583.03,122.945,38.61,24.01,37.68,6420.0,486.4
2025-03-07,Australia,Hay Point,Paradip,Panamax,Thermal Coal,18156.07,595.82,126.87,33.03,20.34,45.79,6420.0,486.4
2025-03-14,Australia,Hay Point,Paradip,Panamax,Thermal Coal,18015.34,596.01,127.049,34.03,24.11,46.73,6420.0,486.4
2025-03-21,Australia,Hay Point,Paradip,Panamax,Thermal Coal,18634.5,597.42,127.153,30.87,10.45,36.13,6420.0,486.4
2025-03-28,Australia,Hay Point,Paradip,Panamax,Thermal Coal,19862.79,598.46,127.253,30.97,19.49,39.06,6420.0,486.4
2025-04-04,Australia,Hay Point,Paradip,Panamax,Thermal Coal,22148.07,602.6,128.664,32.0,27.16,39.16,6420.0,486.4
2025-04-11,Australia,Hay Point,Paradip,Panamax,Thermal Coal,22060.07,602.95,128.854,42.17,17.98,42.09,6420.0,486.4
2025-04-18,Australia,Hay Point,Paradip,Panamax,Thermal Coal,21872.22,603.34,128.987,38.45,18.37,60.25,6420.0,486.4
2025-04-25,Australia,Hay Point,Paradip,Panamax,Thermal Coal,20636.48,604.73,129.167,43.58,34.41,39.83,6420.0,486.4
2025-05-02,Australia,Hay Point,Paradip,Panamax,Thermal Coal,21138.43,601.49,127.919,48.49,14.72,30.18,6420.0,486.4
2025-05-09,Australia,Hay Point,Paradip,Panamax,Thermal Coal,20665.92,601.84,128.075,55.3,45.82,42.36,6420.0,486.4
2025-05-16,Australia,Hay Point,Paradip,Panamax,Thermal Coal,20994.97,602.97,128.335,48.6,39.74,43.84,6420.0,486.4
2025-05-23,Australia,Hay Point,Paradip,Panamax,Thermal Coal,20092.33,603.92,128.527,38.84,19.66,39.14,6420.0,486.4
2025-05-30,Australia,Hay Point,Paradip,Panamax,Thermal Coal,19704.92,604.3,128.698,48.14,24.68,41.27,6420.0,486.4
2025-06-06,Australia,Hay Point,Paradip,Panamax,Thermal Coal,18952.23,592.35,125.199,55.76,37.21,43.5,6420.0,486.4
2025-06-13,Australia,Hay Point,Paradip,Panamax,Thermal Coal,19189.41,593.53,125.294,74.75,33.98,43.61,6420.0,486.4
2025-06-20,Australia,Hay Point,Paradip,Panamax,Thermal Coal,18090.47,595.44,125.535,79.48,35.06,23.87,6420.0,486.4
2025-06-27,Australia,Hay Point,Paradip,Panamax,Thermal Coal,17686.63,596.43,125.688,72.42,41.09,30.5,6420.0,486.4
2025-07-04,Australia,Hay Point,Paradip,Panamax,Thermal Coal,15168.01,580.39,120.7,80.69,30.63,25.89,6420.0,486.4
2025-07-11,Australia,Hay Point,Paradip,Panamax,Thermal Coal,15557.31,580.91,120.842,71.39,30.7,28.1,6420.0,486.4
2025-07-18,Australia,Hay Point,Paradip,Panamax,Thermal Coal,16066.87,580.77,121.048,70.04,41.01,37.55,6420.0,486.4
2025-07-25,Australia,Hay Point,Paradip,Panamax,Thermal Coal,15854.07,580.35,121.223,77.77,30.98,33.11,6420.0,486.4
2025-08-01,Australia,Hay Point,Paradip,Panamax,Thermal Coal,15121.79,563.36,116.239,84.28,37.05,31.66,6420.0,486.4
2025-08-08,Australia,Hay Point,Paradip,Panamax,Thermal Coal,15265.92,564.22,116.402,84.26,36.71,44.96,6420.0,486.4
2025-08-15,Australia,Hay Point,Paradip,Panamax,Thermal Coal,16327.53,563.54,116.552,76.16,35.7,39.03,6420.0,486.4
2025-08-22,Australia,Hay Point,Paradip,Panamax,Thermal Coal,16440.31,563.04,116.689,68.31,39.57,30.46,6420.0,486.4
2025-08-29,Australia,Hay Point,Paradip,Panamax,Thermal Coal,15519.69,563.86,116.796,69.45,42.16,42.45,6420.0,486.4
2025-09-05,Australia,Hay Point,Paradip,Panamax,Thermal Coal,15641.32,551.41,113.114,69.37,27.03,48.94,6420.0,486.4
2025-09-12,Australia,Hay Point,Paradip,Panamax,Thermal Coal,16260.74,551.52,113.273,80.56,34.56,41.11,6420.0,486.4
2025-09-19,Australia,Hay Point,Paradip,Panamax,Thermal Coal,15881.61,551.47,113.419,81.91,34.36,41.06,6420.0,486.4
2025-09-26,Australia,Hay Point,Paradip,Panamax,Thermal Coal,17302.1,551.78,113.621,73.87,39.11,40.65,6420.0,486.4
2025-10-03,Australia,Hay Point,Paradip,Panamax,Thermal Coal,18201.52,547.61,112.37,74.14,43.62,37.1,6420.0,486.4
2025-10-10,Australia,Hay Point,Paradip,Panamax,Thermal Coal,18457.37,548.11,112.523,65.06,18.02,34.33,6420.0,486.4
2025-10-17,Australia,Hay Point,Paradip,Panamax,Thermal Coal,19318.47,549.56,112.722,69.68,39.74,34.85,6420.0,486.4
2025-10-24,Australia,Hay Point,Paradip,Panamax,Thermal Coal,19860.47,549.07,112.875,65.78,40.13,34.97,6420.0,486.4
2025-10-31,Australia,Hay Point,Paradip,Panamax,Thermal Coal,20193.27,551.01,113.111,52.48,33.23,31.91,6420.0,486.4
2025-11-07,Australia,Hay Point,Paradip,Panamax,Thermal Coal,21829.12,555.99,114.727,49.9,28.39,43.55,6420.0,486.4
2025-11-14,Australia,Hay Point,Paradip,Panamax,Thermal Coal,21583.99,556.79,114.869,41.35,15.54,38.03,6420.0,486.4
2025-11-21,Australia,Hay Point,Paradip,Panamax,Thermal Coal,21437.51,557.25,115.01,54.49,26.04,32.28,6420.0,486.4
2025-11-28,Australia,Hay Point,Paradip,Panamax,Thermal Coal,22060.89,557.34,115.167,44.36,12.67,46.24,6420.0,486.4
2025-12-05,Australia,Hay Point,Paradip,Panamax,Thermal Coal,21575.8,570.38,119.179,39.72,17.44,39.34,6420.0,486.4
2025-12-12,Australia,Hay Point,Paradip,Panamax,Thermal Coal,21421.87,569.95,119.268,52.4,24.9,43.94,6420.0,486.4
2025-12-19,Australia,Hay Point,Paradip,Panamax,Thermal Coal,21279.85,571.27,119.494,61.21,17.27,32.65,6420.0,486.4
2025-12-26,Australia,Hay Point,Paradip,Panamax,Thermal Coal,22193.2,571.74,119.623,49.08,32.61,41.1,6420.0,486.4
2026-01-02,Australia,Hay Point,Paradip,Panamax,Thermal Coal,22338.31,590.07,125.104,46.03,33.4,43.3,6420.0,486.4
2026-01-09,Australia,Hay Point,Paradip,Panamax,Thermal Coal,23256.02,590.75,125.166,28.02,28.53,31.57,6420.0,486.4
2026-01-16,Australia,Hay Point,Paradip,Panamax,Thermal Coal,22045.89,592.22,125.356,37.56,9.34,30.62,6420.0,486.4
2026-01-23,Australia,Hay Point,Paradip,Panamax,Thermal Coal,21629.3,592.95,125.509,32.53,11.42,35.17,6420.0,486.4
2026-01-30,Australia,Hay Point,Paradip,Panamax,Thermal Coal,21016.12,593.53,125.692,53.41,24.52,32.85,6420.0,486.4
2026-02-06,Australia,Hay Point,Paradip,Panamax,Thermal Coal,20027.86,611.69,131.166,49.19,22.0,43.82,6420.0,486.4
2026-02-13,Australia,Hay Point,Paradip,Panamax,Thermal Coal,19944.02,611.21,131.281,44.8,22.88,35.71,6420.0,486.4
2026-02-20,Australia,Hay Point,Paradip,Panamax,Thermal Coal,18628.59,612.26,131.417,34.55,16.17,38.51,6420.0,486.4
2026-02-27,Australia,Hay Point,Paradip,Panamax,Thermal Coal,17495.08,612.34,131.637,47.78,9.31,43.91,6420.0,486.4
2026-03-06,Australia,Hay Point,Paradip,Panamax,Thermal Coal,18003.89,624.88,135.723,47.57,27.06,44.63,6420.0,486.4
2026-03-13,Australia,Hay Point,Paradip,Panamax,Thermal Coal,18808.73,623.93,135.977,53.08,18.94,36.72,6420.0,486.4
2026-03-20,Australia,Hay Point,Paradip,Panamax,Thermal Coal,18331.12,623.76,136.192,40.26,20.0,38.75,6420.0,486.4
2026-03-27,Australia,Hay Point,Paradip,Panamax,Thermal Coal,18934.62,624.36,136.404,42.86,17.82,53.58,6420.0,486.4
2026-04-03,Australia,Hay Point,Paradip,Panamax,Thermal Coal,20723.91,630.3,138.054,52.38,25.17,47.23,6420.0,486.4
2026-04-10,Australia,Hay Point,Paradip,Panamax,Thermal Coal,20864.14,630.93,138.323,59.54,24.62,36.02,6420.0,486.4
2026-04-17,Australia,Hay Point,Paradip,Panamax,Thermal Coal,21377.95,630.89,138.427,56.48,34.39,43.76,6420.0,486.4
2026-04-24,Australia,Hay Point,Paradip,Panamax,Thermal Coal,20679.28,631.84,138.581,58.2,35.13,33.06,6420.0,486.4
2026-05-01,Australia,Hay Point,Paradip,Panamax,Thermal Coal,22516.19,627.4,137.284,69.06,31.57,40.04,6420.0,486.4
2026-05-08,Australia,Hay Point,Paradip,Panamax,Thermal Coal,23725.29,628.03,137.541,62.57,30.84,44.97,6420.0,486.4
2026-05-15,Australia,Hay Point,Paradip,Panamax,Thermal Coal,24344.87,628.03,137.663,60.44,34.2,35.14,6420.0,486.4
2026-05-22,Australia,Hay Point,Paradip,Panamax,Thermal Coal,24639.04,628.23,137.866,59.35,30.6,52.56,6420.0,486.4
2026-05-29,Australia,Hay Point,Paradip,Panamax,Thermal Coal,24503.77,629.73,138.111,61.77,30.47,40.68,6420.0,486.4
2026-06-05,Australia,Hay Point,Paradip,Panamax,Thermal Coal,23759.72,617.53,134.352,67.32,45.08,43.13,6420.0,486.4
2026-06-12,Australia,Hay Point,Paradip,Panamax,Thermal Coal,22671.01,618.21,134.51,63.99,30.97,22.72,6420.0,486.4
2026-06-19,Australia,Hay Point,Paradip,Panamax,Thermal Coal,22305.42,618.08,134.752,81.73,37.83,35.67,6420.0,486.4
2026-06-26,Australia,Hay Point,Paradip,Panamax,Thermal Coal,22670.83,618.4,135.023,79.49,49.62,42.06,6420.0,486.4
2026-07-03,Australia,Hay Point,Paradip,Panamax,Thermal Coal,19721.93,601.57,129.684,69.32,15.81,30.51,6420.0,486.4
2026-07-10,Australia,Hay Point,Paradip,Panamax,Thermal Coal,19892.14,601.02,129.969,68.39,39.72,40.25,6420.0,486.4
2026-07-17,Australia,Hay Point,Paradip,Panamax,Thermal Coal,20651.95,601.11,130.204,76.77,37.76,32.55,6420.0,486.4
2026-07-24,Australia,Hay Point,Paradip,Panamax,Thermal Coal,20045.02,602.42,130.401,85.75,38.71,46.52,6420.0,486.4
2026-07-31,Australia,Hay Point,Paradip,Panamax,Thermal Coal,20904.86,602.02,130.602,70.94,37.61,34.25,6420.0,486.4
2026-08-07,Australia,Hay Point,Paradip,Panamax,Thermal Coal,19720.9,584.19,125.218,77.26,28.49,34.88,6420.0,486.4
2026-08-14,Australia,Hay Point,Paradip,Panamax,Thermal Coal,20292.93,584.71,125.37,49.27,29.52,39.5,6420.0,486.4
2026-08-21,Australia,Hay Point,Paradip,Panamax,Thermal Coal,20331.02,585.47,125.56,58.79,26.61,34.74,6420.0,486.4
2026-08-28,Australia,Hay Point,Paradip,Panamax,Thermal Coal,19916.01,585.48,125.753,70.39,23.46,34.27,6420.0,486.4
2026-09-04,Australia,Hay Point,Paradip,Panamax,Thermal Coal,20885.94,572.21,121.815,71.4,25.09,42.8,6420.0,486.4
2026-09-11,Australia,Hay Point,Paradip,Panamax,Thermal Coal,21397.65,571.78,122.068,78.14,40.52,46.12,6420.0,486.4
2026-09-18,Australia,Hay Point,Paradip,Panamax,Thermal Coal,21420.71,572.1,122.256,78.98,46.41,47.69,6420.0,486.4
2026-09-25,Australia,Hay Point,Paradip,Panamax,Thermal Coal,20631.2,572.51,122.483,72.57,31.64,34.26,6420.0,486.4
2023-01-06,Australia,Hay Point,Visakhapatnam,Panamax,Coal,17353.46,519.44,99.953,10.0,9.93,41.07,6280.0,475.8
2023-01-13,Australia,Hay Point,Visakhapatnam,Panamax,Coal,17386.29,520.28,100.181,5.0,17.54,29.44,6280.0,475.8
2023-01-20,Australia,Hay Point,Visakhapatnam,Panamax,Coal,17947.83,521.33,100.291,5.0,25.81,38.98,6280.0,475.8
2023-01-27,Australia,Hay Point,Visakhapatnam,Panamax,Coal,17921.36,521.82,100.457,5.0,12.74,37.17,6280.0,475.8
2023-02-03,Australia,Hay Point,Visakhapatnam,Panamax,Coal,17581.48,537.32,104.842,5.0,29.06,30.9,6280.0,475.8
2023-02-10,Australia,Hay Point,Visakhapatnam,Panamax,Coal,19096.15,538.13,104.936,5.0,16.1,46.64,6280.0,475.8
2023-02-17,Australia,Hay Point,Visakhapatnam,Panamax,Coal,20048.69,538.09,105.124,5.0,5.82,40.96,6280.0,475.8
2023-02-24,Australia,Hay Point,Visakhapatnam,Panamax,Coal,19996.47,537.62,105.273,5.0,16.88,38.4,6280.0,475.8
2023-03-03,Australia,Hay Point,Visakhapatnam,Panamax,Coal,21400.56,550.04,108.663,5.0,24.42,51.2,6280.0,475.8
2023-03-10,Australia,Hay Point,Visakhapatnam,Panamax,Coal,21053.0,550.18,108.807,5.71,12.9,37.13,6280.0,475.8
2023-03-17,Australia,Hay Point,Visakhapatnam,Panamax,Coal,20560.65,550.8,108.961,5.0,15.96,43.67,6280.0,475.8
2023-03-24,Australia,Hay Point,Visakhapatnam,Panamax,Coal,20328.82,551.13,109.087,5.0,19.38,37.86,6280.0,475.8
2023-03-31,Australia,Hay Point,Visakhapatnam,Panamax,Coal,19905.02,551.86,109.273,5.0,23.48,47.2,6280.0,475.8
2023-04-07,Australia,Hay Point,Visakhapatnam,Panamax,Coal,21209.75,556.7,110.633,9.34,22.4,38.69,6280.0,475.8
2023-04-14,Australia,Hay Point,Visakhapatnam,Panamax,Coal,20850.98,557.28,110.782,6.7,17.0,43.95,6280.0,475.8
2023-04-21,Australia,Hay Point,Visakhapatnam,Panamax,Coal,20002.97,557.72,110.927,7.3,17.55,47.62,6280.0,475.8
2023-04-28,Australia,Hay Point,Visakhapatnam,Panamax,Coal,20664.72,557.74,111.121,14.01,28.21,32.41,6280.0,475.8
2023-05-05,Australia,Hay Point,Visakhapatnam,Panamax,Coal,21403.99,554.54,110.187,6.64,20.05,35.86,6280.0,475.8
2023-05-12,Australia,Hay Point,Visakhapatnam,Panamax,Coal,21075.99,555.82,110.331,35.32,51.67,38.82,6280.0,475.8
2023-05-19,Australia,Hay Point,Visakhapatnam,Panamax,Coal,20790.49,556.04,110.489,46.61,41.45,44.39,6280.0,475.8
2023-05-26,Australia,Hay Point,Visakhapatnam,Panamax,Coal,19288.28,556.56,110.636,52.15,32.67,36.47,6280.0,475.8
2023-06-02,Australia,Hay Point,Visakhapatnam,Panamax,Coal,18483.33,545.41,107.547,73.9,36.9,34.22,6280.0,475.8
2023-06-09,Australia,Hay Point,Visakhapatnam,Panamax,Coal,19678.42,545.93,107.673,81.79,44.22,43.69,6280.0,475.8
2023-06-16,Australia,Hay Point,Visakhapatnam,Panamax,Coal,20238.25,545.73,107.857,77.31,43.99,55.61,6280.0,475.8
2023-06-23,Australia,Hay Point,Visakhapatnam,Panamax,Coal,20766.9,546.48,108.051,60.62,38.22,37.8,6280.0,475.8
2023-06-30,Australia,Hay Point,Visakhapatnam,Panamax,Coal,20899.02,546.8,108.217,66.99,34.11,27.43,6280.0,475.8
2023-07-07,Australia,Hay Point,Visakhapatnam,Panamax,Coal,18256.73,532.29,103.935,81.49,66.63,31.25,6280.0,475.8
2023-07-14,Australia,Hay Point,Visakhapatnam,Panamax,Coal,18036.46,533.63,104.072,86.25,53.83,44.93,6280.0,475.8
2023-07-21,Australia,Hay Point,Visakhapatnam,Panamax,Coal,18177.37,533.88,104.234,99.0,57.62,30.76,6280.0,475.8
2023-07-28,Australia,Hay Point,Visakhapatnam,Panamax,Coal,16897.01,534.23,104.435,80.58,44.4,33.47,6280.0,475.8
2023-08-04,Australia,Hay Point,Visakhapatnam,Panamax,Coal,16752.06,519.06,100.091,63.04,40.56,35.05,6280.0,475.8
2023-08-11,Australia,Hay Point,Visakhapatnam,Panamax,Coal,17027.99,519.47,100.282,52.58,39.27,42.86,6280.0,475.8
2023-08-18,Australia,Hay Point,Visakhapatnam,Panamax,Coal,16721.77,520.39,100.464,71.76,39.24,35.77,6280.0,475.8
2023-08-25,Australia,Hay Point,Visakhapatnam,Panamax,Coal,16183.86,520.38,100.59,64.94,49.39,32.42,6280.0,475.8
2023-09-01,Australia,Hay Point,Visakhapatnam,Panamax,Coal,17107.52,509.19,97.473,68.28,53.92,36.7,6280.0,475.8
2023-09-08,Australia,Hay Point,Visakhapatnam,Panamax,Coal,17887.19,510.0,97.607,64.8,45.53,40.68,6280.0,475.8
2023-09-15,Australia,Hay Point,Visakhapatnam,Panamax,Coal,17473.07,510.38,97.757,63.83,41.87,34.07,6280.0,475.8
2023-09-22,Australia,Hay Point,Visakhapatnam,Panamax,Coal,17387.72,510.84,97.906,82.37,45.66,42.22,6280.0,475.8
2023-09-29,Australia,Hay Point,Visakhapatnam,Panamax,Coal,18957.23,511.63,98.025,81.47,54.56,41.72,6280.0,475.8
2023-10-06,Australia,Hay Point,Visakhapatnam,Panamax,Coal,20863.6,508.2,97.005,64.68,47.7,42.08,6280.0,475.8
2023-10-13,Australia,Hay Point,Visakhapatnam,Panamax,Coal,20506.86,508.88,97.232,56.12,49.31,39.4,6280.0,475.8
2023-10-20,Australia,Hay Point,Visakhapatnam,Panamax,Coal,20765.72,509.12,97.428,61.57,36.89,37.24,6280.0,475.8
2023-10-27,Australia,Hay Point,Visakhapatnam,Panamax,Coal,20191.48,509.52,97.6,51.04,39.33,42.29,6280.0,475.8
2023-11-03,Australia,Hay Point,Visakhapatnam,Panamax,Coal,21297.82,514.1,98.945,43.48,28.17,32.99,6280.0,475.8
2023-11-10,Australia,Hay Point,Visakhapatnam,Panamax,Coal,21561.34,514.58,99.043,47.17,41.85,42.85,6280.0,475.8
2023-11-17,Australia,Hay Point,Visakhapatnam,Panamax,Coal,21041.85,515.08,99.222,53.76,35.76,32.63,6280.0,475.8
2023-11-24,Australia,Hay Point,Visakhapatnam,Panamax,Coal,21031.51,514.17,99.396,46.45,27.49,47.06,6280.0,475.8
2023-12-01,Australia,Hay Point,Visakhapatnam,Panamax,Coal,20424.51,527.15,102.902,45.42,31.18,45.74,6280.0,475.8
2023-12-08,Australia,Hay Point,Visakhapatnam,Panamax,Coal,19995.34,527.21,103.013,40.73,28.95,41.06,6280.0,475.8
2023-12-15,Australia,Hay Point,Visakhapatnam,Panamax,Coal,20047.03,527.02,103.146,30.17,27.76,35.87,6280.0,475.8
2023-12-22,Australia,Hay Point,Visakhapatnam,Panamax,Coal,19025.76,527.39,103.305,36.98,35.36,36.81,6280.0,475.8
2023-12-29,Australia,Hay Point,Visakhapatnam,Panamax,Coal,19025.45,527.45,103.441,44.7,31.2,37.22,6280.0,475.8
2024-01-05,Australia,Hay Point,Visakhapatnam,Panamax,Coal,17717.45,544.11,108.183,22.82,19.42,38.36,6280.0,475.8
2024-01-12,Australia,Hay Point,Visakhapatnam,Panamax,Coal,18148.78,544.23,108.39,10.79,19.04,36.41,6280.0,475.8
2024-01-19,Australia,Hay Point,Visakhapatnam,Panamax,Coal,17946.49,544.9,108.553,17.21,15.33,36.04,6280.0,475.8
2024-01-26,Australia,Hay Point,Visakhapatnam,Panamax,Coal,17670.21,545.86,108.66,16.28,24.66,33.97,6280.0,475.8
2024-02-02,Australia,Hay Point,Visakhapatnam,Panamax,Coal,16410.17,560.88,113.443,5.0,25.45,33.5,6280.0,475.8
2024-02-09,Australia,Hay Point,Visakhapatnam,Panamax,Coal,16106.3,561.27,113.508,5.0,11.04,39.0,6280.0,475.8
2024-02-16,Australia,Hay Point,Visakhapatnam,Panamax,Coal,15726.4,561.54,113.732,5.0,24.05,47.51,6280.0,475.8
2024-02-23,Australia,Hay Point,Visakhapatnam,Panamax,Coal,16961.96,561.47,113.906,5.0,7.56,29.19,6280.0,475.8
2024-03-01,Australia,Hay Point,Visakhapatnam,Panamax,Coal,18029.84,573.69,117.508,11.35,12.24,40.89,6280.0,475.8
2024-03-08,Australia,Hay Point,Visakhapatnam,Panamax,Coal,17955.23,573.98,117.586,32.97,37.65,25.61,6280.0,475.8
2024-03-15,Australia,Hay Point,Visakhapatnam,Panamax,Coal,17680.67,575.21,117.738,24.43,26.48,43.03,6280.0,475.8
2024-03-22,Australia,Hay Point,Visakhapatnam,Panamax,Coal,17883.3,575.06,117.953,8.83,23.08,38.05,6280.0,475.8
2024-03-29,Australia,Hay Point,Visakhapatnam,Panamax,Coal,17620.83,575.25,117.989,5.0,14.66,37.65,6280.0,475.8
2024-04-05,Australia,Hay Point,Visakhapatnam,Panamax,Coal,18674.43,580.3,119.378,6.23,17.94,52.35,6280.0,475.8
2024-04-12,Australia,Hay Point,Visakhapatnam,Panamax,Coal,17775.95,580.8,119.451,15.5,20.07,44.57,6280.0,475.8
2024-04-19,Australia,Hay Point,Visakhapatnam,Panamax,Coal,17225.58,580.53,119.616,18.46,14.8,38.17,6280.0,475.8
2024-04-26,Australia,Hay Point,Visakhapatnam,Panamax,Coal,17662.05,582.32,119.809,14.98,21.66,47.01,6280.0,475.8
2024-05-03,Australia,Hay Point,Visakhapatnam,Panamax,Coal,19501.99,577.86,118.651,32.13,32.35,36.82,6280.0,475.8
2024-05-10,Australia,Hay Point,Visakhapatnam,Panamax,Coal,19661.31,577.33,118.872,39.99,33.34,44.43,6280.0,475.8
2024-05-17,Australia,Hay Point,Visakhapatnam,Panamax,Coal,19518.14,576.78,119.112,33.99,35.85,51.83,6280.0,475.8
2024-05-24,Australia,Hay Point,Visakhapatnam,Panamax,Coal,19876.9,577.82,119.319,33.5,22.87,50.69,6280.0,475.8
2024-05-31,Australia,Hay Point,Visakhapatnam,Panamax,Coal,21119.36,577.43,119.443,36.59,40.57,38.25,6280.0,475.8
2024-06-07,Australia,Hay Point,Visakhapatnam,Panamax,Coal,20008.46,566.46,116.203,54.96,32.91,31.72,6280.0,475.8
2024-06-14,Australia,Hay Point,Visakhapatnam,Panamax,Coal,19798.87,566.7,116.424,33.62,21.24,34.24,6280.0,475.8
2024-06-21,Australia,Hay Point,Visakhapatnam,Panamax,Coal,20248.71,566.87,116.559,48.66,47.03,44.3,6280.0,475.8
2024-06-28,Australia,Hay Point,Visakhapatnam,Panamax,Coal,19460.43,567.45,116.755,43.17,30.48,30.49,6280.0,475.8
2024-07-05,Australia,Hay Point,Visakhapatnam,Panamax,Coal,18649.61,551.08,112.143,61.83,39.18,37.72,6280.0,475.8
2024-07-12,Australia,Hay Point,Visakhapatnam,Panamax,Coal,19390.81,551.81,112.386,65.56,62.63,35.28,6280.0,475.8
2024-07-19,Australia,Hay Point,Visakhapatnam,Panamax,Coal,19478.94,552.63,112.618,57.82,52.1,25.48,6280.0,475.8
2024-07-26,Australia,Hay Point,Visakhapatnam,Panamax,Coal,19692.46,553.89,112.737,41.62,33.11,34.79,6280.0,475.8
2024-08-02,Australia,Hay Point,Visakhapatnam,Panamax,Coal,19141.27,537.93,108.097,33.08,30.39,35.86,6280.0,475.8
2024-08-09,Australia,Hay Point,Visakhapatnam,Panamax,Coal,19433.89,538.93,108.291,43.94,21.7,44.61,6280.0,475.8
2024-08-16,Australia,Hay Point,Visakhapatnam,Panamax,Coal,19420.15,538.68,108.429,23.6,33.35,41.44,6280.0,475.8
2024-08-23,Australia,Hay Point,Visakhapatnam,Panamax,Coal,20365.08,538.21,108.63,5.0,8.19,36.42,6280.0,475.8
2024-08-30,Australia,Hay Point,Visakhapatnam,Panamax,Coal,20317.63,538.54,108.875,18.26,25.88,42.78,6280.0,475.8
2024-09-06,Australia,Hay Point,Visakhapatnam,Panamax,Coal,21336.8,526.33,105.496,12.91,28.31,46.83,6280.0,475.8
2024-09-13,Australia,Hay Point,Visakhapatnam,Panamax,Coal,20702.42,526.75,105.559,31.03,43.15,55.45,6280.0,475.8
2024-09-20,Australia,Hay Point,Visakhapatnam,Panamax,Coal,21095.42,527.35,105.712,11.84,31.88,34.84,6280.0,475.8
2024-09-27,Australia,Hay Point,Visakhapatnam,Panamax,Coal,20425.83,528.52,105.961,16.63,24.58,34.39,6280.0,475.8
2024-10-04,Australia,Hay Point,Visakhapatnam,Panamax,Coal,21755.31,525.36,104.828,5.0,15.93,38.0,6280.0,475.8
2024-10-11,Australia,Hay Point,Visakhapatnam,Panamax,Coal,22272.32,525.17,104.937,5.0,11.15,37.44,6280.0,475.8
2024-10-18,Australia,Hay Point,Visakhapatnam,Panamax,Coal,21940.37,524.63,105.099,9.78,14.96,45.18,6280.0,475.8
2024-10-25,Australia,Hay Point,Visakhapatnam,Panamax,Coal,20943.75,524.91,105.193,11.0,21.33,47.11,6280.0,475.8
2024-11-01,Australia,Hay Point,Visakhapatnam,Panamax,Coal,21515.41,530.26,106.64,6.71,22.06,43.6,6280.0,475.8
2024-11-08,Australia,Hay Point,Visakhapatnam,Panamax,Coal,22048.8,531.01,106.817,13.5,20.92,33.18,6280.0,475.8
2024-11-15,Australia,Hay Point,Visakhapatnam,Panamax,Coal,22236.58,531.08,107.0,16.64,24.57,38.46,6280.0,475.8
2024-11-22,Australia,Hay Point,Visakhapatnam,Panamax,Coal,22210.01,531.54,107.099,20.61,25.55,43.45,6280.0,475.8
2024-11-29,Australia,Hay Point,Visakhapatnam,Panamax,Coal,22411.77,531.3,107.256,24.22,34.18,42.79,6280.0,475.8
2024-12-06,Australia,Hay Point,Visakhapatnam,Panamax,Coal,20768.25,544.72,110.972,5.0,10.2,37.62,6280.0,475.8
2024-12-13,Australia,Hay Point,Visakhapatnam,Panamax,Coal,20800.78,545.5,111.069,5.0,16.64,42.27,6280.0,475.8
2024-12-20,Australia,Hay Point,Visakhapatnam,Panamax,Coal,21795.3,545.41,111.28,5.0,26.58,40.36,6280.0,475.8
2024-12-27,Australia,Hay Point,Visakhapatnam,Panamax,Coal,22004.3,545.35,111.403,5.0,10.8,37.07,6280.0,475.8
2025-01-03,Australia,Hay Point,Visakhapatnam,Panamax,Coal,21441.51,562.67,116.466,12.85,13.3,35.25,6280.0,475.8
2025-01-10,Australia,Hay Point,Visakhapatnam,Panamax,Coal,21640.99,564.21,116.576,23.37,31.24,32.4,6280.0,475.8
2025-01-17,Australia,Hay Point,Visakhapatnam,Panamax,Coal,21710.33,564.36,116.642,8.42,15.27,35.35,6280.0,475.8
2025-01-24,Australia,Hay Point,Visakhapatnam,Panamax,Coal,21179.65,564.76,116.896,8.66,7.05,36.2,6280.0,475.8
2025-01-31,Australia,Hay Point,Visakhapatnam,Panamax,Coal,20506.73,564.98,117.171,24.94,34.65,27.48,6280.0,475.8
2025-02-07,Australia,Hay Point,Visakhapatnam,Panamax,Coal,19236.25,582.12,122.351,28.24,24.23,36.43,6280.0,475.8
2025-02-14,Australia,Hay Point,Visakhapatnam,Panamax,Coal,18857.59,582.6,122.541,22.92,15.58,37.25,6280.0,475.8
2025-02-21,Australia,Hay Point,Visakhapatnam,Panamax,Coal,17971.62,582.52,122.748,23.31,12.43,35.31,6280.0,475.8
2025-02-28,Australia,Hay Point,Visakhapatnam,Panamax,Coal,16444.5,583.03,122.945,34.88,8.85,37.68,6280.0,475.8
2025-03-07,Australia,Hay Point,Visakhapatnam,Panamax,Coal,18034.23,595.82,126.87,28.14,27.3,45.79,6280.0,475.8
2025-03-14,Australia,Hay Point,Visakhapatnam,Panamax,Coal,17754.77,596.01,127.049,43.3,26.77,46.73,6280.0,475.8
2025-03-21,Australia,Hay Point,Visakhapatnam,Panamax,Coal,17445.39,597.42,127.153,37.37,27.71,36.13,6280.0,475.8
2025-03-28,Australia,Hay Point,Visakhapatnam,Panamax,Coal,17740.76,598.46,127.253,49.74,47.81,39.06,6280.0,475.8
2025-04-04,Australia,Hay Point,Visakhapatnam,Panamax,Coal,19353.31,602.6,128.664,57.61,34.52,39.16,6280.0,475.8
2025-04-11,Australia,Hay Point,Visakhapatnam,Panamax,Coal,19483.39,602.95,128.854,70.64,43.84,42.09,6280.0,475.8
2025-04-18,Australia,Hay Point,Visakhapatnam,Panamax,Coal,19560.51,603.34,128.987,69.14,48.12,60.25,6280.0,475.8
2025-04-25,Australia,Hay Point,Visakhapatnam,Panamax,Coal,19643.2,604.73,129.167,62.52,42.61,39.83,6280.0,475.8
2025-05-02,Australia,Hay Point,Visakhapatnam,Panamax,Coal,20875.1,601.49,127.919,74.15,45.13,30.18,6280.0,475.8
2025-05-09,Australia,Hay Point,Visakhapatnam,Panamax,Coal,21166.54,601.84,128.075,54.15,53.89,42.36,6280.0,475.8
2025-05-16,Australia,Hay Point,Visakhapatnam,Panamax,Coal,20976.93,602.97,128.335,34.16,21.45,43.84,6280.0,475.8
2025-05-23,Australia,Hay Point,Visakhapatnam,Panamax,Coal,21540.51,603.92,128.527,33.99,36.5,39.14,6280.0,475.8
2025-05-30,Australia,Hay Point,Visakhapatnam,Panamax,Coal,20398.1,604.3,128.698,35.85,25.14,41.27,6280.0,475.8
2025-06-06,Australia,Hay Point,Visakhapatnam,Panamax,Coal,20814.05,592.35,125.199,35.77,40.72,43.5,6280.0,475.8
2025-06-13,Australia,Hay Point,Visakhapatnam,Panamax,Coal,21785.55,593.53,125.294,48.59,32.93,43.61,6280.0,475.8
2025-06-20,Australia,Hay Point,Visakhapatnam,Panamax,Coal,22399.27,595.44,125.535,60.66,38.8,23.87,6280.0,475.8
2025-06-27,Australia,Hay Point,Visakhapatnam,Panamax,Coal,23286.52,596.43,125.688,50.07,32.94,30.5,6280.0,475.8
2025-07-04,Australia,Hay Point,Visakhapatnam,Panamax,Coal,21105.45,580.39,120.7,40.96,18.92,25.89,6280.0,475.8
2025-07-11,Australia,Hay Point,Visakhapatnam,Panamax,Coal,22303.8,580.91,120.842,32.19,35.28,28.1,6280.0,475.8
2025-07-18,Australia,Hay Point,Visakhapatnam,Panamax,Coal,22688.3,580.77,121.048,36.53,41.25,37.55,6280.0,475.8
2025-07-25,Australia,Hay Point,Visakhapatnam,Panamax,Coal,23143.85,580.35,121.223,26.42,37.59,33.11,6280.0,475.8
2025-08-01,Australia,Hay Point,Visakhapatnam,Panamax,Coal,21817.66,563.36,116.239,40.64,31.58,31.66,6280.0,475.8
2025-08-08,Australia,Hay Point,Visakhapatnam,Panamax,Coal,21823.81,564.22,116.402,32.94,21.75,44.96,6280.0,475.8
2025-08-15,Australia,Hay Point,Visakhapatnam,Panamax,Coal,22950.86,563.54,116.552,40.01,35.32,39.03,6280.0,475.8
2025-08-22,Australia,Hay Point,Visakhapatnam,Panamax,Coal,23056.49,563.04,116.689,26.25,20.97,30.46,6280.0,475.8
2025-08-29,Australia,Hay Point,Visakhapatnam,Panamax,Coal,23472.59,563.86,116.796,5.0,11.53,42.45,6280.0,475.8
2025-09-05,Australia,Hay Point,Visakhapatnam,Panamax,Coal,23458.8,551.41,113.114,8.06,16.82,48.94,6280.0,475.8
2025-09-12,Australia,Hay Point,Visakhapatnam,Panamax,Coal,22293.27,551.52,113.273,6.98,11.39,41.11,6280.0,475.8
2025-09-19,Australia,Hay Point,Visakhapatnam,Panamax,Coal,23650.89,551.47,113.419,18.81,17.98,41.06,6280.0,475.8
2025-09-26,Australia,Hay Point,Visakhapatnam,Panamax,Coal,23711.16,551.78,113.621,32.24,33.93,40.65,6280.0,475.8
2025-10-03,Australia,Hay Point,Visakhapatnam,Panamax,Coal,24757.52,547.61,112.37,27.68,23.4,37.1,6280.0,475.8
2025-10-10,Australia,Hay Point,Visakhapatnam,Panamax,Coal,23883.03,548.11,112.523,33.74,23.29,34.33,6280.0,475.8
2025-10-17,Australia,Hay Point,Visakhapatnam,Panamax,Coal,22938.78,549.56,112.722,51.38,40.59,34.85,6280.0,475.8
2025-10-24,Australia,Hay Point,Visakhapatnam,Panamax,Coal,23154.84,549.07,112.875,35.43,31.49,34.97,6280.0,475.8
2025-10-31,Australia,Hay Point,Visakhapatnam,Panamax,Coal,22690.56,551.01,113.111,45.46,25.64,31.91,6280.0,475.8
2025-11-07,Australia,Hay Point,Visakhapatnam,Panamax,Coal,23582.61,555.99,114.727,46.25,44.41,43.55,6280.0,475.8
2025-11-14,Australia,Hay Point,Visakhapatnam,Panamax,Coal,24204.38,556.79,114.869,34.4,34.77,38.03,6280.0,475.8
2025-11-21,Australia,Hay Point,Visakhapatnam,Panamax,Coal,23559.36,557.25,115.01,35.32,34.57,32.28,6280.0,475.8
2025-11-28,Australia,Hay Point,Visakhapatnam,Panamax,Coal,23466.07,557.34,115.167,24.72,22.0,46.24,6280.0,475.8
2025-12-05,Australia,Hay Point,Visakhapatnam,Panamax,Coal,22442.59,570.38,119.179,13.12,31.5,39.34,6280.0,475.8
2025-12-12,Australia,Hay Point,Visakhapatnam,Panamax,Coal,22201.89,569.95,119.268,14.56,23.14,43.94,6280.0,475.8
2025-12-19,Australia,Hay Point,Visakhapatnam,Panamax,Coal,22666.75,571.27,119.494,11.75,8.6,32.65,6280.0,475.8
2025-12-26,Australia,Hay Point,Visakhapatnam,Panamax,Coal,22491.65,571.74,119.623,5.0,22.22,41.1,6280.0,475.8
2026-01-02,Australia,Hay Point,Visakhapatnam,Panamax,Coal,21698.07,590.07,125.104,5.0,16.55,43.3,6280.0,475.8
2026-01-09,Australia,Hay Point,Visakhapatnam,Panamax,Coal,22491.57,590.75,125.166,5.0,16.48,31.57,6280.0,475.8
2026-01-16,Australia,Hay Point,Visakhapatnam,Panamax,Coal,22480.13,592.22,125.356,5.0,32.73,30.62,6280.0,475.8
2026-01-23,Australia,Hay Point,Visakhapatnam,Panamax,Coal,22144.64,592.95,125.509,5.0,20.17,35.17,6280.0,475.8
2026-01-30,Australia,Hay Point,Visakhapatnam,Panamax,Coal,22162.33,593.53,125.692,5.0,11.02,32.85,6280.0,475.8
2026-02-06,Australia,Hay Point,Visakhapatnam,Panamax,Coal,21093.94,611.69,131.166,10.9,25.61,43.82,6280.0,475.8
2026-02-13,Australia,Hay Point,Visakhapatnam,Panamax,Coal,20837.02,611.21,131.281,10.07,21.99,35.71,6280.0,475.8
2026-02-20,Australia,Hay Point,Visakhapatnam,Panamax,Coal,20921.2,612.26,131.417,5.0,14.49,38.51,6280.0,475.8
2026-02-27,Australia,Hay Point,Visakhapatnam,Panamax,Coal,20878.33,612.34,131.637,5.0,11.7,43.91,6280.0,475.8
2026-03-06,Australia,Hay Point,Visakhapatnam,Panamax,Coal,22278.54,624.88,135.723,5.0,16.01,44.63,6280.0,475.8
2026-03-13,Australia,Hay Point,Visakhapatnam,Panamax,Coal,21898.25,623.93,135.977,5.0,22.75,36.72,6280.0,475.8
2026-03-20,Australia,Hay Point,Visakhapatnam,Panamax,Coal,21610.23,623.76,136.192,12.2,26.37,38.75,6280.0,475.8
2026-03-27,Australia,Hay Point,Visakhapatnam,Panamax,Coal,21116.79,624.36,136.404,20.21,33.87,53.58,6280.0,475.8
2026-04-03,Australia,Hay Point,Visakhapatnam,Panamax,Coal,21897.03,630.3,138.054,18.76,25.85,47.23,6280.0,475.8
2026-04-10,Australia,Hay Point,Visakhapatnam,Panamax,Coal,22839.21,630.93,138.323,26.05,33.12,36.02,6280.0,475.8
2026-04-17,Australia,Hay Point,Visakhapatnam,Panamax,Coal,22281.13,630.89,138.427,38.74,34.51,43.76,6280.0,475.8
2026-04-24,Australia,Hay Point,Visakhapatnam,Panamax,Coal,22689.15,631.84,138.581,31.46,32.71,33.06,6280.0,475.8
2026-05-01,Australia,Hay Point,Visakhapatnam,Panamax,Coal,23021.76,627.4,137.284,37.16,20.25,40.04,6280.0,475.8
2026-05-08,Australia,Hay Point,Visakhapatnam,Panamax,Coal,23783.82,628.03,137.541,50.37,45.13,44.97,6280.0,475.8
2026-05-15,Australia,Hay Point,Visakhapatnam,Panamax,Coal,24000.68,628.03,137.663,57.1,31.58,35.14,6280.0,475.8
2026-05-22,Australia,Hay Point,Visakhapatnam,Panamax,Coal,24135.37,628.23,137.866,48.72,27.61,52.56,6280.0,475.8
2026-05-29,Australia,Hay Point,Visakhapatnam,Panamax,Coal,24645.11,629.73,138.111,37.58,38.05,40.68,6280.0,475.8
2026-06-05,Australia,Hay Point,Visakhapatnam,Panamax,Coal,23435.46,617.53,134.352,38.08,26.01,43.13,6280.0,475.8
2026-06-12,Australia,Hay Point,Visakhapatnam,Panamax,Coal,23708.85,618.21,134.51,23.61,23.57,22.72,6280.0,475.8
2026-06-19,Australia,Hay Point,Visakhapatnam,Panamax,Coal,23537.85,618.08,134.752,36.07,40.91,35.67,6280.0,475.8
2026-06-26,Australia,Hay Point,Visakhapatnam,Panamax,Coal,22941.79,618.4,135.023,34.15,35.5,42.06,6280.0,475.8
2026-07-03,Australia,Hay Point,Visakhapatnam,Panamax,Coal,20454.6,601.57,129.684,51.81,30.63,30.51,6280.0,475.8
2026-07-10,Australia,Hay Point,Visakhapatnam,Panamax,Coal,20523.13,601.02,129.969,37.49,37.14,40.25,6280.0,475.8
2026-07-17,Australia,Hay Point,Visakhapatnam,Panamax,Coal,20103.44,601.11,130.204,45.35,38.12,32.55,6280.0,475.8
2026-07-24,Australia,Hay Point,Visakhapatnam,Panamax,Coal,19521.58,602.42,130.401,71.19,34.41,46.52,6280.0,475.8
2026-07-31,Australia,Hay Point,Visakhapatnam,Panamax,Coal,18946.7,602.02,130.602,65.68,45.93,34.25,6280.0,475.8
2026-08-07,Australia,Hay Point,Visakhapatnam,Panamax,Coal,17956.39,584.19,125.218,59.57,41.19,34.88,6280.0,475.8
2026-08-14,Australia,Hay Point,Visakhapatnam,Panamax,Coal,17533.81,584.71,125.37,52.46,34.29,39.5,6280.0,475.8
2026-08-21,Australia,Hay Point,Visakhapatnam,Panamax,Coal,17008.56,585.47,125.56,55.66,45.75,34.74,6280.0,475.8
2026-08-28,Australia,Hay Point,Visakhapatnam,Panamax,Coal,16483.55,585.48,125.753,50.98,40.02,34.27,6280.0,475.8
2026-09-04,Australia,Hay Point,Visakhapatnam,Panamax,Coal,17086.55,572.21,121.815,30.9,35.46,42.8,6280.0,475.8
2026-09-11,Australia,Hay Point,Visakhapatnam,Panamax,Coal,16853.68,571.78,122.068,42.29,30.62,46.12,6280.0,475.8
2026-09-18,Australia,Hay Point,Visakhapatnam,Panamax,Coal,17094.97,572.1,122.256,46.66,31.51,47.69,6280.0,475.8
2026-09-25,Australia,Hay Point,Visakhapatnam,Panamax,Coal,17122.26,572.51,122.483,64.11,44.08,34.26,6280.0,475.8
2023-01-06,Australia,Hay Point,Visakhapatnam,Panamax,Iron Ore,17137.05,519.44,99.953,10.0,9.93,41.07,6280.0,475.8
2023-01-13,Australia,Hay Point,Visakhapatnam,Panamax,Iron Ore,17776.09,520.28,100.181,5.0,17.54,29.44,6280.0,475.8
2023-01-20,Australia,Hay Point,Visakhapatnam,Panamax,Iron Ore,18158.07,521.33,100.291,5.0,25.81,38.98,6280.0,475.8
2023-01-27,Australia,Hay Point,Visakhapatnam,Panamax,Iron Ore,17470.18,521.82,100.457,5.0,12.74,37.17,6280.0,475.8
2023-02-03,Australia,Hay Point,Visakhapatnam,Panamax,Iron Ore,17346.52,537.32,104.842,5.0,29.06,30.9,6280.0,475.8
2023-02-10,Australia,Hay Point,Visakhapatnam,Panamax,Iron Ore,17901.86,538.13,104.936,5.0,16.1,46.64,6280.0,475.8
2023-02-17,Australia,Hay Point,Visakhapatnam,Panamax,Iron Ore,18069.5,538.09,105.124,5.0,5.82,40.96,6280.0,475.8
2023-02-24,Australia,Hay Point,Visakhapatnam,Panamax,Iron Ore,18391.33,537.62,105.273,5.0,16.88,38.4,6280.0,475.8
2023-03-03,Australia,Hay Point,Visakhapatnam,Panamax,Iron Ore,19690.3,550.04,108.663,5.0,24.42,51.2,6280.0,475.8
2023-03-10,Australia,Hay Point,Visakhapatnam,Panamax,Iron Ore,19083.15,550.18,108.807,5.71,12.9,37.13,6280.0,475.8
2023-03-17,Australia,Hay Point,Visakhapatnam,Panamax,Iron Ore,19522.01,550.8,108.961,5.0,15.96,43.67,6280.0,475.8
2023-03-24,Australia,Hay Point,Visakhapatnam,Panamax,Iron Ore,19864.29,551.13,109.087,5.0,19.38,37.86,6280.0,475.8
2023-03-31,Australia,Hay Point,Visakhapatnam,Panamax,Iron Ore,19237.7,551.86,109.273,5.0,23.48,47.2,6280.0,475.8
2023-04-07,Australia,Hay Point,Visakhapatnam,Panamax,Iron Ore,20408.93,556.7,110.633,9.34,22.4,38.69,6280.0,475.8
2023-04-14,Australia,Hay Point,Visakhapatnam,Panamax,Iron Ore,20792.63,557.28,110.782,6.7,17.0,43.95,6280.0,475.8
2023-04-21,Australia,Hay Point,Visakhapatnam,Panamax,Iron Ore,20848.25,557.72,110.927,7.3,17.55,47.62,6280.0,475.8
2023-04-28,Australia,Hay Point,Visakhapatnam,Panamax,Iron Ore,20457.72,557.74,111.121,14.01,28.21,32.41,6280.0,475.8
2023-05-05,Australia,Hay Point,Visakhapatnam,Panamax,Iron Ore,21163.42,554.54,110.187,6.64,20.05,35.86,6280.0,475.8
2023-05-12,Australia,Hay Point,Visakhapatnam,Panamax,Iron Ore,19888.26,555.82,110.331,35.32,51.67,38.82,6280.0,475.8
2023-05-19,Australia,Hay Point,Visakhapatnam,Panamax,Iron Ore,18760.74,556.04,110.489,46.61,41.45,44.39,6280.0,475.8
2023-05-26,Australia,Hay Point,Visakhapatnam,Panamax,Iron Ore,18826.67,556.56,110.636,52.15,32.67,36.47,6280.0,475.8
2023-06-02,Australia,Hay Point,Visakhapatnam,Panamax,Iron Ore,18441.29,545.41,107.547,73.9,36.9,34.22,6280.0,475.8
2023-06-09,Australia,Hay Point,Visakhapatnam,Panamax,Iron Ore,18404.01,545.93,107.673,81.79,44.22,43.69,6280.0,475.8
2023-06-16,Australia,Hay Point,Visakhapatnam,Panamax,Iron Ore,18404.51,545.73,107.857,77.31,43.99,55.61,6280.0,475.8
2023-06-23,Australia,Hay Point,Visakhapatnam,Panamax,Iron Ore,18649.96,546.48,108.051,60.62,38.22,37.8,6280.0,475.8
2023-06-30,Australia,Hay Point,Visakhapatnam,Panamax,Iron Ore,17821.18,546.8,108.217,66.99,34.11,27.43,6280.0,475.8
2023-07-07,Australia,Hay Point,Visakhapatnam,Panamax,Iron Ore,15812.49,532.29,103.935,81.49,66.63,31.25,6280.0,475.8
2023-07-14,Australia,Hay Point,Visakhapatnam,Panamax,Iron Ore,16401.42,533.63,104.072,86.25,53.83,44.93,6280.0,475.8
2023-07-21,Australia,Hay Point,Visakhapatnam,Panamax,Iron Ore,16384.59,533.88,104.234,99.0,57.62,30.76,6280.0,475.8
2023-07-28,Australia,Hay Point,Visakhapatnam,Panamax,Iron Ore,15654.52,534.23,104.435,80.58,44.4,33.47,6280.0,475.8
2023-08-04,Australia,Hay Point,Visakhapatnam,Panamax,Iron Ore,15072.45,519.06,100.091,63.04,40.56,35.05,6280.0,475.8
2023-08-11,Australia,Hay Point,Visakhapatnam,Panamax,Iron Ore,15441.6,519.47,100.282,52.58,39.27,42.86,6280.0,475.8
2023-08-18,Australia,Hay Point,Visakhapatnam,Panamax,Iron Ore,15422.58,520.39,100.464,71.76,39.24,35.77,6280.0,475.8
2023-08-25,Australia,Hay Point,Visakhapatnam,Panamax,Iron Ore,15960.04,520.38,100.59,64.94,49.39,32.42,6280.0,475.8
2023-09-01,Australia,Hay Point,Visakhapatnam,Panamax,Iron Ore,16109.15,509.19,97.473,68.28,53.92,36.7,6280.0,475.8
2023-09-08,Australia,Hay Point,Visakhapatnam,Panamax,Iron Ore,16355.04,510.0,97.607,64.8,45.53,40.68,6280.0,475.8
2023-09-15,Australia,Hay Point,Visakhapatnam,Panamax,Iron Ore,16631.84,510.38,97.757,63.83,41.87,34.07,6280.0,475.8
2023-09-22,Australia,Hay Point,Visakhapatnam,Panamax,Iron Ore,16576.04,510.84,97.906,82.37,45.66,42.22,6280.0,475.8
2023-09-29,Australia,Hay Point,Visakhapatnam,Panamax,Iron Ore,16926.59,511.63,98.025,81.47,54.56,41.72,6280.0,475.8
2023-10-06,Australia,Hay Point,Visakhapatnam,Panamax,Iron Ore,17895.02,508.2,97.005,64.68,47.7,42.08,6280.0,475.8
2023-10-13,Australia,Hay Point,Visakhapatnam,Panamax,Iron Ore,18284.23,508.88,97.232,56.12,49.31,39.4,6280.0,475.8
2023-10-20,Australia,Hay Point,Visakhapatnam,Panamax,Iron Ore,17067.18,509.12,97.428,61.57,36.89,37.24,6280.0,475.8
2023-10-27,Australia,Hay Point,Visakhapatnam,Panamax,Iron Ore,17176.5,509.52,97.6,51.04,39.33,42.29,6280.0,475.8
2023-11-03,Australia,Hay Point,Visakhapatnam,Panamax,Iron Ore,18180.98,514.1,98.945,43.48,28.17,32.99,6280.0,475.8
2023-11-10,Australia,Hay Point,Visakhapatnam,Panamax,Iron Ore,17462.02,514.58,99.043,47.17,41.85,42.85,6280.0,475.8
2023-11-17,Australia,Hay Point,Visakhapatnam,Panamax,Iron Ore,18596.83,515.08,99.222,53.76,35.76,32.63,6280.0,475.8
2023-11-24,Australia,Hay Point,Visakhapatnam,Panamax,Iron Ore,18785.24,514.17,99.396,46.45,27.49,47.06,6280.0,475.8
2023-12-01,Australia,Hay Point,Visakhapatnam,Panamax,Iron Ore,18754.93,527.15,102.902,45.42,31.18,45.74,6280.0,475.8
2023-12-08,Australia,Hay Point,Visakhapatnam,Panamax,Iron Ore,18897.23,527.21,103.013,40.73,28.95,41.06,6280.0,475.8
2023-12-15,Australia,Hay Point,Visakhapatnam,Panamax,Iron Ore,18643.39,527.02,103.146,30.17,27.76,35.87,6280.0,475.8
2023-12-22,Australia,Hay Point,Visakhapatnam,Panamax,Iron Ore,19123.11,527.39,103.305,36.98,35.36,36.81,6280.0,475.8
2023-12-29,Australia,Hay Point,Visakhapatnam,Panamax,Iron Ore,19177.91,527.45,103.441,44.7,31.2,37.22,6280.0,475.8
2024-01-05,Australia,Hay Point,Visakhapatnam,Panamax,Iron Ore,18209.37,544.11,108.183,22.82,19.42,38.36,6280.0,475.8
2024-01-12,Australia,Hay Point,Visakhapatnam,Panamax,Iron Ore,19376.64,544.23,108.39,10.79,19.04,36.41,6280.0,475.8
2024-01-19,Australia,Hay Point,Visakhapatnam,Panamax,Iron Ore,18742.16,544.9,108.553,17.21,15.33,36.04,6280.0,475.8
2024-01-26,Australia,Hay Point,Visakhapatnam,Panamax,Iron Ore,19279.23,545.86,108.66,16.28,24.66,33.97,6280.0,475.8
2024-02-02,Australia,Hay Point,Visakhapatnam,Panamax,Iron Ore,18126.39,560.88,113.443,5.0,25.45,33.5,6280.0,475.8
2024-02-09,Australia,Hay Point,Visakhapatnam,Panamax,Iron Ore,16997.91,561.27,113.508,5.0,11.04,39.0,6280.0,475.8
2024-02-16,Australia,Hay Point,Visakhapatnam,Panamax,Iron Ore,17377.75,561.54,113.732,5.0,24.05,47.51,6280.0,475.8
2024-02-23,Australia,Hay Point,Visakhapatnam,Panamax,Iron Ore,17377.33,561.47,113.906,5.0,7.56,29.19,6280.0,475.8
2024-03-01,Australia,Hay Point,Visakhapatnam,Panamax,Iron Ore,18193.59,573.69,117.508,11.35,12.24,40.89,6280.0,475.8
2024-03-08,Australia,Hay Point,Visakhapatnam,Panamax,Iron Ore,17786.8,573.98,117.586,32.97,37.65,25.61,6280.0,475.8
2024-03-15,Australia,Hay Point,Visakhapatnam,Panamax,Iron Ore,17062.39,575.21,117.738,24.43,26.48,43.03,6280.0,475.8
2024-03-22,Australia,Hay Point,Visakhapatnam,Panamax,Iron Ore,17192.79,575.06,117.953,8.83,23.08,38.05,6280.0,475.8
2024-03-29,Australia,Hay Point,Visakhapatnam,Panamax,Iron Ore,18439.12,575.25,117.989,5.0,14.66,37.65,6280.0,475.8
2024-04-05,Australia,Hay Point,Visakhapatnam,Panamax,Iron Ore,18563.79,580.3,119.378,6.23,17.94,52.35,6280.0,475.8
2024-04-12,Australia,Hay Point,Visakhapatnam,Panamax,Iron Ore,18296.92,580.8,119.451,15.5,20.07,44.57,6280.0,475.8
2024-04-19,Australia,Hay Point,Visakhapatnam,Panamax,Iron Ore,18272.62,580.53,119.616,18.46,14.8,38.17,6280.0,475.8
2024-04-26,Australia,Hay Point,Visakhapatnam,Panamax,Iron Ore,17053.71,582.32,119.809,14.98,21.66,47.01,6280.0,475.8
2024-05-03,Australia,Hay Point,Visakhapatnam,Panamax,Iron Ore,18041.81,577.86,118.651,32.13,32.35,36.82,6280.0,475.8
2024-05-10,Australia,Hay Point,Visakhapatnam,Panamax,Iron Ore,17384.86,577.33,118.872,39.99,33.34,44.43,6280.0,475.8
2024-05-17,Australia,Hay Point,Visakhapatnam,Panamax,Iron Ore,18042.06,576.78,119.112,33.99,35.85,51.83,6280.0,475.8
2024-05-24,Australia,Hay Point,Visakhapatnam,Panamax,Iron Ore,17488.32,577.82,119.319,33.5,22.87,50.69,6280.0,475.8
2024-05-31,Australia,Hay Point,Visakhapatnam,Panamax,Iron Ore,17926.28,577.43,119.443,36.59,40.57,38.25,6280.0,475.8
2024-06-07,Australia,Hay Point,Visakhapatnam,Panamax,Iron Ore,17079.51,566.46,116.203,54.96,32.91,31.72,6280.0,475.8
2024-06-14,Australia,Hay Point,Visakhapatnam,Panamax,Iron Ore,16944.17,566.7,116.424,33.62,21.24,34.24,6280.0,475.8
2024-06-21,Australia,Hay Point,Visakhapatnam,Panamax,Iron Ore,16910.26,566.87,116.559,48.66,47.03,44.3,6280.0,475.8
2024-06-28,Australia,Hay Point,Visakhapatnam,Panamax,Iron Ore,17764.03,567.45,116.755,43.17,30.48,30.49,6280.0,475.8
2024-07-05,Australia,Hay Point,Visakhapatnam,Panamax,Iron Ore,15686.86,551.08,112.143,61.83,39.18,37.72,6280.0,475.8
2024-07-12,Australia,Hay Point,Visakhapatnam,Panamax,Iron Ore,15785.23,551.81,112.386,65.56,62.63,35.28,6280.0,475.8
2024-07-19,Australia,Hay Point,Visakhapatnam,Panamax,Iron Ore,15775.31,552.63,112.618,57.82,52.1,25.48,6280.0,475.8
2024-07-26,Australia,Hay Point,Visakhapatnam,Panamax,Iron Ore,16368.37,553.89,112.737,41.62,33.11,34.79,6280.0,475.8
2024-08-02,Australia,Hay Point,Visakhapatnam,Panamax,Iron Ore,15592.71,537.93,108.097,33.08,30.39,35.86,6280.0,475.8
2024-08-09,Australia,Hay Point,Visakhapatnam,Panamax,Iron Ore,15333.69,538.93,108.291,43.94,21.7,44.61,6280.0,475.8
2024-08-16,Australia,Hay Point,Visakhapatnam,Panamax,Iron Ore,16380.09,538.68,108.429,23.6,33.35,41.44,6280.0,475.8
2024-08-23,Australia,Hay Point,Visakhapatnam,Panamax,Iron Ore,17042.33,538.21,108.63,5.0,8.19,36.42,6280.0,475.8
2024-08-30,Australia,Hay Point,Visakhapatnam,Panamax,Iron Ore,16921.64,538.54,108.875,18.26,25.88,42.78,6280.0,475.8
2024-09-06,Australia,Hay Point,Visakhapatnam,Panamax,Iron Ore,17067.72,526.33,105.496,12.91,28.31,46.83,6280.0,475.8
2024-09-13,Australia,Hay Point,Visakhapatnam,Panamax,Iron Ore,16933.47,526.75,105.559,31.03,43.15,55.45,6280.0,475.8
2024-09-20,Australia,Hay Point,Visakhapatnam,Panamax,Iron Ore,17084.43,527.35,105.712,11.84,31.88,34.84,6280.0,475.8
2024-09-27,Australia,Hay Point,Visakhapatnam,Panamax,Iron Ore,16517.53,528.52,105.961,16.63,24.58,34.39,6280.0,475.8
2024-10-04,Australia,Hay Point,Visakhapatnam,Panamax,Iron Ore,17795.49,525.36,104.828,5.0,15.93,38.0,6280.0,475.8
2024-10-11,Australia,Hay Point,Visakhapatnam,Panamax,Iron Ore,18505.03,525.17,104.937,5.0,11.15,37.44,6280.0,475.8
2024-10-18,Australia,Hay Point,Visakhapatnam,Panamax,Iron Ore,18731.62,524.63,105.099,9.78,14.96,45.18,6280.0,475.8
2024-10-25,Australia,Hay Point,Visakhapatnam,Panamax,Iron Ore,18587.17,524.91,105.193,11.0,21.33,47.11,6280.0,475.8
2024-11-01,Australia,Hay Point,Visakhapatnam,Panamax,Iron Ore,19823.4,530.26,106.64,6.71,22.06,43.6,6280.0,475.8
2024-11-08,Australia,Hay Point,Visakhapatnam,Panamax,Iron Ore,18492.34,531.01,106.817,13.5,20.92,33.18,6280.0,475.8
2024-11-15,Australia,Hay Point,Visakhapatnam,Panamax,Iron Ore,18002.03,531.08,107.0,16.64,24.57,38.46,6280.0,475.8
2024-11-22,Australia,Hay Point,Visakhapatnam,Panamax,Iron Ore,17129.16,531.54,107.099,20.61,25.55,43.45,6280.0,475.8
2024-11-29,Australia,Hay Point,Visakhapatnam,Panamax,Iron Ore,16757.98,531.3,107.256,24.22,34.18,42.79,6280.0,475.8
2024-12-06,Australia,Hay Point,Visakhapatnam,Panamax,Iron Ore,15677.89,544.72,110.972,5.0,10.2,37.62,6280.0,475.8
2024-12-13,Australia,Hay Point,Visakhapatnam,Panamax,Iron Ore,15818.93,545.5,111.069,5.0,16.64,42.27,6280.0,475.8
2024-12-20,Australia,Hay Point,Visakhapatnam,Panamax,Iron Ore,16714.5,545.41,111.28,5.0,26.58,40.36,6280.0,475.8
2024-12-27,Australia,Hay Point,Visakhapatnam,Panamax,Iron Ore,16358.42,545.35,111.403,5.0,10.8,37.07,6280.0,475.8
2025-01-03,Australia,Hay Point,Visakhapatnam,Panamax,Iron Ore,16317.18,562.67,116.466,12.85,13.3,35.25,6280.0,475.8
2025-01-10,Australia,Hay Point,Visakhapatnam,Panamax,Iron Ore,16230.56,564.21,116.576,23.37,31.24,32.4,6280.0,475.8
2025-01-17,Australia,Hay Point,Visakhapatnam,Panamax,Iron Ore,16315.16,564.36,116.642,8.42,15.27,35.35,6280.0,475.8
2025-01-24,Australia,Hay Point,Visakhapatnam,Panamax,Iron Ore,16056.12,564.76,116.896,8.66,7.05,36.2,6280.0,475.8
2025-01-31,Australia,Hay Point,Visakhapatnam,Panamax,Iron Ore,15274.4,564.98,117.171,24.94,34.65,27.48,6280.0,475.8
2025-02-07,Australia,Hay Point,Visakhapatnam,Panamax,Iron Ore,15000.79,582.12,122.351,28.24,24.23,36.43,6280.0,475.8
2025-02-14,Australia,Hay Point,Visakhapatnam,Panamax,Iron Ore,15107.12,582.6,122.541,22.92,15.58,37.25,6280.0,475.8
2025-02-21,Australia,Hay Point,Visakhapatnam,Panamax,Iron Ore,15532.27,582.52,122.748,23.31,12.43,35.31,6280.0,475.8
2025-02-28,Australia,Hay Point,Visakhapatnam,Panamax,Iron Ore,15758.68,583.03,122.945,34.88,8.85,37.68,6280.0,475.8
2025-03-07,Australia,Hay Point,Visakhapatnam,Panamax,Iron Ore,17071.17,595.82,126.87,28.14,27.3,45.79,6280.0,475.8
2025-03-14,Australia,Hay Point,Visakhapatnam,Panamax,Iron Ore,17170.78,596.01,127.049,43.3,26.77,46.73,6280.0,475.8
2025-03-21,Australia,Hay Point,Visakhapatnam,Panamax,Iron Ore,17407.41,597.42,127.153,37.37,27.71,36.13,6280.0,475.8
2025-03-28,Australia,Hay Point,Visakhapatnam,Panamax,Iron Ore,16837.64,598.46,127.253,49.74,47.81,39.06,6280.0,475.8
2025-04-04,Australia,Hay Point,Visakhapatnam,Panamax,Iron Ore,17335.11,602.6,128.664,57.61,34.52,39.16,6280.0,475.8
2025-04-11,Australia,Hay Point,Visakhapatnam,Panamax,Iron Ore,18267.8,602.95,128.854,70.64,43.84,42.09,6280.0,475.8
2025-04-18,Australia,Hay Point,Visakhapatnam,Panamax,Iron Ore,18825.63,603.34,128.987,69.14,48.12,60.25,6280.0,475.8
2025-04-25,Australia,Hay Point,Visakhapatnam,Panamax,Iron Ore,18852.45,604.73,129.167,62.52,42.61,39.83,6280.0,475.8
2025-05-02,Australia,Hay Point,Visakhapatnam,Panamax,Iron Ore,19516.06,601.49,127.919,74.15,45.13,30.18,6280.0,475.8
2025-05-09,Australia,Hay Point,Visakhapatnam,Panamax,Iron Ore,20203.51,601.84,128.075,54.15,53.89,42.36,6280.0,475.8
2025-05-16,Australia,Hay Point,Visakhapatnam,Panamax,Iron Ore,19393.39,602.97,128.335,34.16,21.45,43.84,6280.0,475.8
2025-05-23,Australia,Hay Point,Visakhapatnam,Panamax,Iron Ore,18353.94,603.92,128.527,33.99,36.5,39.14,6280.0,475.8
2025-05-30,Australia,Hay Point,Visakhapatnam,Panamax,Iron Ore,19052.6,604.3,128.698,35.85,25.14,41.27,6280.0,475.8
2025-06-06,Australia,Hay Point,Visakhapatnam,Panamax,Iron Ore,19425.3,592.35,125.199,35.77,40.72,43.5,6280.0,475.8
2025-06-13,Australia,Hay Point,Visakhapatnam,Panamax,Iron Ore,18576.73,593.53,125.294,48.59,32.93,43.61,6280.0,475.8
2025-06-20,Australia,Hay Point,Visakhapatnam,Panamax,Iron Ore,18841.85,595.44,125.535,60.66,38.8,23.87,6280.0,475.8
2025-06-27,Australia,Hay Point,Visakhapatnam,Panamax,Iron Ore,18351.18,596.43,125.688,50.07,32.94,30.5,6280.0,475.8
2025-07-04,Australia,Hay Point,Visakhapatnam,Panamax,Iron Ore,17220.37,580.39,120.7,40.96,18.92,25.89,6280.0,475.8
2025-07-11,Australia,Hay Point,Visakhapatnam,Panamax,Iron Ore,18004.57,580.91,120.842,32.19,35.28,28.1,6280.0,475.8
2025-07-18,Australia,Hay Point,Visakhapatnam,Panamax,Iron Ore,17338.09,580.77,121.048,36.53,41.25,37.55,6280.0,475.8
2025-07-25,Australia,Hay Point,Visakhapatnam,Panamax,Iron Ore,17140.9,580.35,121.223,26.42,37.59,33.11,6280.0,475.8
2025-08-01,Australia,Hay Point,Visakhapatnam,Panamax,Iron Ore,16310.66,563.36,116.239,40.64,31.58,31.66,6280.0,475.8
2025-08-08,Australia,Hay Point,Visakhapatnam,Panamax,Iron Ore,15407.19,564.22,116.402,32.94,21.75,44.96,6280.0,475.8
2025-08-15,Australia,Hay Point,Visakhapatnam,Panamax,Iron Ore,15438.32,563.54,116.552,40.01,35.32,39.03,6280.0,475.8
2025-08-22,Australia,Hay Point,Visakhapatnam,Panamax,Iron Ore,15484.02,563.04,116.689,26.25,20.97,30.46,6280.0,475.8
2025-08-29,Australia,Hay Point,Visakhapatnam,Panamax,Iron Ore,15726.78,563.86,116.796,5.0,11.53,42.45,6280.0,475.8
2025-09-05,Australia,Hay Point,Visakhapatnam,Panamax,Iron Ore,16358.99,551.41,113.114,8.06,16.82,48.94,6280.0,475.8
2025-09-12,Australia,Hay Point,Visakhapatnam,Panamax,Iron Ore,16169.47,551.52,113.273,6.98,11.39,41.11,6280.0,475.8
2025-09-19,Australia,Hay Point,Visakhapatnam,Panamax,Iron Ore,16620.16,551.47,113.419,18.81,17.98,41.06,6280.0,475.8
2025-09-26,Australia,Hay Point,Visakhapatnam,Panamax,Iron Ore,15891.45,551.78,113.621,32.24,33.93,40.65,6280.0,475.8
2025-10-03,Australia,Hay Point,Visakhapatnam,Panamax,Iron Ore,16397.04,547.61,112.37,27.68,23.4,37.1,6280.0,475.8
2025-10-10,Australia,Hay Point,Visakhapatnam,Panamax,Iron Ore,16554.36,548.11,112.523,33.74,23.29,34.33,6280.0,475.8
2025-10-17,Australia,Hay Point,Visakhapatnam,Panamax,Iron Ore,16627.18,549.56,112.722,51.38,40.59,34.85,6280.0,475.8
2025-10-24,Australia,Hay Point,Visakhapatnam,Panamax,Iron Ore,17082.28,549.07,112.875,35.43,31.49,34.97,6280.0,475.8
2025-10-31,Australia,Hay Point,Visakhapatnam,Panamax,Iron Ore,17320.91,551.01,113.111,45.46,25.64,31.91,6280.0,475.8
2025-11-07,Australia,Hay Point,Visakhapatnam,Panamax,Iron Ore,18931.54,555.99,114.727,46.25,44.41,43.55,6280.0,475.8
2025-11-14,Australia,Hay Point,Visakhapatnam,Panamax,Iron Ore,19742.65,556.79,114.869,34.4,34.77,38.03,6280.0,475.8
2025-11-21,Australia,Hay Point,Visakhapatnam,Panamax,Iron Ore,19877.61,557.25,115.01,35.32,34.57,32.28,6280.0,475.8
2025-11-28,Australia,Hay Point,Visakhapatnam,Panamax,Iron Ore,19621.7,557.34,115.167,24.72,22.0,46.24,6280.0,475.8
2025-12-05,Australia,Hay Point,Visakhapatnam,Panamax,Iron Ore,18730.57,570.38,119.179,13.12,31.5,39.34,6280.0,475.8
2025-12-12,Australia,Hay Point,Visakhapatnam,Panamax,Iron Ore,18701.63,569.95,119.268,14.56,23.14,43.94,6280.0,475.8
2025-12-19,Australia,Hay Point,Visakhapatnam,Panamax,Iron Ore,18057.1,571.27,119.494,11.75,8.6,32.65,6280.0,475.8
2025-12-26,Australia,Hay Point,Visakhapatnam,Panamax,Iron Ore,19302.1,571.74,119.623,5.0,22.22,41.1,6280.0,475.8
2026-01-02,Australia,Hay Point,Visakhapatnam,Panamax,Iron Ore,19322.08,590.07,125.104,5.0,16.55,43.3,6280.0,475.8
2026-01-09,Australia,Hay Point,Visakhapatnam,Panamax,Iron Ore,18873.41,590.75,125.166,5.0,16.48,31.57,6280.0,475.8
2026-01-16,Australia,Hay Point,Visakhapatnam,Panamax,Iron Ore,19315.72,592.22,125.356,5.0,32.73,30.62,6280.0,475.8
2026-01-23,Australia,Hay Point,Visakhapatnam,Panamax,Iron Ore,19090.82,592.95,125.509,5.0,20.17,35.17,6280.0,475.8
2026-01-30,Australia,Hay Point,Visakhapatnam,Panamax,Iron Ore,19646.74,593.53,125.692,5.0,11.02,32.85,6280.0,475.8
2026-02-06,Australia,Hay Point,Visakhapatnam,Panamax,Iron Ore,19837.87,611.69,131.166,10.9,25.61,43.82,6280.0,475.8
2026-02-13,Australia,Hay Point,Visakhapatnam,Panamax,Iron Ore,19661.04,611.21,131.281,10.07,21.99,35.71,6280.0,475.8
2026-02-20,Australia,Hay Point,Visakhapatnam,Panamax,Iron Ore,19711.69,612.26,131.417,5.0,14.49,38.51,6280.0,475.8
2026-02-27,Australia,Hay Point,Visakhapatnam,Panamax,Iron Ore,19929.74,612.34,131.637,5.0,11.7,43.91,6280.0,475.8
2026-03-06,Australia,Hay Point,Visakhapatnam,Panamax,Iron Ore,20998.52,624.88,135.723,5.0,16.01,44.63,6280.0,475.8
2026-03-13,Australia,Hay Point,Visakhapatnam,Panamax,Iron Ore,20498.11,623.93,135.977,5.0,22.75,36.72,6280.0,475.8
2026-03-20,Australia,Hay Point,Visakhapatnam,Panamax,Iron Ore,19939.84,623.76,136.192,12.2,26.37,38.75,6280.0,475.8
2026-03-27,Australia,Hay Point,Visakhapatnam,Panamax,Iron Ore,20231.27,624.36,136.404,20.21,33.87,53.58,6280.0,475.8
2026-04-03,Australia,Hay Point,Visakhapatnam,Panamax,Iron Ore,21483.89,630.3,138.054,18.76,25.85,47.23,6280.0,475.8
2026-04-10,Australia,Hay Point,Visakhapatnam,Panamax,Iron Ore,20791.71,630.93,138.323,26.05,33.12,36.02,6280.0,475.8
2026-04-17,Australia,Hay Point,Visakhapatnam,Panamax,Iron Ore,19779.98,630.89,138.427,38.74,34.51,43.76,6280.0,475.8
2026-04-24,Australia,Hay Point,Visakhapatnam,Panamax,Iron Ore,19673.73,631.84,138.581,31.46,32.71,33.06,6280.0,475.8
2026-05-01,Australia,Hay Point,Visakhapatnam,Panamax,Iron Ore,20195.94,627.4,137.284,37.16,20.25,40.04,6280.0,475.8
2026-05-08,Australia,Hay Point,Visakhapatnam,Panamax,Iron Ore,19665.45,628.03,137.541,50.37,45.13,44.97,6280.0,475.8
2026-05-15,Australia,Hay Point,Visakhapatnam,Panamax,Iron Ore,20241.21,628.03,137.663,57.1,31.58,35.14,6280.0,475.8
2026-05-22,Australia,Hay Point,Visakhapatnam,Panamax,Iron Ore,20229.05,628.23,137.866,48.72,27.61,52.56,6280.0,475.8
2026-05-29,Australia,Hay Point,Visakhapatnam,Panamax,Iron Ore,21656.09,629.73,138.111,37.58,38.05,40.68,6280.0,475.8
2026-06-05,Australia,Hay Point,Visakhapatnam,Panamax,Iron Ore,20857.03,617.53,134.352,38.08,26.01,43.13,6280.0,475.8
2026-06-12,Australia,Hay Point,Visakhapatnam,Panamax,Iron Ore,21189.85,618.21,134.51,23.61,23.57,22.72,6280.0,475.8
2026-06-19,Australia,Hay Point,Visakhapatnam,Panamax,Iron Ore,20779.6,618.08,134.752,36.07,40.91,35.67,6280.0,475.8
2026-06-26,Australia,Hay Point,Visakhapatnam,Panamax,Iron Ore,21002.54,618.4,135.023,34.15,35.5,42.06,6280.0,475.8
2026-07-03,Australia,Hay Point,Visakhapatnam,Panamax,Iron Ore,18837.65,601.57,129.684,51.81,30.63,30.51,6280.0,475.8
2026-07-10,Australia,Hay Point,Visakhapatnam,Panamax,Iron Ore,19164.8,601.02,129.969,37.49,37.14,40.25,6280.0,475.8
2026-07-17,Australia,Hay Point,Visakhapatnam,Panamax,Iron Ore,18600.25,601.11,130.204,45.35,38.12,32.55,6280.0,475.8
2026-07-24,Australia,Hay Point,Visakhapatnam,Panamax,Iron Ore,18229.26,602.42,130.401,71.19,34.41,46.52,6280.0,475.8
2026-07-31,Australia,Hay Point,Visakhapatnam,Panamax,Iron Ore,18670.23,602.02,130.602,65.68,45.93,34.25,6280.0,475.8
2026-08-07,Australia,Hay Point,Visakhapatnam,Panamax,Iron Ore,18015.84,584.19,125.218,59.57,41.19,34.88,6280.0,475.8
2026-08-14,Australia,Hay Point,Visakhapatnam,Panamax,Iron Ore,18058.54,584.71,125.37,52.46,34.29,39.5,6280.0,475.8
2026-08-21,Australia,Hay Point,Visakhapatnam,Panamax,Iron Ore,18518.59,585.47,125.56,55.66,45.75,34.74,6280.0,475.8
2026-08-28,Australia,Hay Point,Visakhapatnam,Panamax,Iron Ore,18382.44,585.48,125.753,50.98,40.02,34.27,6280.0,475.8
2026-09-04,Australia,Hay Point,Visakhapatnam,Panamax,Iron Ore,18694.36,572.21,121.815,30.9,35.46,42.8,6280.0,475.8
2026-09-11,Australia,Hay Point,Visakhapatnam,Panamax,Iron Ore,18261.53,571.78,122.068,42.29,30.62,46.12,6280.0,475.8
2026-09-18,Australia,Hay Point,Visakhapatnam,Panamax,Iron Ore,18585.9,572.1,122.256,46.66,31.51,47.69,6280.0,475.8
2026-09-25,Australia,Hay Point,Visakhapatnam,Panamax,Iron Ore,18175.38,572.51,122.483,64.11,44.08,34.26,6280.0,475.8
2023-01-06,Brazil,Itaqui,Haldia,Panamax,Iron Ore,20370.06,519.44,99.953,72.0,38.52,41.07,9200.0,697.0
2023-01-13,Brazil,Itaqui,Haldia,Panamax,Iron Ore,20676.69,520.28,100.181,67.29,31.85,29.44,9200.0,697.0
2023-01-20,Brazil,Itaqui,Haldia,Panamax,Iron Ore,20887.16,521.33,100.291,69.86,21.41,38.98,9200.0,697.0
2023-01-27,Brazil,Itaqui,Haldia,Panamax,Iron Ore,20138.3,521.82,100.457,72.92,28.98,37.17,9200.0,697.0
2023-02-03,Brazil,Itaqui,Haldia,Panamax,Iron Ore,19030.96,537.32,104.842,71.33,16.19,30.9,9200.0,697.0
2023-02-10,Brazil,Itaqui,Haldia,Panamax,Iron Ore,19542.06,538.13,104.936,68.72,19.09,46.64,9200.0,697.0
2023-02-17,Brazil,Itaqui,Haldia,Panamax,Iron Ore,19748.41,538.09,105.124,66.16,15.63,40.96,9200.0,697.0
2023-02-24,Brazil,Itaqui,Haldia,Panamax,Iron Ore,19086.13,537.62,105.273,66.91,26.43,38.4,9200.0,697.0
2023-03-03,Brazil,Itaqui,Haldia,Panamax,Iron Ore,20028.03,550.04,108.663,65.88,19.3,51.2,9200.0,697.0
2023-03-10,Brazil,Itaqui,Haldia,Panamax,Iron Ore,19856.28,550.18,108.807,63.81,28.62,37.13,9200.0,697.0
2023-03-17,Brazil,Itaqui,Haldia,Panamax,Iron Ore,19999.72,550.8,108.961,69.08,21.26,43.67,9200.0,697.0
2023-03-24,Brazil,Itaqui,Haldia,Panamax,Iron Ore,18806.06,551.13,109.087,78.21,13.26,37.86,9200.0,697.0
2023-03-31,Brazil,Itaqui,Haldia,Panamax,Iron Ore,19386.64,551.86,109.273,82.36,36.35,47.2,9200.0,697.0
2023-04-07,Brazil,Itaqui,Haldia,Panamax,Iron Ore,21042.29,556.7,110.633,87.52,29.88,38.69,9200.0,697.0
2023-04-14,Brazil,Itaqui,Haldia,Panamax,Iron Ore,21097.34,557.28,110.782,84.83,18.98,43.95,9200.0,697.0
2023-04-21,Brazil,Itaqui,Haldia,Panamax,Iron Ore,21139.49,557.72,110.927,81.55,44.14,47.62,9200.0,697.0
2023-04-28,Brazil,Itaqui,Haldia,Panamax,Iron Ore,20521.0,557.74,111.121,92.34,24.04,32.41,9200.0,697.0
2023-05-05,Brazil,Itaqui,Haldia,Panamax,Iron Ore,21875.65,554.54,110.187,99.0,40.94,35.86,9200.0,697.0
2023-05-12,Brazil,Itaqui,Haldia,Panamax,Iron Ore,20807.73,555.82,110.331,99.0,35.43,38.82,9200.0,697.0
2023-05-19,Brazil,Itaqui,Haldia,Panamax,Iron Ore,20308.31,556.04,110.489,97.07,30.25,44.39,9200.0,697.0
2023-05-26,Brazil,Itaqui,Haldia,Panamax,Iron Ore,21378.8,556.56,110.636,96.65,41.67,36.47,9200.0,697.0
2023-06-02,Brazil,Itaqui,Haldia,Panamax,Iron Ore,21671.18,545.41,107.547,91.92,32.36,34.22,9200.0,697.0
2023-06-09,Brazil,Itaqui,Haldia,Panamax,Iron Ore,21082.94,545.93,107.673,98.49,38.69,43.69,9200.0,697.0
2023-06-16,Brazil,Itaqui,Haldia,Panamax,Iron Ore,21132.81,545.73,107.857,99.0,38.15,55.61,9200.0,697.0
2023-06-23,Brazil,Itaqui,Haldia,Panamax,Iron Ore,20693.05,546.48,108.051,99.0,32.54,37.8,9200.0,697.0
2023-06-30,Brazil,Itaqui,Haldia,Panamax,Iron Ore,21513.13,546.8,108.217,86.11,29.49,27.43,9200.0,697.0
2023-07-07,Brazil,Itaqui,Haldia,Panamax,Iron Ore,19592.5,532.29,103.935,87.05,32.52,31.25,9200.0,697.0
2023-07-14,Brazil,Itaqui,Haldia,Panamax,Iron Ore,19050.04,533.63,104.072,86.27,29.91,44.93,9200.0,697.0
2023-07-21,Brazil,Itaqui,Haldia,Panamax,Iron Ore,18419.94,533.88,104.234,86.17,27.2,30.76,9200.0,697.0
2023-07-28,Brazil,Itaqui,Haldia,Panamax,Iron Ore,18271.36,534.23,104.435,88.42,34.95,33.47,9200.0,697.0
2023-08-04,Brazil,Itaqui,Haldia,Panamax,Iron Ore,17865.56,519.06,100.091,85.03,21.85,35.05,9200.0,697.0
2023-08-11,Brazil,Itaqui,Haldia,Panamax,Iron Ore,17693.95,519.47,100.282,72.66,23.21,42.86,9200.0,697.0
2023-08-18,Brazil,Itaqui,Haldia,Panamax,Iron Ore,18096.48,520.39,100.464,76.81,25.38,35.77,9200.0,697.0
2023-08-25,Brazil,Itaqui,Haldia,Panamax,Iron Ore,18062.89,520.38,100.59,70.7,16.83,32.42,9200.0,697.0
2023-09-01,Brazil,Itaqui,Haldia,Panamax,Iron Ore,19058.28,509.19,97.473,74.53,20.83,36.7,9200.0,697.0
2023-09-08,Brazil,Itaqui,Haldia,Panamax,Iron Ore,19599.05,510.0,97.607,80.43,31.97,40.68,9200.0,697.0
2023-09-15,Brazil,Itaqui,Haldia,Panamax,Iron Ore,19795.86,510.38,97.757,86.95,24.99,34.07,9200.0,697.0
2023-09-22,Brazil,Itaqui,Haldia,Panamax,Iron Ore,21099.09,510.84,97.906,90.02,34.36,42.22,9200.0,697.0
2023-09-29,Brazil,Itaqui,Haldia,Panamax,Iron Ore,21554.09,511.63,98.025,86.57,40.69,41.72,9200.0,697.0
2023-10-06,Brazil,Itaqui,Haldia,Panamax,Iron Ore,21925.35,508.2,97.005,81.34,25.53,42.08,9200.0,697.0
2023-10-13,Brazil,Itaqui,Haldia,Panamax,Iron Ore,21398.38,508.88,97.232,73.97,18.3,39.4,9200.0,697.0
2023-10-20,Brazil,Itaqui,Haldia,Panamax,Iron Ore,22340.98,509.12,97.428,74.42,21.74,37.24,9200.0,697.0
2023-10-27,Brazil,Itaqui,Haldia,Panamax,Iron Ore,22940.27,509.52,97.6,80.17,33.98,42.29,9200.0,697.0
2023-11-03,Brazil,Itaqui,Haldia,Panamax,Iron Ore,22853.98,514.1,98.945,81.7,24.72,32.99,9200.0,697.0
2023-11-10,Brazil,Itaqui,Haldia,Panamax,Iron Ore,22164.33,514.58,99.043,87.11,25.53,42.85,9200.0,697.0
2023-11-17,Brazil,Itaqui,Haldia,Panamax,Iron Ore,23432.21,515.08,99.222,84.16,24.88,32.63,9200.0,697.0
2023-11-24,Brazil,Itaqui,Haldia,Panamax,Iron Ore,24472.91,514.17,99.396,82.34,30.51,47.06,9200.0,697.0
2023-12-01,Brazil,Itaqui,Haldia,Panamax,Iron Ore,24342.08,527.15,102.902,74.95,24.16,45.74,9200.0,697.0
2023-12-08,Brazil,Itaqui,Haldia,Panamax,Iron Ore,24366.23,527.21,103.013,71.01,32.18,41.06,9200.0,697.0
2023-12-15,Brazil,Itaqui,Haldia,Panamax,Iron Ore,24176.21,527.02,103.146,72.95,24.71,35.87,9200.0,697.0
2023-12-22,Brazil,Itaqui,Haldia,Panamax,Iron Ore,24371.83,527.39,103.305,79.77,29.79,36.81,9200.0,697.0
2023-12-29,Brazil,Itaqui,Haldia,Panamax,Iron Ore,24730.64,527.45,103.441,64.96,23.26,37.22,9200.0,697.0
2024-01-05,Brazil,Itaqui,Haldia,Panamax,Iron Ore,22680.15,544.11,108.183,69.44,26.53,38.36,9200.0,697.0
2024-01-12,Brazil,Itaqui,Haldia,Panamax,Iron Ore,22784.59,544.23,108.39,69.45,22.67,36.41,9200.0,697.0
2024-01-19,Brazil,Itaqui,Haldia,Panamax,Iron Ore,23209.9,544.9,108.553,74.29,28.06,36.04,9200.0,697.0
2024-01-26,Brazil,Itaqui,Haldia,Panamax,Iron Ore,22530.66,545.86,108.66,84.55,27.33,33.97,9200.0,697.0
2024-02-02,Brazil,Itaqui,Haldia,Panamax,Iron Ore,21681.4,560.88,113.443,90.56,20.37,33.5,9200.0,697.0
2024-02-09,Brazil,Itaqui,Haldia,Panamax,Iron Ore,22243.03,561.27,113.508,87.38,31.05,39.0,9200.0,697.0
2024-02-16,Brazil,Itaqui,Haldia,Panamax,Iron Ore,21760.84,561.54,113.732,86.6,16.63,47.51,9200.0,697.0
2024-02-23,Brazil,Itaqui,Haldia,Panamax,Iron Ore,21437.19,561.47,113.906,82.67,27.38,29.19,9200.0,697.0
2024-03-01,Brazil,Itaqui,Haldia,Panamax,Iron Ore,20863.41,573.69,117.508,91.47,37.53,40.89,9200.0,697.0
2024-03-08,Brazil,Itaqui,Haldia,Panamax,Iron Ore,21514.15,573.98,117.586,89.62,40.4,25.61,9200.0,697.0
2024-03-15,Brazil,Itaqui,Haldia,Panamax,Iron Ore,22151.89,575.21,117.738,86.24,32.09,43.03,9200.0,697.0
2024-03-22,Brazil,Itaqui,Haldia,Panamax,Iron Ore,21788.2,575.06,117.953,88.14,27.05,38.05,9200.0,697.0
2024-03-29,Brazil,Itaqui,Haldia,Panamax,Iron Ore,21054.4,575.25,117.989,97.58,24.85,37.65,9200.0,697.0
2024-04-05,Brazil,Itaqui,Haldia,Panamax,Iron Ore,22528.98,580.3,119.378,98.23,27.26,52.35,9200.0,697.0
2024-04-12,Brazil,Itaqui,Haldia,Panamax,Iron Ore,23036.62,580.8,119.451,94.2,44.52,44.57,9200.0,697.0
2024-04-19,Brazil,Itaqui,Haldia,Panamax,Iron Ore,23217.71,580.53,119.616,97.94,31.22,38.17,9200.0,697.0
2024-04-26,Brazil,Itaqui,Haldia,Panamax,Iron Ore,21384.72,582.32,119.809,95.97,25.82,47.01,9200.0,697.0
2024-05-03,Brazil,Itaqui,Haldia,Panamax,Iron Ore,21227.54,577.86,118.651,99.0,19.22,36.82,9200.0,697.0
2024-05-10,Brazil,Itaqui,Haldia,Panamax,Iron Ore,21053.13,577.33,118.872,99.0,40.52,44.43,9200.0,697.0
2024-05-17,Brazil,Itaqui,Haldia,Panamax,Iron Ore,21332.18,576.78,119.112,99.0,21.31,51.83,9200.0,697.0
2024-05-24,Brazil,Itaqui,Haldia,Panamax,Iron Ore,22203.26,577.82,119.319,99.0,43.66,50.69,9200.0,697.0
2024-05-31,Brazil,Itaqui,Haldia,Panamax,Iron Ore,23685.9,577.43,119.443,99.0,32.38,38.25,9200.0,697.0
2024-06-07,Brazil,Itaqui,Haldia,Panamax,Iron Ore,24133.18,566.46,116.203,99.0,38.15,31.72,9200.0,697.0
2024-06-14,Brazil,Itaqui,Haldia,Panamax,Iron Ore,24231.77,566.7,116.424,99.0,38.54,34.24,9200.0,697.0
2024-06-21,Brazil,Itaqui,Haldia,Panamax,Iron Ore,23547.9,566.87,116.559,99.0,35.87,44.3,9200.0,697.0
2024-06-28,Brazil,Itaqui,Haldia,Panamax,Iron Ore,23419.73,567.45,116.755,99.0,24.25,30.49,9200.0,697.0
2024-07-05,Brazil,Itaqui,Haldia,Panamax,Iron Ore,21620.87,551.08,112.143,94.01,31.31,37.72,9200.0,697.0
2024-07-12,Brazil,Itaqui,Haldia,Panamax,Iron Ore,21571.87,551.81,112.386,95.57,29.99,35.28,9200.0,697.0
2024-07-19,Brazil,Itaqui,Haldia,Panamax,Iron Ore,21349.34,552.63,112.618,99.0,29.03,25.48,9200.0,697.0
2024-07-26,Brazil,Itaqui,Haldia,Panamax,Iron Ore,21099.58,553.89,112.737,99.0,35.69,34.79,9200.0,697.0
2024-08-02,Brazil,Itaqui,Haldia,Panamax,Iron Ore,20503.79,537.93,108.097,98.57,28.39,35.86,9200.0,697.0
2024-08-09,Brazil,Itaqui,Haldia,Panamax,Iron Ore,21585.98,538.93,108.291,91.84,38.51,44.61,9200.0,697.0
2024-08-16,Brazil,Itaqui,Haldia,Panamax,Iron Ore,21027.24,538.68,108.429,91.66,38.82,41.44,9200.0,697.0
2024-08-23,Brazil,Itaqui,Haldia,Panamax,Iron Ore,21479.95,538.21,108.63,88.57,39.34,36.42,9200.0,697.0
2024-08-30,Brazil,Itaqui,Haldia,Panamax,Iron Ore,21566.25,538.54,108.875,88.91,38.49,42.78,9200.0,697.0
2024-09-06,Brazil,Itaqui,Haldia,Panamax,Iron Ore,21764.43,526.33,105.496,81.01,21.7,46.83,9200.0,697.0
2024-09-13,Brazil,Itaqui,Haldia,Panamax,Iron Ore,21788.03,526.75,105.559,77.58,18.46,55.45,9200.0,697.0
2024-09-20,Brazil,Itaqui,Haldia,Panamax,Iron Ore,22368.31,527.35,105.712,76.4,21.31,34.84,9200.0,697.0
2024-09-27,Brazil,Itaqui,Haldia,Panamax,Iron Ore,21666.83,528.52,105.961,79.43,29.32,34.39,9200.0,697.0
2024-10-04,Brazil,Itaqui,Haldia,Panamax,Iron Ore,23202.33,525.36,104.828,82.31,42.39,38.0,9200.0,697.0
2024-10-11,Brazil,Itaqui,Haldia,Panamax,Iron Ore,22673.69,525.17,104.937,83.56,29.45,37.44,9200.0,697.0
2024-10-18,Brazil,Itaqui,Haldia,Panamax,Iron Ore,23004.49,524.63,105.099,84.21,26.55,45.18,9200.0,697.0
2024-10-25,Brazil,Itaqui,Haldia,Panamax,Iron Ore,22359.0,524.91,105.193,91.62,37.5,47.11,9200.0,697.0
2024-11-01,Brazil,Itaqui,Haldia,Panamax,Iron Ore,24243.4,530.26,106.64,78.61,33.71,43.6,9200.0,697.0
2024-11-08,Brazil,Itaqui,Haldia,Panamax,Iron Ore,23590.3,531.01,106.817,79.28,21.09,33.18,9200.0,697.0
2024-11-15,Brazil,Itaqui,Haldia,Panamax,Iron Ore,23594.6,531.08,107.0,73.58,22.44,38.46,9200.0,697.0
2024-11-22,Brazil,Itaqui,Haldia,Panamax,Iron Ore,22048.49,531.54,107.099,79.15,11.58,43.45,9200.0,697.0
2024-11-29,Brazil,Itaqui,Haldia,Panamax,Iron Ore,22494.66,531.3,107.256,85.05,34.07,42.79,9200.0,697.0
2024-12-06,Brazil,Itaqui,Haldia,Panamax,Iron Ore,22622.4,544.72,110.972,74.27,23.8,37.62,9200.0,697.0
2024-12-13,Brazil,Itaqui,Haldia,Panamax,Iron Ore,22838.49,545.5,111.069,74.67,23.44,42.27,9200.0,697.0
2024-12-20,Brazil,Itaqui,Haldia,Panamax,Iron Ore,22086.6,545.41,111.28,80.78,23.9,40.36,9200.0,697.0
2024-12-27,Brazil,Itaqui,Haldia,Panamax,Iron Ore,22233.85,545.35,111.403,80.75,23.98,37.07,9200.0,697.0
2025-01-03,Brazil,Itaqui,Haldia,Panamax,Iron Ore,21576.79,562.67,116.466,80.93,30.92,35.25,9200.0,697.0
2025-01-10,Brazil,Itaqui,Haldia,Panamax,Iron Ore,21208.24,564.21,116.576,72.59,18.28,32.4,9200.0,697.0
2025-01-17,Brazil,Itaqui,Haldia,Panamax,Iron Ore,20790.16,564.36,116.642,67.86,10.46,35.35,9200.0,697.0
2025-01-24,Brazil,Itaqui,Haldia,Panamax,Iron Ore,21814.26,564.76,116.896,61.51,24.11,36.2,9200.0,697.0
2025-01-31,Brazil,Itaqui,Haldia,Panamax,Iron Ore,21599.2,564.98,117.171,64.21,26.34,27.48,9200.0,697.0
2025-02-07,Brazil,Itaqui,Haldia,Panamax,Iron Ore,19761.23,582.12,122.351,61.89,14.68,36.43,9200.0,697.0
2025-02-14,Brazil,Itaqui,Haldia,Panamax,Iron Ore,19357.48,582.6,122.541,57.14,12.8,37.25,9200.0,697.0
2025-02-21,Brazil,Itaqui,Haldia,Panamax,Iron Ore,19056.43,582.52,122.748,62.69,7.58,35.31,9200.0,697.0
2025-02-28,Brazil,Itaqui,Haldia,Panamax,Iron Ore,19436.01,583.03,122.945,66.72,19.23,37.68,9200.0,697.0
2025-03-07,Brazil,Itaqui,Haldia,Panamax,Iron Ore,20362.09,595.82,126.87,68.27,22.72,45.79,9200.0,697.0
2025-03-14,Brazil,Itaqui,Haldia,Panamax,Iron Ore,20665.85,596.01,127.049,64.97,23.86,46.73,9200.0,697.0
2025-03-21,Brazil,Itaqui,Haldia,Panamax,Iron Ore,20980.14,597.42,127.153,59.76,20.98,36.13,9200.0,697.0
2025-03-28,Brazil,Itaqui,Haldia,Panamax,Iron Ore,20597.56,598.46,127.253,60.78,24.75,39.06,9200.0,697.0
2025-04-04,Brazil,Itaqui,Haldia,Panamax,Iron Ore,21656.99,602.6,128.664,64.27,15.98,39.16,9200.0,697.0
2025-04-11,Brazil,Itaqui,Haldia,Panamax,Iron Ore,21690.24,602.95,128.854,65.72,16.39,42.09,9200.0,697.0
2025-04-18,Brazil,Itaqui,Haldia,Panamax,Iron Ore,22937.32,603.34,128.987,70.91,24.4,60.25,9200.0,697.0
2025-04-25,Brazil,Itaqui,Haldia,Panamax,Iron Ore,23023.9,604.73,129.167,70.47,21.21,39.83,9200.0,697.0
2025-05-02,Brazil,Itaqui,Haldia,Panamax,Iron Ore,23605.46,601.49,127.919,80.52,32.6,30.18,9200.0,697.0
2025-05-09,Brazil,Itaqui,Haldia,Panamax,Iron Ore,23630.12,601.84,128.075,81.38,31.16,42.36,9200.0,697.0
2025-05-16,Brazil,Itaqui,Haldia,Panamax,Iron Ore,23551.55,602.97,128.335,86.5,32.12,43.84,9200.0,697.0
2025-05-23,Brazil,Itaqui,Haldia,Panamax,Iron Ore,24182.32,603.92,128.527,87.17,42.65,39.14,9200.0,697.0
2025-05-30,Brazil,Itaqui,Haldia,Panamax,Iron Ore,24803.61,604.3,128.698,79.83,21.9,41.27,9200.0,697.0
2025-06-06,Brazil,Itaqui,Haldia,Panamax,Iron Ore,24350.46,592.35,125.199,83.21,30.89,43.5,9200.0,697.0
2025-06-13,Brazil,Itaqui,Haldia,Panamax,Iron Ore,25156.51,593.53,125.294,92.51,33.21,43.61,9200.0,697.0
2025-06-20,Brazil,Itaqui,Haldia,Panamax,Iron Ore,25170.73,595.44,125.535,99.0,41.53,23.87,9200.0,697.0
2025-06-27,Brazil,Itaqui,Haldia,Panamax,Iron Ore,22896.68,596.43,125.688,85.96,23.61,30.5,9200.0,697.0
2025-07-04,Brazil,Itaqui,Haldia,Panamax,Iron Ore,21639.54,580.39,120.7,88.91,30.81,25.89,9200.0,697.0
2025-07-11,Brazil,Itaqui,Haldia,Panamax,Iron Ore,21706.03,580.91,120.842,81.7,35.62,28.1,9200.0,697.0
2025-07-18,Brazil,Itaqui,Haldia,Panamax,Iron Ore,21742.85,580.77,121.048,79.92,12.76,37.55,9200.0,697.0
2025-07-25,Brazil,Itaqui,Haldia,Panamax,Iron Ore,21962.2,580.35,121.223,80.0,27.3,33.11,9200.0,697.0
2025-08-01,Brazil,Itaqui,Haldia,Panamax,Iron Ore,20672.83,563.36,116.239,85.32,24.03,31.66,9200.0,697.0
2025-08-08,Brazil,Itaqui,Haldia,Panamax,Iron Ore,20559.4,564.22,116.402,86.92,41.01,44.96,9200.0,697.0
2025-08-15,Brazil,Itaqui,Haldia,Panamax,Iron Ore,20251.16,563.54,116.552,78.35,25.29,39.03,9200.0,697.0
2025-08-22,Brazil,Itaqui,Haldia,Panamax,Iron Ore,19738.63,563.04,116.689,79.28,22.04,30.46,9200.0,697.0
2025-08-29,Brazil,Itaqui,Haldia,Panamax,Iron Ore,20458.01,563.86,116.796,85.18,39.46,42.45,9200.0,697.0
2025-09-05,Brazil,Itaqui,Haldia,Panamax,Iron Ore,20948.3,551.41,113.114,82.04,25.55,48.94,9200.0,697.0
2025-09-12,Brazil,Itaqui,Haldia,Panamax,Iron Ore,20469.42,551.52,113.273,88.08,32.93,41.11,9200.0,697.0
2025-09-19,Brazil,Itaqui,Haldia,Panamax,Iron Ore,21248.77,551.47,113.419,93.43,37.18,41.06,9200.0,697.0
2025-09-26,Brazil,Itaqui,Haldia,Panamax,Iron Ore,21627.27,551.78,113.621,90.76,26.69,40.65,9200.0,697.0
2025-10-03,Brazil,Itaqui,Haldia,Panamax,Iron Ore,22982.04,547.61,112.37,79.1,38.1,37.1,9200.0,697.0
2025-10-10,Brazil,Itaqui,Haldia,Panamax,Iron Ore,23552.52,548.11,112.523,82.78,36.47,34.33,9200.0,697.0
2025-10-17,Brazil,Itaqui,Haldia,Panamax,Iron Ore,22638.85,549.56,112.722,83.75,34.0,34.85,9200.0,697.0
2025-10-24,Brazil,Itaqui,Haldia,Panamax,Iron Ore,21121.56,549.07,112.875,85.97,22.47,34.97,9200.0,697.0
2025-10-31,Brazil,Itaqui,Haldia,Panamax,Iron Ore,21536.96,551.01,113.111,88.5,31.95,31.91,9200.0,697.0
2025-11-07,Brazil,Itaqui,Haldia,Panamax,Iron Ore,21865.43,555.99,114.727,87.86,31.99,43.55,9200.0,697.0
2025-11-14,Brazil,Itaqui,Haldia,Panamax,Iron Ore,21848.93,556.79,114.869,91.03,24.78,38.03,9200.0,697.0
2025-11-21,Brazil,Itaqui,Haldia,Panamax,Iron Ore,21142.29,557.25,115.01,89.64,29.17,32.28,9200.0,697.0
2025-11-28,Brazil,Itaqui,Haldia,Panamax,Iron Ore,21397.09,557.34,115.167,88.86,27.41,46.24,9200.0,697.0
2025-12-05,Brazil,Itaqui,Haldia,Panamax,Iron Ore,21829.94,570.38,119.179,79.5,15.08,39.34,9200.0,697.0
2025-12-12,Brazil,Itaqui,Haldia,Panamax,Iron Ore,22168.6,569.95,119.268,82.96,32.11,43.94,9200.0,697.0
2025-12-19,Brazil,Itaqui,Haldia,Panamax,Iron Ore,22813.6,571.27,119.494,80.63,38.65,32.65,9200.0,697.0
2025-12-26,Brazil,Itaqui,Haldia,Panamax,Iron Ore,22368.91,571.74,119.623,76.6,5.33,41.1,9200.0,697.0
2026-01-02,Brazil,Itaqui,Haldia,Panamax,Iron Ore,22087.28,590.07,125.104,75.07,36.23,43.3,9200.0,697.0
2026-01-09,Brazil,Itaqui,Haldia,Panamax,Iron Ore,21494.65,590.75,125.166,81.34,21.17,31.57,9200.0,697.0
2026-01-16,Brazil,Itaqui,Haldia,Panamax,Iron Ore,20842.66,592.22,125.356,83.64,21.72,30.62,9200.0,697.0
2026-01-23,Brazil,Itaqui,Haldia,Panamax,Iron Ore,20008.8,592.95,125.509,88.26,32.75,35.17,9200.0,697.0
2026-01-30,Brazil,Itaqui,Haldia,Panamax,Iron Ore,20488.01,593.53,125.692,81.18,27.31,32.85,9200.0,697.0
2026-02-06,Brazil,Itaqui,Haldia,Panamax,Iron Ore,20169.25,611.69,131.166,78.95,23.14,43.82,9200.0,697.0
2026-02-13,Brazil,Itaqui,Haldia,Panamax,Iron Ore,20654.23,611.21,131.281,83.77,33.43,35.71,9200.0,697.0
2026-02-20,Brazil,Itaqui,Haldia,Panamax,Iron Ore,20338.98,612.26,131.417,77.65,28.76,38.51,9200.0,697.0
2026-02-27,Brazil,Itaqui,Haldia,Panamax,Iron Ore,19901.93,612.34,131.637,88.38,34.2,43.91,9200.0,697.0
2026-03-06,Brazil,Itaqui,Haldia,Panamax,Iron Ore,21396.19,624.88,135.723,95.45,35.99,44.63,9200.0,697.0
2026-03-13,Brazil,Itaqui,Haldia,Panamax,Iron Ore,20923.41,623.93,135.977,88.49,34.93,36.72,9200.0,697.0
2026-03-20,Brazil,Itaqui,Haldia,Panamax,Iron Ore,21398.79,623.76,136.192,87.06,38.43,38.75,9200.0,697.0
2026-03-27,Brazil,Itaqui,Haldia,Panamax,Iron Ore,21211.61,624.36,136.404,78.9,26.33,53.58,9200.0,697.0
2026-04-03,Brazil,Itaqui,Haldia,Panamax,Iron Ore,22452.87,630.3,138.054,82.46,34.63,47.23,9200.0,697.0
2026-04-10,Brazil,Itaqui,Haldia,Panamax,Iron Ore,22534.76,630.93,138.323,78.77,25.59,36.02,9200.0,697.0
2026-04-17,Brazil,Itaqui,Haldia,Panamax,Iron Ore,23103.21,630.89,138.427,76.92,13.94,43.76,9200.0,697.0
2026-04-24,Brazil,Itaqui,Haldia,Panamax,Iron Ore,22745.76,631.84,138.581,80.19,37.95,33.06,9200.0,697.0
2026-05-01,Brazil,Itaqui,Haldia,Panamax,Iron Ore,23071.39,627.4,137.284,84.99,24.03,40.04,9200.0,697.0
2026-05-08,Brazil,Itaqui,Haldia,Panamax,Iron Ore,23715.09,628.03,137.541,84.26,34.43,44.97,9200.0,697.0
2026-05-15,Brazil,Itaqui,Haldia,Panamax,Iron Ore,23117.39,628.03,137.663,81.4,43.76,35.14,9200.0,697.0
2026-05-22,Brazil,Itaqui,Haldia,Panamax,Iron Ore,22564.67,628.23,137.866,87.42,23.75,52.56,9200.0,697.0
2026-05-29,Brazil,Itaqui,Haldia,Panamax,Iron Ore,22464.06,629.73,138.111,81.03,25.11,40.68,9200.0,697.0
2026-06-05,Brazil,Itaqui,Haldia,Panamax,Iron Ore,20631.52,617.53,134.352,92.81,33.56,43.13,9200.0,697.0
2026-06-12,Brazil,Itaqui,Haldia,Panamax,Iron Ore,20712.44,618.21,134.51,86.66,23.53,22.72,9200.0,697.0
2026-06-19,Brazil,Itaqui,Haldia,Panamax,Iron Ore,21097.36,618.08,134.752,85.02,29.49,35.67,9200.0,697.0
2026-06-26,Brazil,Itaqui,Haldia,Panamax,Iron Ore,21701.03,618.4,135.023,90.17,31.74,42.06,9200.0,697.0
2026-07-03,Brazil,Itaqui,Haldia,Panamax,Iron Ore,20906.7,601.57,129.684,89.91,48.92,30.51,9200.0,697.0
2026-07-10,Brazil,Itaqui,Haldia,Panamax,Iron Ore,20531.41,601.02,129.969,95.51,42.81,40.25,9200.0,697.0
2026-07-17,Brazil,Itaqui,Haldia,Panamax,Iron Ore,20215.83,601.11,130.204,94.46,35.34,32.55,9200.0,697.0
2026-07-24,Brazil,Itaqui,Haldia,Panamax,Iron Ore,20512.63,602.42,130.401,97.13,40.72,46.52,9200.0,697.0
2026-07-31,Brazil,Itaqui,Haldia,Panamax,Iron Ore,20118.2,602.02,130.602,99.0,32.32,34.25,9200.0,697.0
2026-08-07,Brazil,Itaqui,Haldia,Panamax,Iron Ore,18822.57,584.19,125.218,97.66,36.97,34.88,9200.0,697.0
2026-08-14,Brazil,Itaqui,Haldia,Panamax,Iron Ore,19374.33,584.71,125.37,96.44,28.75,39.5,9200.0,697.0
2026-08-21,Brazil,Itaqui,Haldia,Panamax,Iron Ore,19282.25,585.47,125.56,91.62,20.49,34.74,9200.0,697.0
2026-08-28,Brazil,Itaqui,Haldia,Panamax,Iron Ore,19333.78,585.48,125.753,84.51,46.32,34.27,9200.0,697.0
2026-09-04,Brazil,Itaqui,Haldia,Panamax,Iron Ore,20683.59,572.21,121.815,82.86,37.25,42.8,9200.0,697.0
2026-09-11,Brazil,Itaqui,Haldia,Panamax,Iron Ore,21245.97,571.78,122.068,76.66,33.26,46.12,9200.0,697.0
2026-09-18,Brazil,Itaqui,Haldia,Panamax,Iron Ore,21234.95,572.1,122.256,71.5,24.07,47.69,9200.0,697.0
2026-09-25,Brazil,Itaqui,Haldia,Panamax,Iron Ore,22193.66,572.51,122.483,77.28,20.04,34.26,9200.0,697.0
2023-01-06,Russia,Murmansk,Visakhapatnam,Capesize,Coal,29121.09,519.44,99.953,10.0,18.68,41.07,9800.0,742.4
2023-01-13,Russia,Murmansk,Visakhapatnam,Capesize,Coal,30090.5,520.28,100.181,5.0,20.28,29.44,9800.0,742.4
2023-01-20,Russia,Murmansk,Visakhapatnam,Capesize,Coal,29969.15,521.33,100.291,5.0,19.74,38.98,9800.0,742.4
2023-01-27,Russia,Murmansk,Visakhapatnam,Capesize,Coal,29786.04,521.82,100.457,5.0,9.24,37.17,9800.0,742.4
2023-02-03,Russia,Murmansk,Visakhapatnam,Capesize,Coal,28639.41,537.32,104.842,5.0,28.4,30.9,9800.0,742.4
2023-02-10,Russia,Murmansk,Visakhapatnam,Capesize,Coal,28531.91,538.13,104.936,5.0,20.64,46.64,9800.0,742.4
2023-02-17,Russia,Murmansk,Visakhapatnam,Capesize,Coal,27965.52,538.09,105.124,5.0,17.87,40.96,9800.0,742.4
2023-02-24,Russia,Murmansk,Visakhapatnam,Capesize,Coal,28083.34,537.62,105.273,5.0,11.76,38.4,9800.0,742.4
2023-03-03,Russia,Murmansk,Visakhapatnam,Capesize,Coal,28870.92,550.04,108.663,5.0,7.79,51.2,9800.0,742.4
2023-03-10,Russia,Murmansk,Visakhapatnam,Capesize,Coal,29669.5,550.18,108.807,5.71,28.41,37.13,9800.0,742.4
2023-03-17,Russia,Murmansk,Visakhapatnam,Capesize,Coal,29107.24,550.8,108.961,5.0,11.57,43.67,9800.0,742.4
2023-03-24,Russia,Murmansk,Visakhapatnam,Capesize,Coal,30193.17,551.13,109.087,5.0,27.91,37.86,9800.0,742.4
2023-03-31,Russia,Murmansk,Visakhapatnam,Capesize,Coal,28603.74,551.86,109.273,5.0,3.0,47.2,9800.0,742.4
2023-04-07,Russia,Murmansk,Visakhapatnam,Capesize,Coal,30653.32,556.7,110.633,9.34,15.27,38.69,9800.0,742.4
2023-04-14,Russia,Murmansk,Visakhapatnam,Capesize,Coal,30858.42,557.28,110.782,6.7,14.65,43.95,9800.0,742.4
2023-04-21,Russia,Murmansk,Visakhapatnam,Capesize,Coal,30471.87,557.72,110.927,7.3,16.78,47.62,9800.0,742.4
2023-04-28,Russia,Murmansk,Visakhapatnam,Capesize,Coal,30334.67,557.74,111.121,14.01,23.2,32.41,9800.0,742.4
2023-05-05,Russia,Murmansk,Visakhapatnam,Capesize,Coal,31581.37,554.54,110.187,6.64,6.9,35.86,9800.0,742.4
2023-05-12,Russia,Murmansk,Visakhapatnam,Capesize,Coal,29619.48,555.82,110.331,35.32,30.12,38.82,9800.0,742.4
2023-05-19,Russia,Murmansk,Visakhapatnam,Capesize,Coal,27801.01,556.04,110.489,46.61,37.66,44.39,9800.0,742.4
2023-05-26,Russia,Murmansk,Visakhapatnam,Capesize,Coal,28402.56,556.56,110.636,52.15,40.0,36.47,9800.0,742.4
2023-06-02,Russia,Murmansk,Visakhapatnam,Capesize,Coal,26773.08,545.41,107.547,73.9,52.99,34.22,9800.0,742.4
2023-06-09,Russia,Murmansk,Visakhapatnam,Capesize,Coal,26536.7,545.93,107.673,81.79,46.56,43.69,9800.0,742.4
2023-06-16,Russia,Murmansk,Visakhapatnam,Capesize,Coal,27723.57,545.73,107.857,77.31,49.35,55.61,9800.0,742.4
2023-06-23,Russia,Murmansk,Visakhapatnam,Capesize,Coal,28724.36,546.48,108.051,60.62,33.63,37.8,9800.0,742.4
2023-06-30,Russia,Murmansk,Visakhapatnam,Capesize,Coal,28628.09,546.8,108.217,66.99,42.79,27.43,9800.0,742.4
2023-07-07,Russia,Murmansk,Visakhapatnam,Capesize,Coal,25139.91,532.29,103.935,81.49,46.76,31.25,9800.0,742.4
2023-07-14,Russia,Murmansk,Visakhapatnam,Capesize,Coal,25607.42,533.63,104.072,86.25,54.18,44.93,9800.0,742.4
2023-07-21,Russia,Murmansk,Visakhapatnam,Capesize,Coal,25726.49,533.88,104.234,99.0,62.23,30.76,9800.0,742.4
2023-07-28,Russia,Murmansk,Visakhapatnam,Capesize,Coal,27039.51,534.23,104.435,80.58,44.46,33.47,9800.0,742.4
2023-08-04,Russia,Murmansk,Visakhapatnam,Capesize,Coal,26993.01,519.06,100.091,63.04,42.01,35.05,9800.0,742.4
2023-08-11,Russia,Murmansk,Visakhapatnam,Capesize,Coal,26766.71,519.47,100.282,52.58,50.18,42.86,9800.0,742.4
2023-08-18,Russia,Murmansk,Visakhapatnam,Capesize,Coal,28062.99,520.39,100.464,71.76,46.4,35.77,9800.0,742.4
2023-08-25,Russia,Murmansk,Visakhapatnam,Capesize,Coal,28668.16,520.38,100.59,64.94,38.25,32.42,9800.0,742.4
2023-09-01,Russia,Murmansk,Visakhapatnam,Capesize,Coal,29097.03,509.19,97.473,68.28,57.59,36.7,9800.0,742.4
2023-09-08,Russia,Murmansk,Visakhapatnam,Capesize,Coal,27693.82,510.0,97.607,64.8,47.44,40.68,9800.0,742.4
2023-09-15,Russia,Murmansk,Visakhapatnam,Capesize,Coal,27071.06,510.38,97.757,63.83,35.52,34.07,9800.0,742.4
2023-09-22,Russia,Murmansk,Visakhapatnam,Capesize,Coal,27134.9,510.84,97.906,82.37,45.29,42.22,9800.0,742.4
2023-09-29,Russia,Murmansk,Visakhapatnam,Capesize,Coal,26325.29,511.63,98.025,81.47,47.9,41.72,9800.0,742.4
2023-10-06,Russia,Murmansk,Visakhapatnam,Capesize,Coal,28977.27,508.2,97.005,64.68,51.66,42.08,9800.0,742.4
2023-10-13,Russia,Murmansk,Visakhapatnam,Capesize,Coal,28846.58,508.88,97.232,56.12,26.02,39.4,9800.0,742.4
2023-10-20,Russia,Murmansk,Visakhapatnam,Capesize,Coal,28328.31,509.12,97.428,61.57,35.83,37.24,9800.0,742.4
2023-10-27,Russia,Murmansk,Visakhapatnam,Capesize,Coal,27728.45,509.52,97.6,51.04,38.5,42.29,9800.0,742.4
2023-11-03,Russia,Murmansk,Visakhapatnam,Capesize,Coal,30487.73,514.1,98.945,43.48,40.68,32.99,9800.0,742.4
2023-11-10,Russia,Murmansk,Visakhapatnam,Capesize,Coal,30861.84,514.58,99.043,47.17,26.34,42.85,9800.0,742.4
2023-11-17,Russia,Murmansk,Visakhapatnam,Capesize,Coal,30108.98,515.08,99.222,53.76,26.79,32.63,9800.0,742.4
2023-11-24,Russia,Murmansk,Visakhapatnam,Capesize,Coal,29295.88,514.17,99.396,46.45,35.71,47.06,9800.0,742.4
2023-12-01,Russia,Murmansk,Visakhapatnam,Capesize,Coal,27982.71,527.15,102.902,45.42,38.81,45.74,9800.0,742.4
2023-12-08,Russia,Murmansk,Visakhapatnam,Capesize,Coal,30078.05,527.21,103.013,40.73,44.4,41.06,9800.0,742.4
2023-12-15,Russia,Murmansk,Visakhapatnam,Capesize,Coal,30461.34,527.02,103.146,30.17,29.23,35.87,9800.0,742.4
2023-12-22,Russia,Murmansk,Visakhapatnam,Capesize,Coal,31287.75,527.39,103.305,36.98,41.49,36.81,9800.0,742.4
2023-12-29,Russia,Murmansk,Visakhapatnam,Capesize,Coal,29726.48,527.45,103.441,44.7,25.31,37.22,9800.0,742.4
2024-01-05,Russia,Murmansk,Visakhapatnam,Capesize,Coal,30427.83,544.11,108.183,22.82,28.93,38.36,9800.0,742.4
2024-01-12,Russia,Murmansk,Visakhapatnam,Capesize,Coal,30105.54,544.23,108.39,10.79,24.63,36.41,9800.0,742.4
2024-01-19,Russia,Murmansk,Visakhapatnam,Capesize,Coal,30215.85,544.9,108.553,17.21,26.01,36.04,9800.0,742.4
2024-01-26,Russia,Murmansk,Visakhapatnam,Capesize,Coal,30121.01,545.86,108.66,16.28,18.63,33.97,9800.0,742.4
2024-02-02,Russia,Murmansk,Visakhapatnam,Capesize,Coal,27566.47,560.88,113.443,5.0,18.0,33.5,9800.0,742.4
2024-02-09,Russia,Murmansk,Visakhapatnam,Capesize,Coal,28651.9,561.27,113.508,5.0,24.51,39.0,9800.0,742.4
2024-02-16,Russia,Murmansk,Visakhapatnam,Capesize,Coal,29770.81,561.54,113.732,5.0,14.39,47.51,9800.0,742.4
2024-02-23,Russia,Murmansk,Visakhapatnam,Capesize,Coal,30445.4,561.47,113.906,5.0,6.8,29.19,9800.0,742.4
2024-03-01,Russia,Murmansk,Visakhapatnam,Capesize,Coal,34423.05,573.69,117.508,11.35,20.18,40.89,9800.0,742.4
2024-03-08,Russia,Murmansk,Visakhapatnam,Capesize,Coal,33770.18,573.98,117.586,32.97,37.79,25.61,9800.0,742.4
2024-03-15,Russia,Murmansk,Visakhapatnam,Capesize,Coal,34209.34,575.21,117.738,24.43,23.87,43.03,9800.0,742.4
2024-03-22,Russia,Murmansk,Visakhapatnam,Capesize,Coal,33441.85,575.06,117.953,8.83,21.52,38.05,9800.0,742.4
2024-03-29,Russia,Murmansk,Visakhapatnam,Capesize,Coal,32620.05,575.25,117.989,5.0,25.51,37.65,9800.0,742.4
2024-04-05,Russia,Murmansk,Visakhapatnam,Capesize,Coal,35302.44,580.3,119.378,6.23,21.47,52.35,9800.0,742.4
2024-04-12,Russia,Murmansk,Visakhapatnam,Capesize,Coal,35902.73,580.8,119.451,15.5,23.5,44.57,9800.0,742.4
2024-04-19,Russia,Murmansk,Visakhapatnam,Capesize,Coal,35928.47,580.53,119.616,18.46,23.64,38.17,9800.0,742.4
2024-04-26,Russia,Murmansk,Visakhapatnam,Capesize,Coal,36756.78,582.32,119.809,14.98,17.92,47.01,9800.0,742.4
2024-05-03,Russia,Murmansk,Visakhapatnam,Capesize,Coal,38900.11,577.86,118.651,32.13,23.64,36.82,9800.0,742.4
2024-05-10,Russia,Murmansk,Visakhapatnam,Capesize,Coal,39719.11,577.33,118.872,39.99,25.75,44.43,9800.0,742.4
2024-05-17,Russia,Murmansk,Visakhapatnam,Capesize,Coal,39980.33,576.78,119.112,33.99,36.77,51.83,9800.0,742.4
2024-05-24,Russia,Murmansk,Visakhapatnam,Capesize,Coal,39401.86,577.82,119.319,33.5,35.66,50.69,9800.0,742.4
2024-05-31,Russia,Murmansk,Visakhapatnam,Capesize,Coal,39113.88,577.43,119.443,36.59,31.38,38.25,9800.0,742.4
2024-06-07,Russia,Murmansk,Visakhapatnam,Capesize,Coal,37667.62,566.46,116.203,54.96,50.6,31.72,9800.0,742.4
2024-06-14,Russia,Murmansk,Visakhapatnam,Capesize,Coal,36509.71,566.7,116.424,33.62,34.77,34.24,9800.0,742.4
2024-06-21,Russia,Murmansk,Visakhapatnam,Capesize,Coal,36272.48,566.87,116.559,48.66,36.95,44.3,9800.0,742.4
2024-06-28,Russia,Murmansk,Visakhapatnam,Capesize,Coal,36453.22,567.45,116.755,43.17,37.12,30.49,9800.0,742.4
2024-07-05,Russia,Murmansk,Visakhapatnam,Capesize,Coal,31961.55,551.08,112.143,61.83,43.73,37.72,9800.0,742.4
2024-07-12,Russia,Murmansk,Visakhapatnam,Capesize,Coal,30205.7,551.81,112.386,65.56,47.27,35.28,9800.0,742.4
2024-07-19,Russia,Murmansk,Visakhapatnam,Capesize,Coal,30884.91,552.63,112.618,57.82,45.49,25.48,9800.0,742.4
2024-07-26,Russia,Murmansk,Visakhapatnam,Capesize,Coal,30260.89,553.89,112.737,41.62,31.18,34.79,9800.0,742.4
2024-08-02,Russia,Murmansk,Visakhapatnam,Capesize,Coal,30240.41,537.93,108.097,33.08,24.61,35.86,9800.0,742.4
2024-08-09,Russia,Murmansk,Visakhapatnam,Capesize,Coal,28356.91,538.93,108.291,43.94,23.72,44.61,9800.0,742.4
2024-08-16,Russia,Murmansk,Visakhapatnam,Capesize,Coal,30311.71,538.68,108.429,23.6,34.7,41.44,9800.0,742.4
2024-08-23,Russia,Murmansk,Visakhapatnam,Capesize,Coal,30137.65,538.21,108.63,5.0,23.47,36.42,9800.0,742.4
2024-08-30,Russia,Murmansk,Visakhapatnam,Capesize,Coal,29312.45,538.54,108.875,18.26,19.58,42.78,9800.0,742.4
2024-09-06,Russia,Murmansk,Visakhapatnam,Capesize,Coal,29760.03,526.33,105.496,12.91,18.89,46.83,9800.0,742.4
2024-09-13,Russia,Murmansk,Visakhapatnam,Capesize,Coal,28804.21,526.75,105.559,31.03,28.42,55.45,9800.0,742.4
2024-09-20,Russia,Murmansk,Visakhapatnam,Capesize,Coal,29472.65,527.35,105.712,11.84,23.9,34.84,9800.0,742.4
2024-09-27,Russia,Murmansk,Visakhapatnam,Capesize,Coal,30048.48,528.52,105.961,16.63,26.64,34.39,9800.0,742.4
2024-10-04,Russia,Murmansk,Visakhapatnam,Capesize,Coal,33245.09,525.36,104.828,5.0,13.72,38.0,9800.0,742.4
2024-10-11,Russia,Murmansk,Visakhapatnam,Capesize,Coal,32874.53,525.17,104.937,5.0,4.91,37.44,9800.0,742.4
2024-10-18,Russia,Murmansk,Visakhapatnam,Capesize,Coal,31862.67,524.63,105.099,9.78,23.64,45.18,9800.0,742.4
2024-10-25,Russia,Murmansk,Visakhapatnam,Capesize,Coal,30822.45,524.91,105.193,11.0,21.01,47.11,9800.0,742.4
2024-11-01,Russia,Murmansk,Visakhapatnam,Capesize,Coal,32199.12,530.26,106.64,6.71,7.01,43.6,9800.0,742.4
2024-11-08,Russia,Murmansk,Visakhapatnam,Capesize,Coal,31530.7,531.01,106.817,13.5,28.35,33.18,9800.0,742.4
2024-11-15,Russia,Murmansk,Visakhapatnam,Capesize,Coal,32892.96,531.08,107.0,16.64,27.74,38.46,9800.0,742.4
2024-11-22,Russia,Murmansk,Visakhapatnam,Capesize,Coal,32732.92,531.54,107.099,20.61,31.82,43.45,9800.0,742.4
2024-11-29,Russia,Murmansk,Visakhapatnam,Capesize,Coal,31521.09,531.3,107.256,24.22,11.56,42.79,9800.0,742.4
2024-12-06,Russia,Murmansk,Visakhapatnam,Capesize,Coal,30823.12,544.72,110.972,5.0,15.26,37.62,9800.0,742.4
2024-12-13,Russia,Murmansk,Visakhapatnam,Capesize,Coal,31979.17,545.5,111.069,5.0,20.3,42.27,9800.0,742.4
2024-12-20,Russia,Murmansk,Visakhapatnam,Capesize,Coal,32892.85,545.41,111.28,5.0,17.68,40.36,9800.0,742.4
2024-12-27,Russia,Murmansk,Visakhapatnam,Capesize,Coal,32346.19,545.35,111.403,5.0,15.23,37.07,9800.0,742.4
2025-01-03,Russia,Murmansk,Visakhapatnam,Capesize,Coal,31090.1,562.67,116.466,12.85,30.61,35.25,9800.0,742.4
2025-01-10,Russia,Murmansk,Visakhapatnam,Capesize,Coal,31557.83,564.21,116.576,23.37,35.18,32.4,9800.0,742.4
2025-01-17,Russia,Murmansk,Visakhapatnam,Capesize,Coal,32063.67,564.36,116.642,8.42,12.35,35.35,9800.0,742.4
2025-01-24,Russia,Murmansk,Visakhapatnam,Capesize,Coal,31896.97,564.76,116.896,8.66,25.38,36.2,9800.0,742.4
2025-01-31,Russia,Murmansk,Visakhapatnam,Capesize,Coal,33055.52,564.98,117.171,24.94,25.48,27.48,9800.0,742.4
2025-02-07,Russia,Murmansk,Visakhapatnam,Capesize,Coal,31095.46,582.12,122.351,28.24,35.05,36.43,9800.0,742.4
2025-02-14,Russia,Murmansk,Visakhapatnam,Capesize,Coal,30820.92,582.6,122.541,22.92,27.57,37.25,9800.0,742.4
2025-02-21,Russia,Murmansk,Visakhapatnam,Capesize,Coal,30130.93,582.52,122.748,23.31,18.27,35.31,9800.0,742.4
2025-02-28,Russia,Murmansk,Visakhapatnam,Capesize,Coal,30582.79,583.03,122.945,34.88,25.61,37.68,9800.0,742.4
2025-03-07,Russia,Murmansk,Visakhapatnam,Capesize,Coal,32187.38,595.82,126.87,28.14,32.3,45.79,9800.0,742.4
2025-03-14,Russia,Murmansk,Visakhapatnam,Capesize,Coal,32192.33,596.01,127.049,43.3,34.41,46.73,9800.0,742.4
2025-03-21,Russia,Murmansk,Visakhapatnam,Capesize,Coal,31759.93,597.42,127.153,37.37,34.58,36.13,9800.0,742.4
2025-03-28,Russia,Murmansk,Visakhapatnam,Capesize,Coal,30629.56,598.46,127.253,49.74,37.12,39.06,9800.0,742.4
2025-04-04,Russia,Murmansk,Visakhapatnam,Capesize,Coal,31103.09,602.6,128.664,57.61,47.82,39.16,9800.0,742.4
2025-04-11,Russia,Murmansk,Visakhapatnam,Capesize,Coal,30109.75,602.95,128.854,70.64,48.97,42.09,9800.0,742.4
2025-04-18,Russia,Murmansk,Visakhapatnam,Capesize,Coal,29660.12,603.34,128.987,69.14,40.88,60.25,9800.0,742.4
2025-04-25,Russia,Murmansk,Visakhapatnam,Capesize,Coal,29678.49,604.73,129.167,62.52,34.78,39.83,9800.0,742.4
2025-05-02,Russia,Murmansk,Visakhapatnam,Capesize,Coal,31191.9,601.49,127.919,74.15,42.73,30.18,9800.0,742.4
2025-05-09,Russia,Murmansk,Visakhapatnam,Capesize,Coal,32079.58,601.84,128.075,54.15,42.98,42.36,9800.0,742.4
2025-05-16,Russia,Murmansk,Visakhapatnam,Capesize,Coal,31998.23,602.97,128.335,34.16,24.01,43.84,9800.0,742.4
2025-05-23,Russia,Murmansk,Visakhapatnam,Capesize,Coal,32749.71,603.92,128.527,33.99,34.63,39.14,9800.0,742.4
2025-05-30,Russia,Murmansk,Visakhapatnam,Capesize,Coal,32310.56,604.3,128.698,35.85,20.63,41.27,9800.0,742.4
2025-06-06,Russia,Murmansk,Visakhapatnam,Capesize,Coal,32025.26,592.35,125.199,35.77,31.9,43.5,9800.0,742.4
2025-06-13,Russia,Murmansk,Visakhapatnam,Capesize,Coal,30899.05,593.53,125.294,48.59,29.83,43.61,9800.0,742.4
2025-06-20,Russia,Murmansk,Visakhapatnam,Capesize,Coal,30844.49,595.44,125.535,60.66,47.21,23.87,9800.0,742.4
2025-06-27,Russia,Murmansk,Visakhapatnam,Capesize,Coal,30934.59,596.43,125.688,50.07,43.48,30.5,9800.0,742.4
2025-07-04,Russia,Murmansk,Visakhapatnam,Capesize,Coal,28394.49,580.39,120.7,40.96,24.8,25.89,9800.0,742.4
2025-07-11,Russia,Murmansk,Visakhapatnam,Capesize,Coal,29340.69,580.91,120.842,32.19,30.84,28.1,9800.0,742.4
2025-07-18,Russia,Murmansk,Visakhapatnam,Capesize,Coal,29068.93,580.77,121.048,36.53,38.25,37.55,9800.0,742.4
2025-07-25,Russia,Murmansk,Visakhapatnam,Capesize,Coal,27794.6,580.35,121.223,26.42,19.86,33.11,9800.0,742.4
2025-08-01,Russia,Murmansk,Visakhapatnam,Capesize,Coal,27266.39,563.36,116.239,40.64,28.93,31.66,9800.0,742.4
2025-08-08,Russia,Murmansk,Visakhapatnam,Capesize,Coal,28167.23,564.22,116.402,32.94,29.64,44.96,9800.0,742.4
2025-08-15,Russia,Murmansk,Visakhapatnam,Capesize,Coal,28055.24,563.54,116.552,40.01,31.9,39.03,9800.0,742.4
2025-08-22,Russia,Murmansk,Visakhapatnam,Capesize,Coal,26926.59,563.04,116.689,26.25,30.59,30.46,9800.0,742.4
2025-08-29,Russia,Murmansk,Visakhapatnam,Capesize,Coal,27178.28,563.86,116.796,5.0,26.15,42.45,9800.0,742.4
2025-09-05,Russia,Murmansk,Visakhapatnam,Capesize,Coal,27700.77,551.41,113.114,8.06,24.67,48.94,9800.0,742.4
2025-09-12,Russia,Murmansk,Visakhapatnam,Capesize,Coal,28349.84,551.52,113.273,6.98,20.2,41.11,9800.0,742.4
2025-09-19,Russia,Murmansk,Visakhapatnam,Capesize,Coal,29319.32,551.47,113.419,18.81,25.06,41.06,9800.0,742.4
2025-09-26,Russia,Murmansk,Visakhapatnam,Capesize,Coal,29288.42,551.78,113.621,32.24,27.97,40.65,9800.0,742.4
2025-10-03,Russia,Murmansk,Visakhapatnam,Capesize,Coal,31053.51,547.61,112.37,27.68,28.57,37.1,9800.0,742.4
2025-10-10,Russia,Murmansk,Visakhapatnam,Capesize,Coal,31172.18,548.11,112.523,33.74,32.84,34.33,9800.0,742.4
2025-10-17,Russia,Murmansk,Visakhapatnam,Capesize,Coal,31346.4,549.56,112.722,51.38,36.43,34.85,9800.0,742.4
2025-10-24,Russia,Murmansk,Visakhapatnam,Capesize,Coal,31301.48,549.07,112.875,35.43,23.84,34.97,9800.0,742.4
2025-10-31,Russia,Murmansk,Visakhapatnam,Capesize,Coal,31671.7,551.01,113.111,45.46,41.5,31.91,9800.0,742.4
2025-11-07,Russia,Murmansk,Visakhapatnam,Capesize,Coal,33543.93,555.99,114.727,46.25,37.22,43.55,9800.0,742.4
2025-11-14,Russia,Murmansk,Visakhapatnam,Capesize,Coal,33099.45,556.79,114.869,34.4,21.93,38.03,9800.0,742.4
2025-11-21,Russia,Murmansk,Visakhapatnam,Capesize,Coal,34385.18,557.25,115.01,35.32,44.03,32.28,9800.0,742.4
2025-11-28,Russia,Murmansk,Visakhapatnam,Capesize,Coal,34906.56,557.34,115.167,24.72,22.13,46.24,9800.0,742.4
2025-12-05,Russia,Murmansk,Visakhapatnam,Capesize,Coal,35213.68,570.38,119.179,13.12,25.67,39.34,9800.0,742.4
2025-12-12,Russia,Murmansk,Visakhapatnam,Capesize,Coal,34075.16,569.95,119.268,14.56,18.21,43.94,9800.0,742.4
2025-12-19,Russia,Murmansk,Visakhapatnam,Capesize,Coal,32360.19,571.27,119.494,11.75,25.6,32.65,9800.0,742.4
2025-12-26,Russia,Murmansk,Visakhapatnam,Capesize,Coal,32200.53,571.74,119.623,5.0,19.99,41.1,9800.0,742.4
2026-01-02,Russia,Murmansk,Visakhapatnam,Capesize,Coal,30937.21,590.07,125.104,5.0,4.71,43.3,9800.0,742.4
2026-01-09,Russia,Murmansk,Visakhapatnam,Capesize,Coal,32313.14,590.75,125.166,5.0,9.86,31.57,9800.0,742.4
2026-01-16,Russia,Murmansk,Visakhapatnam,Capesize,Coal,34676.81,592.22,125.356,5.0,25.92,30.62,9800.0,742.4
2026-01-23,Russia,Murmansk,Visakhapatnam,Capesize,Coal,35816.92,592.95,125.509,5.0,26.76,35.17,9800.0,742.4
2026-01-30,Russia,Murmansk,Visakhapatnam,Capesize,Coal,34867.67,593.53,125.692,5.0,10.26,32.85,9800.0,742.4
2026-02-06,Russia,Murmansk,Visakhapatnam,Capesize,Coal,34111.53,611.69,131.166,10.9,20.91,43.82,9800.0,742.4
2026-02-13,Russia,Murmansk,Visakhapatnam,Capesize,Coal,34956.88,611.21,131.281,10.07,31.48,35.71,9800.0,742.4
2026-02-20,Russia,Murmansk,Visakhapatnam,Capesize,Coal,35299.12,612.26,131.417,5.0,24.84,38.51,9800.0,742.4
2026-02-27,Russia,Murmansk,Visakhapatnam,Capesize,Coal,35610.37,612.34,131.637,5.0,13.67,43.91,9800.0,742.4
2026-03-06,Russia,Murmansk,Visakhapatnam,Capesize,Coal,34265.95,624.88,135.723,5.0,4.0,44.63,9800.0,742.4
2026-03-13,Russia,Murmansk,Visakhapatnam,Capesize,Coal,36729.6,623.93,135.977,5.0,30.72,36.72,9800.0,742.4
2026-03-20,Russia,Murmansk,Visakhapatnam,Capesize,Coal,36696.99,623.76,136.192,12.2,9.62,38.75,9800.0,742.4
2026-03-27,Russia,Murmansk,Visakhapatnam,Capesize,Coal,35294.8,624.36,136.404,20.21,20.21,53.58,9800.0,742.4
2026-04-03,Russia,Murmansk,Visakhapatnam,Capesize,Coal,38952.94,630.3,138.054,18.76,11.23,47.23,9800.0,742.4
2026-04-10,Russia,Murmansk,Visakhapatnam,Capesize,Coal,39484.93,630.93,138.323,26.05,22.0,36.02,9800.0,742.4
2026-04-17,Russia,Murmansk,Visakhapatnam,Capesize,Coal,39008.97,630.89,138.427,38.74,44.51,43.76,9800.0,742.4
2026-04-24,Russia,Murmansk,Visakhapatnam,Capesize,Coal,39292.4,631.84,138.581,31.46,15.94,33.06,9800.0,742.4
2026-05-01,Russia,Murmansk,Visakhapatnam,Capesize,Coal,41292.77,627.4,137.284,37.16,21.88,40.04,9800.0,742.4
2026-05-08,Russia,Murmansk,Visakhapatnam,Capesize,Coal,40952.47,628.03,137.541,50.37,39.84,44.97,9800.0,742.4
2026-05-15,Russia,Murmansk,Visakhapatnam,Capesize,Coal,40885.53,628.03,137.663,57.1,33.62,35.14,9800.0,742.4
2026-05-22,Russia,Murmansk,Visakhapatnam,Capesize,Coal,39680.21,628.23,137.866,48.72,25.17,52.56,9800.0,742.4
2026-05-29,Russia,Murmansk,Visakhapatnam,Capesize,Coal,39628.96,629.73,138.111,37.58,23.03,40.68,9800.0,742.4
2026-06-05,Russia,Murmansk,Visakhapatnam,Capesize,Coal,37485.21,617.53,134.352,38.08,30.87,43.13,9800.0,742.4
2026-06-12,Russia,Murmansk,Visakhapatnam,Capesize,Coal,38700.89,618.21,134.51,23.61,23.15,22.72,9800.0,742.4
2026-06-19,Russia,Murmansk,Visakhapatnam,Capesize,Coal,34799.32,618.08,134.752,36.07,36.06,35.67,9800.0,742.4
2026-06-26,Russia,Murmansk,Visakhapatnam,Capesize,Coal,33526.93,618.4,135.023,34.15,14.95,42.06,9800.0,742.4
2026-07-03,Russia,Murmansk,Visakhapatnam,Capesize,Coal,30865.47,601.57,129.684,51.81,35.09,30.51,9800.0,742.4
2026-07-10,Russia,Murmansk,Visakhapatnam,Capesize,Coal,31545.1,601.02,129.969,37.49,47.67,40.25,9800.0,742.4
2026-07-17,Russia,Murmansk,Visakhapatnam,Capesize,Coal,30467.61,601.11,130.204,45.35,40.81,32.55,9800.0,742.4
2026-07-24,Russia,Murmansk,Visakhapatnam,Capesize,Coal,29575.27,602.42,130.401,71.19,29.87,46.52,9800.0,742.4
2026-07-31,Russia,Murmansk,Visakhapatnam,Capesize,Coal,31058.97,602.02,130.602,65.68,43.13,34.25,9800.0,742.4
2026-08-07,Russia,Murmansk,Visakhapatnam,Capesize,Coal,29950.5,584.19,125.218,59.57,48.55,34.88,9800.0,742.4
2026-08-14,Russia,Murmansk,Visakhapatnam,Capesize,Coal,30602.11,584.71,125.37,52.46,38.59,39.5,9800.0,742.4
2026-08-21,Russia,Murmansk,Visakhapatnam,Capesize,Coal,30786.4,585.47,125.56,55.66,46.71,34.74,9800.0,742.4
2026-08-28,Russia,Murmansk,Visakhapatnam,Capesize,Coal,30566.57,585.48,125.753,50.98,29.29,34.27,9800.0,742.4
2026-09-04,Russia,Murmansk,Visakhapatnam,Capesize,Coal,31769.36,572.21,121.815,30.9,36.28,42.8,9800.0,742.4
2026-09-11,Russia,Murmansk,Visakhapatnam,Capesize,Coal,31841.37,571.78,122.068,42.29,30.13,46.12,9800.0,742.4
2026-09-18,Russia,Murmansk,Visakhapatnam,Capesize,Coal,32078.12,572.1,122.256,46.66,33.55,47.69,9800.0,742.4
2026-09-25,Russia,Murmansk,Visakhapatnam,Capesize,Coal,31851.07,572.51,122.483,64.11,41.36,34.26,9800.0,742.4
2023-01-06,Russia,Nakhodka,Haldia,Panamax,Coking Coal,18559.42,519.44,99.953,72.0,17.64,41.07,8090.0,612.9
2023-01-13,Russia,Nakhodka,Haldia,Panamax,Coking Coal,17521.07,520.28,100.181,67.29,26.84,29.44,8090.0,612.9
2023-01-20,Russia,Nakhodka,Haldia,Panamax,Coking Coal,17591.01,521.33,100.291,69.86,20.92,38.98,8090.0,612.9
2023-01-27,Russia,Nakhodka,Haldia,Panamax,Coking Coal,17584.43,521.82,100.457,72.92,19.67,37.17,8090.0,612.9
2023-02-03,Russia,Nakhodka,Haldia,Panamax,Coking Coal,16959.9,537.32,104.842,71.33,26.88,30.9,8090.0,612.9
2023-02-10,Russia,Nakhodka,Haldia,Panamax,Coking Coal,17180.1,538.13,104.936,68.72,21.84,46.64,8090.0,612.9
2023-02-17,Russia,Nakhodka,Haldia,Panamax,Coking Coal,17925.51,538.09,105.124,66.16,24.05,40.96,8090.0,612.9
2023-02-24,Russia,Nakhodka,Haldia,Panamax,Coking Coal,17604.97,537.62,105.273,66.91,25.2,38.4,8090.0,612.9
2023-03-03,Russia,Nakhodka,Haldia,Panamax,Coking Coal,18625.01,550.04,108.663,65.88,28.44,51.2,8090.0,612.9
2023-03-10,Russia,Nakhodka,Haldia,Panamax,Coking Coal,18833.13,550.18,108.807,63.81,21.59,37.13,8090.0,612.9
2023-03-17,Russia,Nakhodka,Haldia,Panamax,Coking Coal,19209.16,550.8,108.961,69.08,19.88,43.67,8090.0,612.9
2023-03-24,Russia,Nakhodka,Haldia,Panamax,Coking Coal,19210.74,551.13,109.087,78.21,30.99,37.86,8090.0,612.9
2023-03-31,Russia,Nakhodka,Haldia,Panamax,Coking Coal,19739.17,551.86,109.273,82.36,20.06,47.2,8090.0,612.9
2023-04-07,Russia,Nakhodka,Haldia,Panamax,Coking Coal,21586.43,556.7,110.633,87.52,27.37,38.69,8090.0,612.9
2023-04-14,Russia,Nakhodka,Haldia,Panamax,Coking Coal,22156.73,557.28,110.782,84.83,27.22,43.95,8090.0,612.9
2023-04-21,Russia,Nakhodka,Haldia,Panamax,Coking Coal,22441.1,557.72,110.927,81.55,31.1,47.62,8090.0,612.9
2023-04-28,Russia,Nakhodka,Haldia,Panamax,Coking Coal,21729.01,557.74,111.121,92.34,38.45,32.41,8090.0,612.9
2023-05-05,Russia,Nakhodka,Haldia,Panamax,Coking Coal,22228.61,554.54,110.187,99.0,29.69,35.86,8090.0,612.9
2023-05-12,Russia,Nakhodka,Haldia,Panamax,Coking Coal,22061.68,555.82,110.331,99.0,27.93,38.82,8090.0,612.9
2023-05-19,Russia,Nakhodka,Haldia,Panamax,Coking Coal,22430.74,556.04,110.489,97.07,46.49,44.39,8090.0,612.9
2023-05-26,Russia,Nakhodka,Haldia,Panamax,Coking Coal,22243.7,556.56,110.636,96.65,36.85,36.47,8090.0,612.9
2023-06-02,Russia,Nakhodka,Haldia,Panamax,Coking Coal,21245.03,545.41,107.547,91.92,32.1,34.22,8090.0,612.9
2023-06-09,Russia,Nakhodka,Haldia,Panamax,Coking Coal,19974.67,545.93,107.673,98.49,31.13,43.69,8090.0,612.9
2023-06-16,Russia,Nakhodka,Haldia,Panamax,Coking Coal,19691.51,545.73,107.857,99.0,31.52,55.61,8090.0,612.9
2023-06-23,Russia,Nakhodka,Haldia,Panamax,Coking Coal,20551.45,546.48,108.051,99.0,28.41,37.8,8090.0,612.9
2023-06-30,Russia,Nakhodka,Haldia,Panamax,Coking Coal,21512.95,546.8,108.217,86.11,34.0,27.43,8090.0,612.9
2023-07-07,Russia,Nakhodka,Haldia,Panamax,Coking Coal,20214.21,532.29,103.935,87.05,41.46,31.25,8090.0,612.9
2023-07-14,Russia,Nakhodka,Haldia,Panamax,Coking Coal,20073.45,533.63,104.072,86.27,30.56,44.93,8090.0,612.9
2023-07-21,Russia,Nakhodka,Haldia,Panamax,Coking Coal,19486.75,533.88,104.234,86.17,30.17,30.76,8090.0,612.9
2023-07-28,Russia,Nakhodka,Haldia,Panamax,Coking Coal,19092.46,534.23,104.435,88.42,31.06,33.47,8090.0,612.9
2023-08-04,Russia,Nakhodka,Haldia,Panamax,Coking Coal,19073.41,519.06,100.091,85.03,24.78,35.05,8090.0,612.9
2023-08-11,Russia,Nakhodka,Haldia,Panamax,Coking Coal,19255.89,519.47,100.282,72.66,30.27,42.86,8090.0,612.9
2023-08-18,Russia,Nakhodka,Haldia,Panamax,Coking Coal,19920.11,520.39,100.464,76.81,34.89,35.77,8090.0,612.9
2023-08-25,Russia,Nakhodka,Haldia,Panamax,Coking Coal,19688.62,520.38,100.59,70.7,28.99,32.42,8090.0,612.9
2023-09-01,Russia,Nakhodka,Haldia,Panamax,Coking Coal,20302.1,509.19,97.473,74.53,21.59,36.7,8090.0,612.9
2023-09-08,Russia,Nakhodka,Haldia,Panamax,Coking Coal,19752.37,510.0,97.607,80.43,19.84,40.68,8090.0,612.9
2023-09-15,Russia,Nakhodka,Haldia,Panamax,Coking Coal,19717.9,510.38,97.757,86.95,31.61,34.07,8090.0,612.9
2023-09-22,Russia,Nakhodka,Haldia,Panamax,Coking Coal,18975.58,510.84,97.906,90.02,17.49,42.22,8090.0,612.9
2023-09-29,Russia,Nakhodka,Haldia,Panamax,Coking Coal,19175.3,511.63,98.025,86.57,11.41,41.72,8090.0,612.9
2023-10-06,Russia,Nakhodka,Haldia,Panamax,Coking Coal,20699.33,508.2,97.005,81.34,28.65,42.08,8090.0,612.9
2023-10-13,Russia,Nakhodka,Haldia,Panamax,Coking Coal,20899.16,508.88,97.232,73.97,23.01,39.4,8090.0,612.9
2023-10-20,Russia,Nakhodka,Haldia,Panamax,Coking Coal,21010.27,509.12,97.428,74.42,11.58,37.24,8090.0,612.9
2023-10-27,Russia,Nakhodka,Haldia,Panamax,Coking Coal,21167.34,509.52,97.6,80.17,25.83,42.29,8090.0,612.9
2023-11-03,Russia,Nakhodka,Haldia,Panamax,Coking Coal,22232.63,514.1,98.945,81.7,30.26,32.99,8090.0,612.9
2023-11-10,Russia,Nakhodka,Haldia,Panamax,Coking Coal,20718.83,514.58,99.043,87.11,5.53,42.85,8090.0,612.9
2023-11-17,Russia,Nakhodka,Haldia,Panamax,Coking Coal,20918.87,515.08,99.222,84.16,30.83,32.63,8090.0,612.9
2023-11-24,Russia,Nakhodka,Haldia,Panamax,Coking Coal,20882.46,514.17,99.396,82.34,26.82,47.06,8090.0,612.9
2023-12-01,Russia,Nakhodka,Haldia,Panamax,Coking Coal,20360.55,527.15,102.902,74.95,30.91,45.74,8090.0,612.9
2023-12-08,Russia,Nakhodka,Haldia,Panamax,Coking Coal,20796.11,527.21,103.013,71.01,18.45,41.06,8090.0,612.9
2023-12-15,Russia,Nakhodka,Haldia,Panamax,Coking Coal,20283.07,527.02,103.146,72.95,16.73,35.87,8090.0,612.9
2023-12-22,Russia,Nakhodka,Haldia,Panamax,Coking Coal,20516.27,527.39,103.305,79.77,20.19,36.81,8090.0,612.9
2023-12-29,Russia,Nakhodka,Haldia,Panamax,Coking Coal,20223.34,527.45,103.441,64.96,28.08,37.22,8090.0,612.9
2024-01-05,Russia,Nakhodka,Haldia,Panamax,Coking Coal,20078.73,544.11,108.183,69.44,33.32,38.36,8090.0,612.9
2024-01-12,Russia,Nakhodka,Haldia,Panamax,Coking Coal,20921.31,544.23,108.39,69.45,14.35,36.41,8090.0,612.9
2024-01-19,Russia,Nakhodka,Haldia,Panamax,Coking Coal,21005.67,544.9,108.553,74.29,22.38,36.04,8090.0,612.9
2024-01-26,Russia,Nakhodka,Haldia,Panamax,Coking Coal,21072.59,545.86,108.66,84.55,34.48,33.97,8090.0,612.9
2024-02-02,Russia,Nakhodka,Haldia,Panamax,Coking Coal,20208.12,560.88,113.443,90.56,36.58,33.5,8090.0,612.9
2024-02-09,Russia,Nakhodka,Haldia,Panamax,Coking Coal,19297.21,561.27,113.508,87.38,24.74,39.0,8090.0,612.9
2024-02-16,Russia,Nakhodka,Haldia,Panamax,Coking Coal,19788.92,561.54,113.732,86.6,40.83,47.51,8090.0,612.9
2024-02-23,Russia,Nakhodka,Haldia,Panamax,Coking Coal,19262.33,561.47,113.906,82.67,28.91,29.19,8090.0,612.9
2024-03-01,Russia,Nakhodka,Haldia,Panamax,Coking Coal,19689.5,573.69,117.508,91.47,25.92,40.89,8090.0,612.9
2024-03-08,Russia,Nakhodka,Haldia,Panamax,Coking Coal,19249.14,573.98,117.586,89.62,41.01,25.61,8090.0,612.9
2024-03-15,Russia,Nakhodka,Haldia,Panamax,Coking Coal,20024.46,575.21,117.738,86.24,26.5,43.03,8090.0,612.9
2024-03-22,Russia,Nakhodka,Haldia,Panamax,Coking Coal,20237.49,575.06,117.953,88.14,33.12,38.05,8090.0,612.9
2024-03-29,Russia,Nakhodka,Haldia,Panamax,Coking Coal,19422.72,575.25,117.989,97.58,42.08,37.65,8090.0,612.9
2024-04-05,Russia,Nakhodka,Haldia,Panamax,Coking Coal,20142.2,580.3,119.378,98.23,30.58,52.35,8090.0,612.9
2024-04-12,Russia,Nakhodka,Haldia,Panamax,Coking Coal,19744.72,580.8,119.451,94.2,34.38,44.57,8090.0,612.9
2024-04-19,Russia,Nakhodka,Haldia,Panamax,Coking Coal,20166.69,580.53,119.616,97.94,40.55,38.17,8090.0,612.9
2024-04-26,Russia,Nakhodka,Haldia,Panamax,Coking Coal,20720.68,582.32,119.809,95.97,25.95,47.01,8090.0,612.9
2024-05-03,Russia,Nakhodka,Haldia,Panamax,Coking Coal,22367.19,577.86,118.651,99.0,31.23,36.82,8090.0,612.9
2024-05-10,Russia,Nakhodka,Haldia,Panamax,Coking Coal,22256.63,577.33,118.872,99.0,33.49,44.43,8090.0,612.9
2024-05-17,Russia,Nakhodka,Haldia,Panamax,Coking Coal,22397.39,576.78,119.112,99.0,40.33,51.83,8090.0,612.9
2024-05-24,Russia,Nakhodka,Haldia,Panamax,Coking Coal,23140.44,577.82,119.319,99.0,37.1,50.69,8090.0,612.9
2024-05-31,Russia,Nakhodka,Haldia,Panamax,Coking Coal,22906.54,577.43,119.443,99.0,31.74,38.25,8090.0,612.9
2024-06-07,Russia,Nakhodka,Haldia,Panamax,Coking Coal,22604.51,566.46,116.203,99.0,36.62,31.72,8090.0,612.9
2024-06-14,Russia,Nakhodka,Haldia,Panamax,Coking Coal,22589.73,566.7,116.424,99.0,43.61,34.24,8090.0,612.9
2024-06-21,Russia,Nakhodka,Haldia,Panamax,Coking Coal,22534.14,566.87,116.559,99.0,37.97,44.3,8090.0,612.9
2024-06-28,Russia,Nakhodka,Haldia,Panamax,Coking Coal,22460.6,567.45,116.755,99.0,25.83,30.49,8090.0,612.9
2024-07-05,Russia,Nakhodka,Haldia,Panamax,Coking Coal,20737.14,551.08,112.143,94.01,46.03,37.72,8090.0,612.9
2024-07-12,Russia,Nakhodka,Haldia,Panamax,Coking Coal,20860.8,551.81,112.386,95.57,35.53,35.28,8090.0,612.9
2024-07-19,Russia,Nakhodka,Haldia,Panamax,Coking Coal,20641.79,552.63,112.618,99.0,28.76,25.48,8090.0,612.9
2024-07-26,Russia,Nakhodka,Haldia,Panamax,Coking Coal,19830.78,553.89,112.737,99.0,38.55,34.79,8090.0,612.9
2024-08-02,Russia,Nakhodka,Haldia,Panamax,Coking Coal,18953.2,537.93,108.097,98.57,40.9,35.86,8090.0,612.9
2024-08-09,Russia,Nakhodka,Haldia,Panamax,Coking Coal,18037.88,538.93,108.291,91.84,26.6,44.61,8090.0,612.9
2024-08-16,Russia,Nakhodka,Haldia,Panamax,Coking Coal,17780.72,538.68,108.429,91.66,26.35,41.44,8090.0,612.9
2024-08-23,Russia,Nakhodka,Haldia,Panamax,Coking Coal,17907.42,538.21,108.63,88.57,27.62,36.42,8090.0,612.9
2024-08-30,Russia,Nakhodka,Haldia,Panamax,Coking Coal,17664.06,538.54,108.875,88.91,27.65,42.78,8090.0,612.9
2024-09-06,Russia,Nakhodka,Haldia,Panamax,Coking Coal,18369.07,526.33,105.496,81.01,18.82,46.83,8090.0,612.9
2024-09-13,Russia,Nakhodka,Haldia,Panamax,Coking Coal,18456.66,526.75,105.559,77.58,30.3,55.45,8090.0,612.9
2024-09-20,Russia,Nakhodka,Haldia,Panamax,Coking Coal,18011.62,527.35,105.712,76.4,16.06,34.84,8090.0,612.9
2024-09-27,Russia,Nakhodka,Haldia,Panamax,Coking Coal,18266.78,528.52,105.961,79.43,19.45,34.39,8090.0,612.9
2024-10-04,Russia,Nakhodka,Haldia,Panamax,Coking Coal,20604.61,525.36,104.828,82.31,26.62,38.0,8090.0,612.9
2024-10-11,Russia,Nakhodka,Haldia,Panamax,Coking Coal,20696.1,525.17,104.937,83.56,33.88,37.44,8090.0,612.9
2024-10-18,Russia,Nakhodka,Haldia,Panamax,Coking Coal,20845.82,524.63,105.099,84.21,36.65,45.18,8090.0,612.9
2024-10-25,Russia,Nakhodka,Haldia,Panamax,Coking Coal,20171.71,524.91,105.193,91.62,27.1,47.11,8090.0,612.9
2024-11-01,Russia,Nakhodka,Haldia,Panamax,Coking Coal,21297.64,530.26,106.64,78.61,19.34,43.6,8090.0,612.9
2024-11-08,Russia,Nakhodka,Haldia,Panamax,Coking Coal,21198.62,531.01,106.817,79.28,26.82,33.18,8090.0,612.9
2024-11-15,Russia,Nakhodka,Haldia,Panamax,Coking Coal,21122.89,531.08,107.0,73.58,23.72,38.46,8090.0,612.9
2024-11-22,Russia,Nakhodka,Haldia,Panamax,Coking Coal,21463.3,531.54,107.099,79.15,21.75,43.45,8090.0,612.9
2024-11-29,Russia,Nakhodka,Haldia,Panamax,Coking Coal,20680.54,531.3,107.256,85.05,16.44,42.79,8090.0,612.9
2024-12-06,Russia,Nakhodka,Haldia,Panamax,Coking Coal,20699.65,544.72,110.972,74.27,36.2,37.62,8090.0,612.9
2024-12-13,Russia,Nakhodka,Haldia,Panamax,Coking Coal,20654.18,545.5,111.069,74.67,21.06,42.27,8090.0,612.9
2024-12-20,Russia,Nakhodka,Haldia,Panamax,Coking Coal,20765.43,545.41,111.28,80.78,33.48,40.36,8090.0,612.9
2024-12-27,Russia,Nakhodka,Haldia,Panamax,Coking Coal,20537.46,545.35,111.403,80.75,23.73,37.07,8090.0,612.9
2025-01-03,Russia,Nakhodka,Haldia,Panamax,Coking Coal,19228.09,562.67,116.466,80.93,35.34,35.25,8090.0,612.9
2025-01-10,Russia,Nakhodka,Haldia,Panamax,Coking Coal,19898.63,564.21,116.576,72.59,28.95,32.4,8090.0,612.9
2025-01-17,Russia,Nakhodka,Haldia,Panamax,Coking Coal,18588.79,564.36,116.642,67.86,23.35,35.35,8090.0,612.9
2025-01-24,Russia,Nakhodka,Haldia,Panamax,Coking Coal,19926.8,564.76,116.896,61.51,25.08,36.2,8090.0,612.9
2025-01-31,Russia,Nakhodka,Haldia,Panamax,Coking Coal,19101.97,564.98,117.171,64.21,22.11,27.48,8090.0,612.9
2025-02-07,Russia,Nakhodka,Haldia,Panamax,Coking Coal,19203.2,582.12,122.351,61.89,30.12,36.43,8090.0,612.9
2025-02-14,Russia,Nakhodka,Haldia,Panamax,Coking Coal,19270.1,582.6,122.541,57.14,26.26,37.25,8090.0,612.9
2025-02-21,Russia,Nakhodka,Haldia,Panamax,Coking Coal,19947.97,582.52,122.748,62.69,27.34,35.31,8090.0,612.9
2025-02-28,Russia,Nakhodka,Haldia,Panamax,Coking Coal,19795.45,583.03,122.945,66.72,28.79,37.68,8090.0,612.9
2025-03-07,Russia,Nakhodka,Haldia,Panamax,Coking Coal,20808.7,595.82,126.87,68.27,28.52,45.79,8090.0,612.9
2025-03-14,Russia,Nakhodka,Haldia,Panamax,Coking Coal,19887.69,596.01,127.049,64.97,21.49,46.73,8090.0,612.9
2025-03-21,Russia,Nakhodka,Haldia,Panamax,Coking Coal,19943.15,597.42,127.153,59.76,25.94,36.13,8090.0,612.9
2025-03-28,Russia,Nakhodka,Haldia,Panamax,Coking Coal,20118.91,598.46,127.253,60.78,28.81,39.06,8090.0,612.9
2025-04-04,Russia,Nakhodka,Haldia,Panamax,Coking Coal,21647.04,602.6,128.664,64.27,12.01,39.16,8090.0,612.9
2025-04-11,Russia,Nakhodka,Haldia,Panamax,Coking Coal,22623.78,602.95,128.854,65.72,22.86,42.09,8090.0,612.9
2025-04-18,Russia,Nakhodka,Haldia,Panamax,Coking Coal,22925.31,603.34,128.987,70.91,36.9,60.25,8090.0,612.9
2025-04-25,Russia,Nakhodka,Haldia,Panamax,Coking Coal,21779.14,604.73,129.167,70.47,25.18,39.83,8090.0,612.9
2025-05-02,Russia,Nakhodka,Haldia,Panamax,Coking Coal,22752.15,601.49,127.919,80.52,19.44,30.18,8090.0,612.9
2025-05-09,Russia,Nakhodka,Haldia,Panamax,Coking Coal,22420.31,601.84,128.075,81.38,23.28,42.36,8090.0,612.9
2025-05-16,Russia,Nakhodka,Haldia,Panamax,Coking Coal,22489.56,602.97,128.335,86.5,34.17,43.84,8090.0,612.9
2025-05-23,Russia,Nakhodka,Haldia,Panamax,Coking Coal,21425.48,603.92,128.527,87.17,27.18,39.14,8090.0,612.9
2025-05-30,Russia,Nakhodka,Haldia,Panamax,Coking Coal,22010.18,604.3,128.698,79.83,12.6,41.27,8090.0,612.9
2025-06-06,Russia,Nakhodka,Haldia,Panamax,Coking Coal,21998.87,592.35,125.199,83.21,26.32,43.5,8090.0,612.9
2025-06-13,Russia,Nakhodka,Haldia,Panamax,Coking Coal,22311.8,593.53,125.294,92.51,33.04,43.61,8090.0,612.9
2025-06-20,Russia,Nakhodka,Haldia,Panamax,Coking Coal,23255.48,595.44,125.535,99.0,33.37,23.87,8090.0,612.9
2025-06-27,Russia,Nakhodka,Haldia,Panamax,Coking Coal,23179.5,596.43,125.688,85.96,39.0,30.5,8090.0,612.9
2025-07-04,Russia,Nakhodka,Haldia,Panamax,Coking Coal,19535.15,580.39,120.7,88.91,49.87,25.89,8090.0,612.9
2025-07-11,Russia,Nakhodka,Haldia,Panamax,Coking Coal,19759.55,580.91,120.842,81.7,25.8,28.1,8090.0,612.9
2025-07-18,Russia,Nakhodka,Haldia,Panamax,Coking Coal,19749.59,580.77,121.048,79.92,32.17,37.55,8090.0,612.9
2025-07-25,Russia,Nakhodka,Haldia,Panamax,Coking Coal,19741.28,580.35,121.223,80.0,24.73,33.11,8090.0,612.9
2025-08-01,Russia,Nakhodka,Haldia,Panamax,Coking Coal,18797.22,563.36,116.239,85.32,26.94,31.66,8090.0,612.9
2025-08-08,Russia,Nakhodka,Haldia,Panamax,Coking Coal,19328.1,564.22,116.402,86.92,38.18,44.96,8090.0,612.9
2025-08-15,Russia,Nakhodka,Haldia,Panamax,Coking Coal,19009.52,563.54,116.552,78.35,31.62,39.03,8090.0,612.9
2025-08-22,Russia,Nakhodka,Haldia,Panamax,Coking Coal,19779.35,563.04,116.689,79.28,35.11,30.46,8090.0,612.9
2025-08-29,Russia,Nakhodka,Haldia,Panamax,Coking Coal,18674.2,563.86,116.796,85.18,26.62,42.45,8090.0,612.9
2025-09-05,Russia,Nakhodka,Haldia,Panamax,Coking Coal,19861.79,551.41,113.114,82.04,26.14,48.94,8090.0,612.9
2025-09-12,Russia,Nakhodka,Haldia,Panamax,Coking Coal,19857.8,551.52,113.273,88.08,45.54,41.11,8090.0,612.9
2025-09-19,Russia,Nakhodka,Haldia,Panamax,Coking Coal,19375.35,551.47,113.419,93.43,28.71,41.06,8090.0,612.9
2025-09-26,Russia,Nakhodka,Haldia,Panamax,Coking Coal,19885.09,551.78,113.621,90.76,42.63,40.65,8090.0,612.9
2025-10-03,Russia,Nakhodka,Haldia,Panamax,Coking Coal,21438.38,547.61,112.37,79.1,23.52,37.1,8090.0,612.9
2025-10-10,Russia,Nakhodka,Haldia,Panamax,Coking Coal,21387.97,548.11,112.523,82.78,26.84,34.33,8090.0,612.9
2025-10-17,Russia,Nakhodka,Haldia,Panamax,Coking Coal,22312.93,549.56,112.722,83.75,23.98,34.85,8090.0,612.9
2025-10-24,Russia,Nakhodka,Haldia,Panamax,Coking Coal,22473.28,549.07,112.875,85.97,25.9,34.97,8090.0,612.9
2025-10-31,Russia,Nakhodka,Haldia,Panamax,Coking Coal,23741.78,551.01,113.111,88.5,38.71,31.91,8090.0,612.9
2025-11-07,Russia,Nakhodka,Haldia,Panamax,Coking Coal,23882.56,555.99,114.727,87.86,22.75,43.55,8090.0,612.9
2025-11-14,Russia,Nakhodka,Haldia,Panamax,Coking Coal,24269.26,556.79,114.869,91.03,27.53,38.03,8090.0,612.9
2025-11-21,Russia,Nakhodka,Haldia,Panamax,Coking Coal,24108.11,557.25,115.01,89.64,44.33,32.28,8090.0,612.9
2025-11-28,Russia,Nakhodka,Haldia,Panamax,Coking Coal,23897.58,557.34,115.167,88.86,26.69,46.24,8090.0,612.9
2025-12-05,Russia,Nakhodka,Haldia,Panamax,Coking Coal,24078.75,570.38,119.179,79.5,26.68,39.34,8090.0,612.9
2025-12-12,Russia,Nakhodka,Haldia,Panamax,Coking Coal,23513.28,569.95,119.268,82.96,34.88,43.94,8090.0,612.9
2025-12-19,Russia,Nakhodka,Haldia,Panamax,Coking Coal,23930.11,571.27,119.494,80.63,33.12,32.65,8090.0,612.9
2025-12-26,Russia,Nakhodka,Haldia,Panamax,Coking Coal,24199.42,571.74,119.623,76.6,30.08,41.1,8090.0,612.9
2026-01-02,Russia,Nakhodka,Haldia,Panamax,Coking Coal,23165.11,590.07,125.104,75.07,32.83,43.3,8090.0,612.9
2026-01-09,Russia,Nakhodka,Haldia,Panamax,Coking Coal,23312.17,590.75,125.166,81.34,28.1,31.57,8090.0,612.9
2026-01-16,Russia,Nakhodka,Haldia,Panamax,Coking Coal,23320.91,592.22,125.356,83.64,26.79,30.62,8090.0,612.9
2026-01-23,Russia,Nakhodka,Haldia,Panamax,Coking Coal,22669.5,592.95,125.509,88.26,28.08,35.17,8090.0,612.9
2026-01-30,Russia,Nakhodka,Haldia,Panamax,Coking Coal,21663.11,593.53,125.692,81.18,31.38,32.85,8090.0,612.9
2026-02-06,Russia,Nakhodka,Haldia,Panamax,Coking Coal,21334.6,611.69,131.166,78.95,31.81,43.82,8090.0,612.9
2026-02-13,Russia,Nakhodka,Haldia,Panamax,Coking Coal,21304.33,611.21,131.281,83.77,32.39,35.71,8090.0,612.9
2026-02-20,Russia,Nakhodka,Haldia,Panamax,Coking Coal,21664.63,612.26,131.417,77.65,30.98,38.51,8090.0,612.9
2026-02-27,Russia,Nakhodka,Haldia,Panamax,Coking Coal,21074.3,612.34,131.637,88.38,33.53,43.91,8090.0,612.9
2026-03-06,Russia,Nakhodka,Haldia,Panamax,Coking Coal,21237.2,624.88,135.723,95.45,26.57,44.63,8090.0,612.9
2026-03-13,Russia,Nakhodka,Haldia,Panamax,Coking Coal,21993.82,623.93,135.977,88.49,30.72,36.72,8090.0,612.9
2026-03-20,Russia,Nakhodka,Haldia,Panamax,Coking Coal,21929.99,623.76,136.192,87.06,36.39,38.75,8090.0,612.9
2026-03-27,Russia,Nakhodka,Haldia,Panamax,Coking Coal,21435.51,624.36,136.404,78.9,26.31,53.58,8090.0,612.9
2026-04-03,Russia,Nakhodka,Haldia,Panamax,Coking Coal,23419.2,630.3,138.054,82.46,23.26,47.23,8090.0,612.9
2026-04-10,Russia,Nakhodka,Haldia,Panamax,Coking Coal,23956.32,630.93,138.323,78.77,28.26,36.02,8090.0,612.9
2026-04-17,Russia,Nakhodka,Haldia,Panamax,Coking Coal,23044.03,630.89,138.427,76.92,25.98,43.76,8090.0,612.9
2026-04-24,Russia,Nakhodka,Haldia,Panamax,Coking Coal,22967.66,631.84,138.581,80.19,37.53,33.06,8090.0,612.9
2026-05-01,Russia,Nakhodka,Haldia,Panamax,Coking Coal,23482.39,627.4,137.284,84.99,27.06,40.04,8090.0,612.9
2026-05-08,Russia,Nakhodka,Haldia,Panamax,Coking Coal,23566.76,628.03,137.541,84.26,22.76,44.97,8090.0,612.9
2026-05-15,Russia,Nakhodka,Haldia,Panamax,Coking Coal,23795.64,628.03,137.663,81.4,20.1,35.14,8090.0,612.9
2026-05-22,Russia,Nakhodka,Haldia,Panamax,Coking Coal,24161.45,628.23,137.866,87.42,34.01,52.56,8090.0,612.9
2026-05-29,Russia,Nakhodka,Haldia,Panamax,Coking Coal,24298.76,629.73,138.111,81.03,33.12,40.68,8090.0,612.9
2026-06-05,Russia,Nakhodka,Haldia,Panamax,Coking Coal,24351.02,617.53,134.352,92.81,42.12,43.13,8090.0,612.9
2026-06-12,Russia,Nakhodka,Haldia,Panamax,Coking Coal,24363.11,618.21,134.51,86.66,45.41,22.72,8090.0,612.9
2026-06-19,Russia,Nakhodka,Haldia,Panamax,Coking Coal,24260.22,618.08,134.752,85.02,30.72,35.67,8090.0,612.9
2026-06-26,Russia,Nakhodka,Haldia,Panamax,Coking Coal,23683.69,618.4,135.023,90.17,35.07,42.06,8090.0,612.9
2026-07-03,Russia,Nakhodka,Haldia,Panamax,Coking Coal,20788.45,601.57,129.684,89.91,23.0,30.51,8090.0,612.9
2026-07-10,Russia,Nakhodka,Haldia,Panamax,Coking Coal,21954.25,601.02,129.969,95.51,35.22,40.25,8090.0,612.9
2026-07-17,Russia,Nakhodka,Haldia,Panamax,Coking Coal,22565.03,601.11,130.204,94.46,40.44,32.55,8090.0,612.9
2026-07-24,Russia,Nakhodka,Haldia,Panamax,Coking Coal,21445.51,602.42,130.401,97.13,34.09,46.52,8090.0,612.9
2026-07-31,Russia,Nakhodka,Haldia,Panamax,Coking Coal,21843.28,602.02,130.602,99.0,42.36,34.25,8090.0,612.9
2026-08-07,Russia,Nakhodka,Haldia,Panamax,Coking Coal,21176.71,584.19,125.218,97.66,37.5,34.88,8090.0,612.9
2026-08-14,Russia,Nakhodka,Haldia,Panamax,Coking Coal,20594.56,584.71,125.37,96.44,37.04,39.5,8090.0,612.9
2026-08-21,Russia,Nakhodka,Haldia,Panamax,Coking Coal,21730.12,585.47,125.56,91.62,27.7,34.74,8090.0,612.9
2026-08-28,Russia,Nakhodka,Haldia,Panamax,Coking Coal,22204.07,585.48,125.753,84.51,36.59,34.27,8090.0,612.9
2026-09-04,Russia,Nakhodka,Haldia,Panamax,Coking Coal,22429.6,572.21,121.815,82.86,30.93,42.8,8090.0,612.9
2026-09-11,Russia,Nakhodka,Haldia,Panamax,Coking Coal,23145.25,571.78,122.068,76.66,31.01,46.12,8090.0,612.9
2026-09-18,Russia,Nakhodka,Haldia,Panamax,Coking Coal,22111.22,572.1,122.256,71.5,15.86,47.69,8090.0,612.9
2026-09-25,Russia,Nakhodka,Haldia,Panamax,Coking Coal,21291.56,572.51,122.483,77.28,20.15,34.26,8090.0,612.9
2023-01-06,Russia,Nakhodka,Paradip,Panamax,Coal,19188.41,519.44,99.953,39.0,27.44,41.07,7800.0,590.9
2023-01-13,Russia,Nakhodka,Paradip,Panamax,Coal,18973.33,520.28,100.181,38.99,13.16,29.44,7800.0,590.9
2023-01-20,Russia,Nakhodka,Paradip,Panamax,Coal,18541.73,521.33,100.291,52.94,30.42,38.98,7800.0,590.9
2023-01-27,Russia,Nakhodka,Paradip,Panamax,Coal,19003.98,521.82,100.457,58.74,32.25,37.17,7800.0,590.9
2023-02-03,Russia,Nakhodka,Paradip,Panamax,Coal,18141.55,537.32,104.842,65.68,35.72,30.9,7800.0,590.9
2023-02-10,Russia,Nakhodka,Paradip,Panamax,Coal,17676.81,538.13,104.936,55.75,19.91,46.64,7800.0,590.9
2023-02-17,Russia,Nakhodka,Paradip,Panamax,Coal,17440.33,538.09,105.124,46.12,20.5,40.96,7800.0,590.9
2023-02-24,Russia,Nakhodka,Paradip,Panamax,Coal,18337.96,537.62,105.273,45.4,27.56,38.4,7800.0,590.9
2023-03-03,Russia,Nakhodka,Paradip,Panamax,Coal,19286.43,550.04,108.663,47.25,16.47,51.2,7800.0,590.9
2023-03-10,Russia,Nakhodka,Paradip,Panamax,Coal,18905.77,550.18,108.807,44.76,22.84,37.13,7800.0,590.9
2023-03-17,Russia,Nakhodka,Paradip,Panamax,Coal,17985.37,550.8,108.961,56.04,21.04,43.67,7800.0,590.9
2023-03-24,Russia,Nakhodka,Paradip,Panamax,Coal,18270.71,551.13,109.087,47.25,17.78,37.86,7800.0,590.9
2023-03-31,Russia,Nakhodka,Paradip,Panamax,Coal,18050.78,551.86,109.273,31.29,16.03,47.2,7800.0,590.9
2023-04-07,Russia,Nakhodka,Paradip,Panamax,Coal,19418.52,556.7,110.633,40.92,31.72,38.69,7800.0,590.9
2023-04-14,Russia,Nakhodka,Paradip,Panamax,Coal,19150.0,557.28,110.782,33.57,25.18,43.95,7800.0,590.9
2023-04-21,Russia,Nakhodka,Paradip,Panamax,Coal,18714.33,557.72,110.927,53.9,34.2,47.62,7800.0,590.9
2023-04-28,Russia,Nakhodka,Paradip,Panamax,Coal,18801.36,557.74,111.121,59.98,22.01,32.41,7800.0,590.9
2023-05-05,Russia,Nakhodka,Paradip,Panamax,Coal,19087.86,554.54,110.187,64.13,32.31,35.86,7800.0,590.9
2023-05-12,Russia,Nakhodka,Paradip,Panamax,Coal,19047.77,555.82,110.331,76.4,43.43,38.82,7800.0,590.9
2023-05-19,Russia,Nakhodka,Paradip,Panamax,Coal,19833.71,556.04,110.489,73.94,29.45,44.39,7800.0,590.9
2023-05-26,Russia,Nakhodka,Paradip,Panamax,Coal,21090.82,556.56,110.636,79.99,51.24,36.47,7800.0,590.9
2023-06-02,Russia,Nakhodka,Paradip,Panamax,Coal,20165.0,545.41,107.547,78.28,52.56,34.22,7800.0,590.9
2023-06-09,Russia,Nakhodka,Paradip,Panamax,Coal,19936.05,545.93,107.673,81.62,36.21,43.69,7800.0,590.9
2023-06-16,Russia,Nakhodka,Paradip,Panamax,Coal,20418.42,545.73,107.857,81.02,32.79,55.61,7800.0,590.9
2023-06-23,Russia,Nakhodka,Paradip,Panamax,Coal,21170.75,546.48,108.051,85.73,51.19,37.8,7800.0,590.9
2023-06-30,Russia,Nakhodka,Paradip,Panamax,Coal,21195.46,546.8,108.217,82.25,39.55,27.43,7800.0,590.9
2023-07-07,Russia,Nakhodka,Paradip,Panamax,Coal,18775.91,532.29,103.935,98.94,43.01,31.25,7800.0,590.9
2023-07-14,Russia,Nakhodka,Paradip,Panamax,Coal,19059.44,533.63,104.072,99.0,56.04,44.93,7800.0,590.9
2023-07-21,Russia,Nakhodka,Paradip,Panamax,Coal,19265.25,533.88,104.234,89.66,52.78,30.76,7800.0,590.9
2023-07-28,Russia,Nakhodka,Paradip,Panamax,Coal,19502.14,534.23,104.435,90.53,50.74,33.47,7800.0,590.9
2023-08-04,Russia,Nakhodka,Paradip,Panamax,Coal,18333.3,519.06,100.091,79.66,28.24,35.05,7800.0,590.9
2023-08-11,Russia,Nakhodka,Paradip,Panamax,Coal,20102.07,519.47,100.282,77.85,28.68,42.86,7800.0,590.9
2023-08-18,Russia,Nakhodka,Paradip,Panamax,Coal,19796.07,520.39,100.464,84.8,48.19,35.77,7800.0,590.9
2023-08-25,Russia,Nakhodka,Paradip,Panamax,Coal,20400.11,520.38,100.59,85.29,40.1,32.42,7800.0,590.9
2023-09-01,Russia,Nakhodka,Paradip,Panamax,Coal,20835.77,509.19,97.473,66.96,25.32,36.7,7800.0,590.9
2023-09-08,Russia,Nakhodka,Paradip,Panamax,Coal,20983.14,510.0,97.607,75.78,31.81,40.68,7800.0,590.9
2023-09-15,Russia,Nakhodka,Paradip,Panamax,Coal,21232.97,510.38,97.757,76.31,31.58,34.07,7800.0,590.9
2023-09-22,Russia,Nakhodka,Paradip,Panamax,Coal,20684.34,510.84,97.906,59.94,32.53,42.22,7800.0,590.9
2023-09-29,Russia,Nakhodka,Paradip,Panamax,Coal,20983.25,511.63,98.025,54.8,36.76,41.72,7800.0,590.9
2023-10-06,Russia,Nakhodka,Paradip,Panamax,Coal,22441.68,508.2,97.005,57.93,23.73,42.08,7800.0,590.9
2023-10-13,Russia,Nakhodka,Paradip,Panamax,Coal,22397.55,508.88,97.232,63.35,45.16,39.4,7800.0,590.9
2023-10-20,Russia,Nakhodka,Paradip,Panamax,Coal,22085.27,509.12,97.428,76.14,54.8,37.24,7800.0,590.9
2023-10-27,Russia,Nakhodka,Paradip,Panamax,Coal,22637.86,509.52,97.6,58.46,27.54,42.29,7800.0,590.9
2023-11-03,Russia,Nakhodka,Paradip,Panamax,Coal,23496.87,514.1,98.945,42.07,11.96,32.99,7800.0,590.9
2023-11-10,Russia,Nakhodka,Paradip,Panamax,Coal,23040.75,514.58,99.043,25.73,23.51,42.85,7800.0,590.9
2023-11-17,Russia,Nakhodka,Paradip,Panamax,Coal,23776.33,515.08,99.222,34.61,32.56,32.63,7800.0,590.9
2023-11-24,Russia,Nakhodka,Paradip,Panamax,Coal,22404.34,514.17,99.396,42.86,29.06,47.06,7800.0,590.9
2023-12-01,Russia,Nakhodka,Paradip,Panamax,Coal,21059.97,527.15,102.902,38.5,16.48,45.74,7800.0,590.9
2023-12-08,Russia,Nakhodka,Paradip,Panamax,Coal,20427.72,527.21,103.013,40.91,14.95,41.06,7800.0,590.9
2023-12-15,Russia,Nakhodka,Paradip,Panamax,Coal,19812.31,527.02,103.146,48.78,9.6,35.87,7800.0,590.9
2023-12-22,Russia,Nakhodka,Paradip,Panamax,Coal,20145.05,527.39,103.305,64.05,30.06,36.81,7800.0,590.9
2023-12-29,Russia,Nakhodka,Paradip,Panamax,Coal,19710.62,527.45,103.441,63.96,32.52,37.22,7800.0,590.9
2024-01-05,Russia,Nakhodka,Paradip,Panamax,Coal,19081.09,544.11,108.183,50.78,25.38,38.36,7800.0,590.9
2024-01-12,Russia,Nakhodka,Paradip,Panamax,Coal,19576.23,544.23,108.39,49.6,24.71,36.41,7800.0,590.9
2024-01-19,Russia,Nakhodka,Paradip,Panamax,Coal,20080.42,544.9,108.553,50.07,22.27,36.04,7800.0,590.9
2024-01-26,Russia,Nakhodka,Paradip,Panamax,Coal,21212.51,545.86,108.66,44.95,24.96,33.97,7800.0,590.9
2024-02-02,Russia,Nakhodka,Paradip,Panamax,Coal,20261.3,560.88,113.443,54.09,28.9,33.5,7800.0,590.9
2024-02-09,Russia,Nakhodka,Paradip,Panamax,Coal,19871.62,561.27,113.508,58.03,20.87,39.0,7800.0,590.9
2024-02-16,Russia,Nakhodka,Paradip,Panamax,Coal,20102.62,561.54,113.732,45.17,27.56,47.51,7800.0,590.9
2024-02-23,Russia,Nakhodka,Paradip,Panamax,Coal,19890.7,561.47,113.906,51.66,31.01,29.19,7800.0,590.9
2024-03-01,Russia,Nakhodka,Paradip,Panamax,Coal,19647.49,573.69,117.508,69.36,32.62,40.89,7800.0,590.9
2024-03-08,Russia,Nakhodka,Paradip,Panamax,Coal,19379.94,573.98,117.586,78.17,52.24,25.61,7800.0,590.9
2024-03-15,Russia,Nakhodka,Paradip,Panamax,Coal,19279.02,575.21,117.738,77.28,48.1,43.03,7800.0,590.9
2024-03-22,Russia,Nakhodka,Paradip,Panamax,Coal,19595.94,575.06,117.953,79.5,37.85,38.05,7800.0,590.9
2024-03-29,Russia,Nakhodka,Paradip,Panamax,Coal,19742.44,575.25,117.989,72.98,35.03,37.65,7800.0,590.9
2024-04-05,Russia,Nakhodka,Paradip,Panamax,Coal,21429.08,580.3,119.378,72.45,30.81,52.35,7800.0,590.9
2024-04-12,Russia,Nakhodka,Paradip,Panamax,Coal,21572.8,580.8,119.451,68.59,33.77,44.57,7800.0,590.9
2024-04-19,Russia,Nakhodka,Paradip,Panamax,Coal,21187.82,580.53,119.616,65.38,33.82,38.17,7800.0,590.9
2024-04-26,Russia,Nakhodka,Paradip,Panamax,Coal,21036.0,582.32,119.809,49.36,26.21,47.01,7800.0,590.9
2024-05-03,Russia,Nakhodka,Paradip,Panamax,Coal,22606.38,577.86,118.651,51.93,28.44,36.82,7800.0,590.9
2024-05-10,Russia,Nakhodka,Paradip,Panamax,Coal,23518.11,577.33,118.872,37.65,29.93,44.43,7800.0,590.9
2024-05-17,Russia,Nakhodka,Paradip,Panamax,Coal,24253.26,576.78,119.112,32.87,18.19,51.83,7800.0,590.9
2024-05-24,Russia,Nakhodka,Paradip,Panamax,Coal,24556.88,577.82,119.319,39.11,28.66,50.69,7800.0,590.9
2024-05-31,Russia,Nakhodka,Paradip,Panamax,Coal,23776.25,577.43,119.443,42.46,17.56,38.25,7800.0,590.9
2024-06-07,Russia,Nakhodka,Paradip,Panamax,Coal,22613.04,566.46,116.203,55.51,29.84,31.72,7800.0,590.9
2024-06-14,Russia,Nakhodka,Paradip,Panamax,Coal,22390.97,566.7,116.424,64.95,47.26,34.24,7800.0,590.9
2024-06-21,Russia,Nakhodka,Paradip,Panamax,Coal,22758.4,566.87,116.559,52.23,33.54,44.3,7800.0,590.9
2024-06-28,Russia,Nakhodka,Paradip,Panamax,Coal,23648.64,567.45,116.755,49.71,28.1,30.49,7800.0,590.9
2024-07-05,Russia,Nakhodka,Paradip,Panamax,Coal,20592.59,551.08,112.143,51.76,33.05,37.72,7800.0,590.9
2024-07-12,Russia,Nakhodka,Paradip,Panamax,Coal,19719.74,551.81,112.386,61.6,28.66,35.28,7800.0,590.9
2024-07-19,Russia,Nakhodka,Paradip,Panamax,Coal,19921.11,552.63,112.618,78.16,40.09,25.48,7800.0,590.9
2024-07-26,Russia,Nakhodka,Paradip,Panamax,Coal,19281.67,553.89,112.737,75.59,26.99,34.79,7800.0,590.9
2024-08-02,Russia,Nakhodka,Paradip,Panamax,Coal,17979.84,537.93,108.097,84.44,28.88,35.86,7800.0,590.9
2024-08-09,Russia,Nakhodka,Paradip,Panamax,Coal,18452.81,538.93,108.291,76.49,30.68,44.61,7800.0,590.9
2024-08-16,Russia,Nakhodka,Paradip,Panamax,Coal,18270.07,538.68,108.429,87.09,35.09,41.44,7800.0,590.9
2024-08-23,Russia,Nakhodka,Paradip,Panamax,Coal,18013.4,538.21,108.63,87.03,37.65,36.42,7800.0,590.9
2024-08-30,Russia,Nakhodka,Paradip,Panamax,Coal,18783.03,538.54,108.875,81.28,36.02,42.78,7800.0,590.9
2024-09-06,Russia,Nakhodka,Paradip,Panamax,Coal,20267.79,526.33,105.496,85.85,47.48,46.83,7800.0,590.9
2024-09-13,Russia,Nakhodka,Paradip,Panamax,Coal,20433.73,526.75,105.559,65.92,33.45,55.45,7800.0,590.9
2024-09-20,Russia,Nakhodka,Paradip,Panamax,Coal,19637.55,527.35,105.712,80.98,34.4,34.84,7800.0,590.9
2024-09-27,Russia,Nakhodka,Paradip,Panamax,Coal,20520.0,528.52,105.961,82.54,33.68,34.39,7800.0,590.9
2024-10-04,Russia,Nakhodka,Paradip,Panamax,Coal,21987.37,525.36,104.828,69.75,23.72,38.0,7800.0,590.9
2024-10-11,Russia,Nakhodka,Paradip,Panamax,Coal,22389.56,525.17,104.937,64.49,32.35,37.44,7800.0,590.9
2024-10-18,Russia,Nakhodka,Paradip,Panamax,Coal,21617.73,524.63,105.099,52.38,18.03,45.18,7800.0,590.9
2024-10-25,Russia,Nakhodka,Paradip,Panamax,Coal,21833.95,524.91,105.193,42.79,17.41,47.11,7800.0,590.9
2024-11-01,Russia,Nakhodka,Paradip,Panamax,Coal,23512.7,530.26,106.64,37.03,10.93,43.6,7800.0,590.9
2024-11-08,Russia,Nakhodka,Paradip,Panamax,Coal,22332.62,531.01,106.817,40.37,26.98,33.18,7800.0,590.9
2024-11-15,Russia,Nakhodka,Paradip,Panamax,Coal,22251.05,531.08,107.0,66.4,45.43,38.46,7800.0,590.9
2024-11-22,Russia,Nakhodka,Paradip,Panamax,Coal,22250.72,531.54,107.099,58.02,31.01,43.45,7800.0,590.9
2024-11-29,Russia,Nakhodka,Paradip,Panamax,Coal,22299.36,531.3,107.256,45.86,28.3,42.79,7800.0,590.9
2024-12-06,Russia,Nakhodka,Paradip,Panamax,Coal,20325.93,544.72,110.972,43.13,3.0,37.62,7800.0,590.9
2024-12-13,Russia,Nakhodka,Paradip,Panamax,Coal,20183.65,545.5,111.069,45.37,11.82,42.27,7800.0,590.9
2024-12-20,Russia,Nakhodka,Paradip,Panamax,Coal,19663.06,545.41,111.28,50.2,14.86,40.36,7800.0,590.9
2024-12-27,Russia,Nakhodka,Paradip,Panamax,Coal,19872.3,545.35,111.403,52.97,17.81,37.07,7800.0,590.9
2025-01-03,Russia,Nakhodka,Paradip,Panamax,Coal,19275.93,562.67,116.466,48.58,20.41,35.25,7800.0,590.9
2025-01-10,Russia,Nakhodka,Paradip,Panamax,Coal,19761.27,564.21,116.576,61.21,30.58,32.4,7800.0,590.9
2025-01-17,Russia,Nakhodka,Paradip,Panamax,Coal,19292.25,564.36,116.642,67.11,21.44,35.35,7800.0,590.9
2025-01-24,Russia,Nakhodka,Paradip,Panamax,Coal,19422.16,564.76,116.896,63.1,39.48,36.2,7800.0,590.9
2025-01-31,Russia,Nakhodka,Paradip,Panamax,Coal,18911.86,564.98,117.171,60.21,32.42,27.48,7800.0,590.9
2025-02-07,Russia,Nakhodka,Paradip,Panamax,Coal,18280.79,582.12,122.351,38.91,23.45,36.43,7800.0,590.9
2025-02-14,Russia,Nakhodka,Paradip,Panamax,Coal,18341.9,582.6,122.541,60.38,31.2,37.25,7800.0,590.9
2025-02-21,Russia,Nakhodka,Paradip,Panamax,Coal,18170.6,582.52,122.748,46.65,16.89,35.31,7800.0,590.9
2025-02-28,Russia,Nakhodka,Paradip,Panamax,Coal,17810.99,583.03,122.945,38.61,13.05,37.68,7800.0,590.9
2025-03-07,Russia,Nakhodka,Paradip,Panamax,Coal,17877.77,595.82,126.87,33.03,26.15,45.79,7800.0,590.9
2025-03-14,Russia,Nakhodka,Paradip,Panamax,Coal,17166.9,596.01,127.049,34.03,3.0,46.73,7800.0,590.9
2025-03-21,Russia,Nakhodka,Paradip,Panamax,Coal,17147.34,597.42,127.153,30.87,11.14,36.13,7800.0,590.9
2025-03-28,Russia,Nakhodka,Paradip,Panamax,Coal,16461.68,598.46,127.253,30.97,21.01,39.06,7800.0,590.9
2025-04-04,Russia,Nakhodka,Paradip,Panamax,Coal,18187.7,602.6,128.664,32.0,13.93,39.16,7800.0,590.9
2025-04-11,Russia,Nakhodka,Paradip,Panamax,Coal,17058.92,602.95,128.854,42.17,15.15,42.09,7800.0,590.9
2025-04-18,Russia,Nakhodka,Paradip,Panamax,Coal,17429.92,603.34,128.987,38.45,14.71,60.25,7800.0,590.9
2025-04-25,Russia,Nakhodka,Paradip,Panamax,Coal,17559.96,604.73,129.167,43.58,19.18,39.83,7800.0,590.9
2025-05-02,Russia,Nakhodka,Paradip,Panamax,Coal,18883.41,601.49,127.919,48.49,29.22,30.18,7800.0,590.9
2025-05-09,Russia,Nakhodka,Paradip,Panamax,Coal,17638.05,601.84,128.075,55.3,28.49,42.36,7800.0,590.9
2025-05-16,Russia,Nakhodka,Paradip,Panamax,Coal,17241.48,602.97,128.335,48.6,24.16,43.84,7800.0,590.9
2025-05-23,Russia,Nakhodka,Paradip,Panamax,Coal,17936.86,603.92,128.527,38.84,18.29,39.14,7800.0,590.9
2025-05-30,Russia,Nakhodka,Paradip,Panamax,Coal,18414.21,604.3,128.698,48.14,15.45,41.27,7800.0,590.9
2025-06-06,Russia,Nakhodka,Paradip,Panamax,Coal,19032.96,592.35,125.199,55.76,31.12,43.5,7800.0,590.9
2025-06-13,Russia,Nakhodka,Paradip,Panamax,Coal,19097.82,593.53,125.294,74.75,39.1,43.61,7800.0,590.9
2025-06-20,Russia,Nakhodka,Paradip,Panamax,Coal,18779.04,595.44,125.535,79.48,33.47,23.87,7800.0,590.9
2025-06-27,Russia,Nakhodka,Paradip,Panamax,Coal,18972.89,596.43,125.688,72.42,39.89,30.5,7800.0,590.9
2025-07-04,Russia,Nakhodka,Paradip,Panamax,Coal,16932.74,580.39,120.7,80.69,37.75,25.89,7800.0,590.9
2025-07-11,Russia,Nakhodka,Paradip,Panamax,Coal,16390.71,580.91,120.842,71.39,30.36,28.1,7800.0,590.9
2025-07-18,Russia,Nakhodka,Paradip,Panamax,Coal,17151.83,580.77,121.048,70.04,50.13,37.55,7800.0,590.9
2025-07-25,Russia,Nakhodka,Paradip,Panamax,Coal,17690.76,580.35,121.223,77.77,37.71,33.11,7800.0,590.9
2025-08-01,Russia,Nakhodka,Paradip,Panamax,Coal,16974.17,563.36,116.239,84.28,54.53,31.66,7800.0,590.9
2025-08-08,Russia,Nakhodka,Paradip,Panamax,Coal,16143.17,564.22,116.402,84.26,38.04,44.96,7800.0,590.9
2025-08-15,Russia,Nakhodka,Paradip,Panamax,Coal,15616.91,563.54,116.552,76.16,40.08,39.03,7800.0,590.9
2025-08-22,Russia,Nakhodka,Paradip,Panamax,Coal,16176.68,563.04,116.689,68.31,38.03,30.46,7800.0,590.9
2025-08-29,Russia,Nakhodka,Paradip,Panamax,Coal,16127.73,563.86,116.796,69.45,36.91,42.45,7800.0,590.9
2025-09-05,Russia,Nakhodka,Paradip,Panamax,Coal,16426.01,551.41,113.114,69.37,36.3,48.94,7800.0,590.9
2025-09-12,Russia,Nakhodka,Paradip,Panamax,Coal,16114.27,551.52,113.273,80.56,41.7,41.11,7800.0,590.9
2025-09-19,Russia,Nakhodka,Paradip,Panamax,Coal,16411.47,551.47,113.419,81.91,41.94,41.06,7800.0,590.9
2025-09-26,Russia,Nakhodka,Paradip,Panamax,Coal,16424.63,551.78,113.621,73.87,28.4,40.65,7800.0,590.9
2025-10-03,Russia,Nakhodka,Paradip,Panamax,Coal,17762.22,547.61,112.37,74.14,33.32,37.1,7800.0,590.9
2025-10-10,Russia,Nakhodka,Paradip,Panamax,Coal,18373.89,548.11,112.523,65.06,29.63,34.33,7800.0,590.9
2025-10-17,Russia,Nakhodka,Paradip,Panamax,Coal,17174.95,549.56,112.722,69.68,37.81,34.85,7800.0,590.9
2025-10-24,Russia,Nakhodka,Paradip,Panamax,Coal,16666.0,549.07,112.875,65.78,27.71,34.97,7800.0,590.9
2025-10-31,Russia,Nakhodka,Paradip,Panamax,Coal,17155.09,551.01,113.111,52.48,25.52,31.91,7800.0,590.9
2025-11-07,Russia,Nakhodka,Paradip,Panamax,Coal,18047.37,555.99,114.727,49.9,27.48,43.55,7800.0,590.9
2025-11-14,Russia,Nakhodka,Paradip,Panamax,Coal,17808.04,556.79,114.869,41.35,16.79,38.03,7800.0,590.9
2025-11-21,Russia,Nakhodka,Paradip,Panamax,Coal,17558.43,557.25,115.01,54.49,29.18,32.28,7800.0,590.9
2025-11-28,Russia,Nakhodka,Paradip,Panamax,Coal,17954.5,557.34,115.167,44.36,26.02,46.24,7800.0,590.9
2025-12-05,Russia,Nakhodka,Paradip,Panamax,Coal,17600.68,570.38,119.179,39.72,15.48,39.34,7800.0,590.9
2025-12-12,Russia,Nakhodka,Paradip,Panamax,Coal,17941.83,569.95,119.268,52.4,33.03,43.94,7800.0,590.9
2025-12-19,Russia,Nakhodka,Paradip,Panamax,Coal,19289.58,571.27,119.494,61.21,37.01,32.65,7800.0,590.9
2025-12-26,Russia,Nakhodka,Paradip,Panamax,Coal,20159.32,571.74,119.623,49.08,23.74,41.1,7800.0,590.9
2026-01-02,Russia,Nakhodka,Paradip,Panamax,Coal,18673.7,590.07,125.104,46.03,17.72,43.3,7800.0,590.9
2026-01-09,Russia,Nakhodka,Paradip,Panamax,Coal,18717.53,590.75,125.166,28.02,20.83,31.57,7800.0,590.9
2026-01-16,Russia,Nakhodka,Paradip,Panamax,Coal,18939.13,592.22,125.356,37.56,30.06,30.62,7800.0,590.9
2026-01-23,Russia,Nakhodka,Paradip,Panamax,Coal,19457.8,592.95,125.509,32.53,29.91,35.17,7800.0,590.9
2026-01-30,Russia,Nakhodka,Paradip,Panamax,Coal,19457.31,593.53,125.692,53.41,42.63,32.85,7800.0,590.9
2026-02-06,Russia,Nakhodka,Paradip,Panamax,Coal,17854.41,611.69,131.166,49.19,13.16,43.82,7800.0,590.9
2026-02-13,Russia,Nakhodka,Paradip,Panamax,Coal,18653.31,611.21,131.281,44.8,29.9,35.71,7800.0,590.9
2026-02-20,Russia,Nakhodka,Paradip,Panamax,Coal,18941.16,612.26,131.417,34.55,24.67,38.51,7800.0,590.9
2026-02-27,Russia,Nakhodka,Paradip,Panamax,Coal,18995.25,612.34,131.637,47.78,42.18,43.91,7800.0,590.9
2026-03-06,Russia,Nakhodka,Paradip,Panamax,Coal,19119.04,624.88,135.723,47.57,27.21,44.63,7800.0,590.9
2026-03-13,Russia,Nakhodka,Paradip,Panamax,Coal,18905.98,623.93,135.977,53.08,25.27,36.72,7800.0,590.9
2026-03-20,Russia,Nakhodka,Paradip,Panamax,Coal,19385.72,623.76,136.192,40.26,20.65,38.75,7800.0,590.9
2026-03-27,Russia,Nakhodka,Paradip,Panamax,Coal,21235.1,624.36,136.404,42.86,20.73,53.58,7800.0,590.9
2026-04-03,Russia,Nakhodka,Paradip,Panamax,Coal,22071.23,630.3,138.054,52.38,24.65,47.23,7800.0,590.9
2026-04-10,Russia,Nakhodka,Paradip,Panamax,Coal,20959.66,630.93,138.323,59.54,32.99,36.02,7800.0,590.9
2026-04-17,Russia,Nakhodka,Paradip,Panamax,Coal,21560.97,630.89,138.427,56.48,19.72,43.76,7800.0,590.9
2026-04-24,Russia,Nakhodka,Paradip,Panamax,Coal,21525.65,631.84,138.581,58.2,32.52,33.06,7800.0,590.9
2026-05-01,Russia,Nakhodka,Paradip,Panamax,Coal,21522.7,627.4,137.284,69.06,22.03,40.04,7800.0,590.9
2026-05-08,Russia,Nakhodka,Paradip,Panamax,Coal,22161.3,628.03,137.541,62.57,25.4,44.97,7800.0,590.9
2026-05-15,Russia,Nakhodka,Paradip,Panamax,Coal,22463.37,628.03,137.663,60.44,18.11,35.14,7800.0,590.9
2026-05-22,Russia,Nakhodka,Paradip,Panamax,Coal,22565.42,628.23,137.866,59.35,39.79,52.56,7800.0,590.9
2026-05-29,Russia,Nakhodka,Paradip,Panamax,Coal,22641.16,629.73,138.111,61.77,25.02,40.68,7800.0,590.9
2026-06-05,Russia,Nakhodka,Paradip,Panamax,Coal,22696.81,617.53,134.352,67.32,44.67,43.13,7800.0,590.9
2026-06-12,Russia,Nakhodka,Paradip,Panamax,Coal,22302.38,618.21,134.51,63.99,31.14,22.72,7800.0,590.9
2026-06-19,Russia,Nakhodka,Paradip,Panamax,Coal,22317.99,618.08,134.752,81.73,36.55,35.67,7800.0,590.9
2026-06-26,Russia,Nakhodka,Paradip,Panamax,Coal,22014.96,618.4,135.023,79.49,31.95,42.06,7800.0,590.9
2026-07-03,Russia,Nakhodka,Paradip,Panamax,Coal,19935.51,601.57,129.684,69.32,31.89,30.51,7800.0,590.9
2026-07-10,Russia,Nakhodka,Paradip,Panamax,Coal,20172.33,601.02,129.969,68.39,22.34,40.25,7800.0,590.9
2026-07-17,Russia,Nakhodka,Paradip,Panamax,Coal,19909.04,601.11,130.204,76.77,37.74,32.55,7800.0,590.9
2026-07-24,Russia,Nakhodka,Paradip,Panamax,Coal,19672.18,602.42,130.401,85.75,41.47,46.52,7800.0,590.9
2026-07-31,Russia,Nakhodka,Paradip,Panamax,Coal,19761.09,602.02,130.602,70.94,33.0,34.25,7800.0,590.9
2026-08-07,Russia,Nakhodka,Paradip,Panamax,Coal,19288.31,584.19,125.218,77.26,38.89,34.88,7800.0,590.9
2026-08-14,Russia,Nakhodka,Paradip,Panamax,Coal,19676.1,584.71,125.37,49.27,40.49,39.5,7800.0,590.9
2026-08-21,Russia,Nakhodka,Paradip,Panamax,Coal,18578.2,585.47,125.56,58.79,29.38,34.74,7800.0,590.9
2026-08-28,Russia,Nakhodka,Paradip,Panamax,Coal,18065.08,585.48,125.753,70.39,34.12,34.27,7800.0,590.9
2026-09-04,Russia,Nakhodka,Paradip,Panamax,Coal,18244.84,572.21,121.815,71.4,18.34,42.8,7800.0,590.9
2026-09-11,Russia,Nakhodka,Paradip,Panamax,Coal,18154.01,571.78,122.068,78.14,32.11,46.12,7800.0,590.9
2026-09-18,Russia,Nakhodka,Paradip,Panamax,Coal,17443.95,572.1,122.256,78.98,52.5,47.69,7800.0,590.9
2026-09-25,Russia,Nakhodka,Paradip,Panamax,Coal,18878.94,572.51,122.483,72.57,48.68,34.26,7800.0,590.9
2023-01-06,Australia,Newcastle,Gangavaram,Capesize,Coal,24313.68,519.44,99.953,5.0,14.07,41.07,6415.0,486.0
2023-01-13,Australia,Newcastle,Gangavaram,Capesize,Coal,23962.11,520.28,100.181,5.0,20.55,29.44,6415.0,486.0
2023-01-20,Australia,Newcastle,Gangavaram,Capesize,Coal,23750.63,521.33,100.291,5.0,19.55,38.98,6415.0,486.0
2023-01-27,Australia,Newcastle,Gangavaram,Capesize,Coal,23003.29,521.82,100.457,5.0,16.81,37.17,6415.0,486.0
2023-02-03,Australia,Newcastle,Gangavaram,Capesize,Coal,23234.75,537.32,104.842,5.0,20.74,30.9,6415.0,486.0
2023-02-10,Australia,Newcastle,Gangavaram,Capesize,Coal,23603.45,538.13,104.936,5.0,16.02,46.64,6415.0,486.0
2023-02-17,Australia,Newcastle,Gangavaram,Capesize,Coal,23570.11,538.09,105.124,5.0,16.14,40.96,6415.0,486.0
2023-02-24,Australia,Newcastle,Gangavaram,Capesize,Coal,23276.02,537.62,105.273,5.0,21.12,38.4,6415.0,486.0
2023-03-03,Australia,Newcastle,Gangavaram,Capesize,Coal,24526.31,550.04,108.663,5.0,7.75,51.2,6415.0,486.0
2023-03-10,Australia,Newcastle,Gangavaram,Capesize,Coal,23232.74,550.18,108.807,5.0,20.85,37.13,6415.0,486.0
2023-03-17,Australia,Newcastle,Gangavaram,Capesize,Coal,22657.01,550.8,108.961,23.72,30.26,43.67,6415.0,486.0
2023-03-24,Australia,Newcastle,Gangavaram,Capesize,Coal,21755.65,551.13,109.087,30.87,35.73,37.86,6415.0,486.0
2023-03-31,Australia,Newcastle,Gangavaram,Capesize,Coal,22904.88,551.86,109.273,31.67,35.68,47.2,6415.0,486.0
2023-04-07,Australia,Newcastle,Gangavaram,Capesize,Coal,23879.73,556.7,110.633,53.06,25.84,38.69,6415.0,486.0
2023-04-14,Australia,Newcastle,Gangavaram,Capesize,Coal,21991.31,557.28,110.782,63.98,36.24,43.95,6415.0,486.0
2023-04-21,Australia,Newcastle,Gangavaram,Capesize,Coal,22761.36,557.72,110.927,65.12,40.5,47.62,6415.0,486.0
2023-04-28,Australia,Newcastle,Gangavaram,Capesize,Coal,23855.25,557.74,111.121,32.28,28.05,32.41,6415.0,486.0
2023-05-05,Australia,Newcastle,Gangavaram,Capesize,Coal,25772.12,554.54,110.187,46.92,44.82,35.86,6415.0,486.0
2023-05-12,Australia,Newcastle,Gangavaram,Capesize,Coal,26003.72,555.82,110.331,59.14,38.56,38.82,6415.0,486.0
2023-05-19,Australia,Newcastle,Gangavaram,Capesize,Coal,27196.64,556.04,110.489,48.93,44.82,44.39,6415.0,486.0
2023-05-26,Australia,Newcastle,Gangavaram,Capesize,Coal,26959.22,556.56,110.636,40.73,32.9,36.47,6415.0,486.0
2023-06-02,Australia,Newcastle,Gangavaram,Capesize,Coal,25391.37,545.41,107.547,57.03,49.23,34.22,6415.0,486.0
2023-06-09,Australia,Newcastle,Gangavaram,Capesize,Coal,25030.05,545.93,107.673,54.78,25.14,43.69,6415.0,486.0
2023-06-16,Australia,Newcastle,Gangavaram,Capesize,Coal,26517.05,545.73,107.857,54.26,45.67,55.61,6415.0,486.0
2023-06-23,Australia,Newcastle,Gangavaram,Capesize,Coal,27827.01,546.48,108.051,37.97,54.64,37.8,6415.0,486.0
2023-06-30,Australia,Newcastle,Gangavaram,Capesize,Coal,28036.61,546.8,108.217,23.43,21.18,27.43,6415.0,486.0
2023-07-07,Australia,Newcastle,Gangavaram,Capesize,Coal,25538.32,532.29,103.935,29.52,30.2,31.25,6415.0,486.0
2023-07-14,Australia,Newcastle,Gangavaram,Capesize,Coal,25919.04,533.63,104.072,39.73,41.68,44.93,6415.0,486.0
2023-07-21,Australia,Newcastle,Gangavaram,Capesize,Coal,24526.16,533.88,104.234,54.01,25.01,30.76,6415.0,486.0
2023-07-28,Australia,Newcastle,Gangavaram,Capesize,Coal,24982.28,534.23,104.435,63.47,44.11,33.47,6415.0,486.0
2023-08-04,Australia,Newcastle,Gangavaram,Capesize,Coal,23773.91,519.06,100.091,62.47,27.96,35.05,6415.0,486.0
2023-08-11,Australia,Newcastle,Gangavaram,Capesize,Coal,22626.32,519.47,100.282,70.51,38.83,42.86,6415.0,486.0
2023-08-18,Australia,Newcastle,Gangavaram,Capesize,Coal,20810.34,520.39,100.464,89.12,48.95,35.77,6415.0,486.0
2023-08-25,Australia,Newcastle,Gangavaram,Capesize,Coal,21475.42,520.38,100.59,96.83,56.79,32.42,6415.0,486.0
2023-09-01,Australia,Newcastle,Gangavaram,Capesize,Coal,21944.99,509.19,97.473,89.03,46.54,36.7,6415.0,486.0
2023-09-08,Australia,Newcastle,Gangavaram,Capesize,Coal,21051.62,510.0,97.607,81.86,52.21,40.68,6415.0,486.0
2023-09-15,Australia,Newcastle,Gangavaram,Capesize,Coal,21335.72,510.38,97.757,74.84,48.4,34.07,6415.0,486.0
2023-09-22,Australia,Newcastle,Gangavaram,Capesize,Coal,21572.1,510.84,97.906,76.75,48.69,42.22,6415.0,486.0
2023-09-29,Australia,Newcastle,Gangavaram,Capesize,Coal,21389.37,511.63,98.025,62.98,47.47,41.72,6415.0,486.0
2023-10-06,Australia,Newcastle,Gangavaram,Capesize,Coal,22841.11,508.2,97.005,11.52,16.33,42.08,6415.0,486.0
2023-10-13,Australia,Newcastle,Gangavaram,Capesize,Coal,22696.83,508.88,97.232,19.16,13.42,39.4,6415.0,486.0
2023-10-20,Australia,Newcastle,Gangavaram,Capesize,Coal,22424.76,509.12,97.428,26.84,41.37,37.24,6415.0,486.0
2023-10-27,Australia,Newcastle,Gangavaram,Capesize,Coal,22164.26,509.52,97.6,11.01,18.54,42.29,6415.0,486.0
2023-11-03,Australia,Newcastle,Gangavaram,Capesize,Coal,22344.72,514.1,98.945,27.04,14.59,32.99,6415.0,486.0
2023-11-10,Australia,Newcastle,Gangavaram,Capesize,Coal,22536.38,514.58,99.043,22.18,27.89,42.85,6415.0,486.0
2023-11-17,Australia,Newcastle,Gangavaram,Capesize,Coal,23242.56,515.08,99.222,26.59,31.78,32.63,6415.0,486.0
2023-11-24,Australia,Newcastle,Gangavaram,Capesize,Coal,23301.37,514.17,99.396,27.5,21.62,47.06,6415.0,486.0
2023-12-01,Australia,Newcastle,Gangavaram,Capesize,Coal,23478.19,527.15,102.902,33.99,28.74,45.74,6415.0,486.0
2023-12-08,Australia,Newcastle,Gangavaram,Capesize,Coal,24027.74,527.21,103.013,45.19,32.52,41.06,6415.0,486.0
2023-12-15,Australia,Newcastle,Gangavaram,Capesize,Coal,23215.33,527.02,103.146,42.88,37.91,35.87,6415.0,486.0
2023-12-22,Australia,Newcastle,Gangavaram,Capesize,Coal,23846.36,527.39,103.305,26.72,32.31,36.81,6415.0,486.0
2023-12-29,Australia,Newcastle,Gangavaram,Capesize,Coal,24547.72,527.45,103.441,5.0,8.22,37.22,6415.0,486.0
2024-01-05,Australia,Newcastle,Gangavaram,Capesize,Coal,23828.31,544.11,108.183,19.81,11.37,38.36,6415.0,486.0
2024-01-12,Australia,Newcastle,Gangavaram,Capesize,Coal,24348.4,544.23,108.39,8.01,17.15,36.41,6415.0,486.0
2024-01-19,Australia,Newcastle,Gangavaram,Capesize,Coal,23581.49,544.9,108.553,7.01,30.65,36.04,6415.0,486.0
2024-01-26,Australia,Newcastle,Gangavaram,Capesize,Coal,22821.27,545.86,108.66,5.0,23.15,33.97,6415.0,486.0
2024-02-02,Australia,Newcastle,Gangavaram,Capesize,Coal,22267.07,560.88,113.443,12.09,20.27,33.5,6415.0,486.0
2024-02-09,Australia,Newcastle,Gangavaram,Capesize,Coal,21859.83,561.27,113.508,5.0,28.45,39.0,6415.0,486.0
2024-02-16,Australia,Newcastle,Gangavaram,Capesize,Coal,23095.01,561.54,113.732,5.0,22.49,47.51,6415.0,486.0
2024-02-23,Australia,Newcastle,Gangavaram,Capesize,Coal,23510.19,561.47,113.906,5.0,20.68,29.19,6415.0,486.0
2024-03-01,Australia,Newcastle,Gangavaram,Capesize,Coal,24910.37,573.69,117.508,5.0,24.26,40.89,6415.0,486.0
2024-03-08,Australia,Newcastle,Gangavaram,Capesize,Coal,25243.87,573.98,117.586,17.33,28.38,25.61,6415.0,486.0
2024-03-15,Australia,Newcastle,Gangavaram,Capesize,Coal,24731.07,575.21,117.738,13.25,21.62,43.03,6415.0,486.0
2024-03-22,Australia,Newcastle,Gangavaram,Capesize,Coal,23951.3,575.06,117.953,5.0,18.42,38.05,6415.0,486.0
2024-03-29,Australia,Newcastle,Gangavaram,Capesize,Coal,24826.8,575.25,117.989,5.0,17.24,37.65,6415.0,486.0
2024-04-05,Australia,Newcastle,Gangavaram,Capesize,Coal,26539.08,580.3,119.378,34.27,21.52,52.35,6415.0,486.0
2024-04-12,Australia,Newcastle,Gangavaram,Capesize,Coal,26253.81,580.8,119.451,26.68,23.46,44.57,6415.0,486.0
2024-04-19,Australia,Newcastle,Gangavaram,Capesize,Coal,25509.97,580.53,119.616,37.04,24.11,38.17,6415.0,486.0
2024-04-26,Australia,Newcastle,Gangavaram,Capesize,Coal,28249.59,582.32,119.809,10.07,41.42,47.01,6415.0,486.0
2024-05-03,Australia,Newcastle,Gangavaram,Capesize,Coal,29001.29,577.86,118.651,28.23,33.07,36.82,6415.0,486.0
2024-05-10,Australia,Newcastle,Gangavaram,Capesize,Coal,28196.3,577.33,118.872,28.45,30.19,44.43,6415.0,486.0
2024-05-17,Australia,Newcastle,Gangavaram,Capesize,Coal,27564.79,576.78,119.112,41.07,27.24,51.83,6415.0,486.0
2024-05-24,Australia,Newcastle,Gangavaram,Capesize,Coal,26516.3,577.82,119.319,43.19,33.95,50.69,6415.0,486.0
2024-05-31,Australia,Newcastle,Gangavaram,Capesize,Coal,25986.94,577.43,119.443,42.04,26.85,38.25,6415.0,486.0
2024-06-07,Australia,Newcastle,Gangavaram,Capesize,Coal,25137.85,566.46,116.203,61.87,42.27,31.72,6415.0,486.0
2024-06-14,Australia,Newcastle,Gangavaram,Capesize,Coal,26067.13,566.7,116.424,53.78,35.1,34.24,6415.0,486.0
2024-06-21,Australia,Newcastle,Gangavaram,Capesize,Coal,27182.24,566.87,116.559,57.37,37.89,44.3,6415.0,486.0
2024-06-28,Australia,Newcastle,Gangavaram,Capesize,Coal,26673.2,567.45,116.755,54.02,50.67,30.49,6415.0,486.0
2024-07-05,Australia,Newcastle,Gangavaram,Capesize,Coal,22802.02,551.08,112.143,66.11,42.81,37.72,6415.0,486.0
2024-07-12,Australia,Newcastle,Gangavaram,Capesize,Coal,22454.18,551.81,112.386,88.64,47.24,35.28,6415.0,486.0
2024-07-19,Australia,Newcastle,Gangavaram,Capesize,Coal,23137.95,552.63,112.618,60.2,48.84,25.48,6415.0,486.0
2024-07-26,Australia,Newcastle,Gangavaram,Capesize,Coal,23658.59,553.89,112.737,67.46,49.42,34.79,6415.0,486.0
2024-08-02,Australia,Newcastle,Gangavaram,Capesize,Coal,23099.05,537.93,108.097,55.0,50.09,35.86,6415.0,486.0
2024-08-09,Australia,Newcastle,Gangavaram,Capesize,Coal,22620.03,538.93,108.291,52.67,28.94,44.61,6415.0,486.0
2024-08-16,Australia,Newcastle,Gangavaram,Capesize,Coal,22191.17,538.68,108.429,58.88,43.22,41.44,6415.0,486.0
2024-08-23,Australia,Newcastle,Gangavaram,Capesize,Coal,22360.3,538.21,108.63,49.63,24.72,36.42,6415.0,486.0
2024-08-30,Australia,Newcastle,Gangavaram,Capesize,Coal,23079.65,538.54,108.875,52.0,39.53,42.78,6415.0,486.0
2024-09-06,Australia,Newcastle,Gangavaram,Capesize,Coal,23166.93,526.33,105.496,10.83,23.6,46.83,6415.0,486.0
2024-09-13,Australia,Newcastle,Gangavaram,Capesize,Coal,22960.48,526.75,105.559,5.0,32.08,55.45,6415.0,486.0
2024-09-20,Australia,Newcastle,Gangavaram,Capesize,Coal,24383.15,527.35,105.712,5.0,32.54,34.84,6415.0,486.0
2024-09-27,Australia,Newcastle,Gangavaram,Capesize,Coal,24171.3,528.52,105.961,17.69,43.26,34.39,6415.0,486.0
2024-10-04,Australia,Newcastle,Gangavaram,Capesize,Coal,26276.15,525.36,104.828,24.84,25.33,38.0,6415.0,486.0
2024-10-11,Australia,Newcastle,Gangavaram,Capesize,Coal,27513.15,525.17,104.937,16.12,28.14,37.44,6415.0,486.0
2024-10-18,Australia,Newcastle,Gangavaram,Capesize,Coal,27062.23,524.63,105.099,32.92,42.76,45.18,6415.0,486.0
2024-10-25,Australia,Newcastle,Gangavaram,Capesize,Coal,27669.08,524.91,105.193,18.31,24.77,47.11,6415.0,486.0
2024-11-01,Australia,Newcastle,Gangavaram,Capesize,Coal,29350.35,530.26,106.64,20.07,29.0,43.6,6415.0,486.0
2024-11-08,Australia,Newcastle,Gangavaram,Capesize,Coal,28917.45,531.01,106.817,11.94,20.0,33.18,6415.0,486.0
2024-11-15,Australia,Newcastle,Gangavaram,Capesize,Coal,28307.62,531.08,107.0,11.91,22.01,38.46,6415.0,486.0
2024-11-22,Australia,Newcastle,Gangavaram,Capesize,Coal,28232.99,531.54,107.099,17.24,24.41,43.45,6415.0,486.0
2024-11-29,Australia,Newcastle,Gangavaram,Capesize,Coal,29023.61,531.3,107.256,29.88,23.49,42.79,6415.0,486.0
2024-12-06,Australia,Newcastle,Gangavaram,Capesize,Coal,28997.69,544.72,110.972,22.37,31.99,37.62,6415.0,486.0
2024-12-13,Australia,Newcastle,Gangavaram,Capesize,Coal,29274.98,545.5,111.069,27.22,28.73,42.27,6415.0,486.0
2024-12-20,Australia,Newcastle,Gangavaram,Capesize,Coal,29905.49,545.41,111.28,23.23,23.68,40.36,6415.0,486.0
2024-12-27,Australia,Newcastle,Gangavaram,Capesize,Coal,30973.73,545.35,111.403,27.91,28.86,37.07,6415.0,486.0
2025-01-03,Australia,Newcastle,Gangavaram,Capesize,Coal,29288.11,562.67,116.466,24.97,24.91,35.25,6415.0,486.0
2025-01-10,Australia,Newcastle,Gangavaram,Capesize,Coal,28621.36,564.21,116.576,22.11,34.99,32.4,6415.0,486.0
2025-01-17,Australia,Newcastle,Gangavaram,Capesize,Coal,27056.72,564.36,116.642,41.39,22.83,35.35,6415.0,486.0
2025-01-24,Australia,Newcastle,Gangavaram,Capesize,Coal,28142.35,564.76,116.896,30.56,42.88,36.2,6415.0,486.0
2025-01-31,Australia,Newcastle,Gangavaram,Capesize,Coal,28283.35,564.98,117.171,5.0,14.98,27.48,6415.0,486.0
2025-02-07,Australia,Newcastle,Gangavaram,Capesize,Coal,27131.75,582.12,122.351,7.94,16.72,36.43,6415.0,486.0
2025-02-14,Australia,Newcastle,Gangavaram,Capesize,Coal,26511.95,582.6,122.541,5.0,19.47,37.25,6415.0,486.0
2025-02-21,Australia,Newcastle,Gangavaram,Capesize,Coal,25179.46,582.52,122.748,6.53,20.17,35.31,6415.0,486.0
2025-02-28,Australia,Newcastle,Gangavaram,Capesize,Coal,24848.05,583.03,122.945,5.0,25.76,37.68,6415.0,486.0
2025-03-07,Australia,Newcastle,Gangavaram,Capesize,Coal,25304.32,595.82,126.87,5.0,19.54,45.79,6415.0,486.0
2025-03-14,Australia,Newcastle,Gangavaram,Capesize,Coal,26262.44,596.01,127.049,5.0,7.36,46.73,6415.0,486.0
2025-03-21,Australia,Newcastle,Gangavaram,Capesize,Coal,25915.87,597.42,127.153,5.0,17.55,36.13,6415.0,486.0
2025-03-28,Australia,Newcastle,Gangavaram,Capesize,Coal,25933.02,598.46,127.253,14.35,19.71,39.06,6415.0,486.0
2025-04-04,Australia,Newcastle,Gangavaram,Capesize,Coal,27347.06,602.6,128.664,49.7,37.29,39.16,6415.0,486.0
2025-04-11,Australia,Newcastle,Gangavaram,Capesize,Coal,25526.59,602.95,128.854,53.2,43.04,42.09,6415.0,486.0
2025-04-18,Australia,Newcastle,Gangavaram,Capesize,Coal,24982.73,603.34,128.987,47.22,30.62,60.25,6415.0,486.0
2025-04-25,Australia,Newcastle,Gangavaram,Capesize,Coal,24532.26,604.73,129.167,53.27,41.17,39.83,6415.0,486.0
2025-05-02,Australia,Newcastle,Gangavaram,Capesize,Coal,25430.69,601.49,127.919,61.19,48.12,30.18,6415.0,486.0
2025-05-09,Australia,Newcastle,Gangavaram,Capesize,Coal,26195.18,601.84,128.075,66.61,53.65,42.36,6415.0,486.0
2025-05-16,Australia,Newcastle,Gangavaram,Capesize,Coal,25346.66,602.97,128.335,57.37,35.98,43.84,6415.0,486.0
2025-05-23,Australia,Newcastle,Gangavaram,Capesize,Coal,23785.31,603.92,128.527,40.07,42.07,39.14,6415.0,486.0
2025-05-30,Australia,Newcastle,Gangavaram,Capesize,Coal,24002.75,604.3,128.698,44.73,33.37,41.27,6415.0,486.0
2025-06-06,Australia,Newcastle,Gangavaram,Capesize,Coal,24581.51,592.35,125.199,40.72,36.98,43.5,6415.0,486.0
2025-06-13,Australia,Newcastle,Gangavaram,Capesize,Coal,24324.51,593.53,125.294,38.5,41.76,43.61,6415.0,486.0
2025-06-20,Australia,Newcastle,Gangavaram,Capesize,Coal,23357.32,595.44,125.535,63.42,52.66,23.87,6415.0,486.0
2025-06-27,Australia,Newcastle,Gangavaram,Capesize,Coal,22900.57,596.43,125.688,59.68,46.61,30.5,6415.0,486.0
2025-07-04,Australia,Newcastle,Gangavaram,Capesize,Coal,21497.27,580.39,120.7,56.6,45.27,25.89,6415.0,486.0
2025-07-11,Australia,Newcastle,Gangavaram,Capesize,Coal,20791.56,580.91,120.842,57.19,36.08,28.1,6415.0,486.0
2025-07-18,Australia,Newcastle,Gangavaram,Capesize,Coal,20934.58,580.77,121.048,57.79,37.94,37.55,6415.0,486.0
2025-07-25,Australia,Newcastle,Gangavaram,Capesize,Coal,22540.51,580.35,121.223,45.52,37.08,33.11,6415.0,486.0
2025-08-01,Australia,Newcastle,Gangavaram,Capesize,Coal,22169.41,563.36,116.239,35.32,30.18,31.66,6415.0,486.0
2025-08-08,Australia,Newcastle,Gangavaram,Capesize,Coal,23252.57,564.22,116.402,56.42,50.29,44.96,6415.0,486.0
2025-08-15,Australia,Newcastle,Gangavaram,Capesize,Coal,24717.24,563.54,116.552,40.58,34.7,39.03,6415.0,486.0
2025-08-22,Australia,Newcastle,Gangavaram,Capesize,Coal,24940.85,563.04,116.689,32.26,37.35,30.46,6415.0,486.0
2025-08-29,Australia,Newcastle,Gangavaram,Capesize,Coal,24801.31,563.86,116.796,39.02,27.01,42.45,6415.0,486.0
2025-09-05,Australia,Newcastle,Gangavaram,Capesize,Coal,26232.15,551.41,113.114,50.18,47.04,48.94,6415.0,486.0
2025-09-12,Australia,Newcastle,Gangavaram,Capesize,Coal,25691.13,551.52,113.273,29.35,30.82,41.11,6415.0,486.0
2025-09-19,Australia,Newcastle,Gangavaram,Capesize,Coal,26010.78,551.47,113.419,30.47,27.37,41.06,6415.0,486.0
2025-09-26,Australia,Newcastle,Gangavaram,Capesize,Coal,25214.49,551.78,113.621,26.78,24.08,40.65,6415.0,486.0
2025-10-03,Australia,Newcastle,Gangavaram,Capesize,Coal,26976.07,547.61,112.37,20.36,23.99,37.1,6415.0,486.0
2025-10-10,Australia,Newcastle,Gangavaram,Capesize,Coal,27238.93,548.11,112.523,18.78,30.27,34.33,6415.0,486.0
2025-10-17,Australia,Newcastle,Gangavaram,Capesize,Coal,26175.33,549.56,112.722,36.07,35.63,34.85,6415.0,486.0
2025-10-24,Australia,Newcastle,Gangavaram,Capesize,Coal,26836.93,549.07,112.875,18.91,25.69,34.97,6415.0,486.0
2025-10-31,Australia,Newcastle,Gangavaram,Capesize,Coal,27909.94,551.01,113.111,33.5,25.01,31.91,6415.0,486.0
2025-11-07,Australia,Newcastle,Gangavaram,Capesize,Coal,28480.92,555.99,114.727,27.28,25.74,43.55,6415.0,486.0
2025-11-14,Australia,Newcastle,Gangavaram,Capesize,Coal,27160.61,556.79,114.869,32.29,36.14,38.03,6415.0,486.0
2025-11-21,Australia,Newcastle,Gangavaram,Capesize,Coal,27432.94,557.25,115.01,24.44,35.75,32.28,6415.0,486.0
2025-11-28,Australia,Newcastle,Gangavaram,Capesize,Coal,26827.4,557.34,115.167,13.55,18.69,46.24,6415.0,486.0
2025-12-05,Australia,Newcastle,Gangavaram,Capesize,Coal,27162.97,570.38,119.179,5.0,22.9,39.34,6415.0,486.0
2025-12-12,Australia,Newcastle,Gangavaram,Capesize,Coal,27614.66,569.95,119.268,5.0,27.09,43.94,6415.0,486.0
2025-12-19,Australia,Newcastle,Gangavaram,Capesize,Coal,27251.2,571.27,119.494,5.0,19.69,32.65,6415.0,486.0
2025-12-26,Australia,Newcastle,Gangavaram,Capesize,Coal,27219.96,571.74,119.623,5.47,7.95,41.1,6415.0,486.0
2026-01-02,Australia,Newcastle,Gangavaram,Capesize,Coal,26531.85,590.07,125.104,8.96,21.08,43.3,6415.0,486.0
2026-01-09,Australia,Newcastle,Gangavaram,Capesize,Coal,26239.11,590.75,125.166,16.84,26.29,31.57,6415.0,486.0
2026-01-16,Australia,Newcastle,Gangavaram,Capesize,Coal,25710.75,592.22,125.356,36.49,22.39,30.62,6415.0,486.0
2026-01-23,Australia,Newcastle,Gangavaram,Capesize,Coal,27206.5,592.95,125.509,5.0,22.13,35.17,6415.0,486.0
2026-01-30,Australia,Newcastle,Gangavaram,Capesize,Coal,27174.88,593.53,125.692,20.14,14.77,32.85,6415.0,486.0
2026-02-06,Australia,Newcastle,Gangavaram,Capesize,Coal,25985.29,611.69,131.166,13.91,10.07,43.82,6415.0,486.0
2026-02-13,Australia,Newcastle,Gangavaram,Capesize,Coal,25475.44,611.21,131.281,5.0,14.95,35.71,6415.0,486.0
2026-02-20,Australia,Newcastle,Gangavaram,Capesize,Coal,25939.08,612.26,131.417,5.0,11.09,38.51,6415.0,486.0
2026-02-27,Australia,Newcastle,Gangavaram,Capesize,Coal,25380.9,612.34,131.637,5.0,5.7,43.91,6415.0,486.0
2026-03-06,Australia,Newcastle,Gangavaram,Capesize,Coal,27650.03,624.88,135.723,12.3,36.63,44.63,6415.0,486.0
2026-03-13,Australia,Newcastle,Gangavaram,Capesize,Coal,26404.41,623.93,135.977,5.0,30.05,36.72,6415.0,486.0
2026-03-20,Australia,Newcastle,Gangavaram,Capesize,Coal,25950.59,623.76,136.192,5.0,34.66,38.75,6415.0,486.0
2026-03-27,Australia,Newcastle,Gangavaram,Capesize,Coal,25272.71,624.36,136.404,5.0,12.48,53.58,6415.0,486.0
2026-04-03,Australia,Newcastle,Gangavaram,Capesize,Coal,28467.25,630.3,138.054,5.0,29.87,47.23,6415.0,486.0
2026-04-10,Australia,Newcastle,Gangavaram,Capesize,Coal,28979.39,630.93,138.323,5.0,15.38,36.02,6415.0,486.0
2026-04-17,Australia,Newcastle,Gangavaram,Capesize,Coal,29512.01,630.89,138.427,5.24,11.38,43.76,6415.0,486.0
2026-04-24,Australia,Newcastle,Gangavaram,Capesize,Coal,29154.62,631.84,138.581,11.27,19.18,33.06,6415.0,486.0
2026-05-01,Australia,Newcastle,Gangavaram,Capesize,Coal,29961.19,627.4,137.284,27.75,21.25,40.04,6415.0,486.0
2026-05-08,Australia,Newcastle,Gangavaram,Capesize,Coal,30446.33,628.03,137.541,11.18,29.38,44.97,6415.0,486.0
2026-05-15,Australia,Newcastle,Gangavaram,Capesize,Coal,30338.19,628.03,137.663,5.41,13.27,35.14,6415.0,486.0
2026-05-22,Australia,Newcastle,Gangavaram,Capesize,Coal,30844.36,628.23,137.866,16.2,31.55,52.56,6415.0,486.0
2026-05-29,Australia,Newcastle,Gangavaram,Capesize,Coal,30367.2,629.73,138.111,26.94,21.42,40.68,6415.0,486.0
2026-06-05,Australia,Newcastle,Gangavaram,Capesize,Coal,27974.24,617.53,134.352,23.25,18.09,43.13,6415.0,486.0
2026-06-12,Australia,Newcastle,Gangavaram,Capesize,Coal,27432.76,618.21,134.51,6.86,14.5,22.72,6415.0,486.0
2026-06-19,Australia,Newcastle,Gangavaram,Capesize,Coal,27920.05,618.08,134.752,5.0,17.93,35.67,6415.0,486.0
2026-06-26,Australia,Newcastle,Gangavaram,Capesize,Coal,27392.41,618.4,135.023,8.13,13.7,42.06,6415.0,486.0
2026-07-03,Australia,Newcastle,Gangavaram,Capesize,Coal,23928.95,601.57,129.684,12.83,21.69,30.51,6415.0,486.0
2026-07-10,Australia,Newcastle,Gangavaram,Capesize,Coal,23355.69,601.02,129.969,5.0,13.0,40.25,6415.0,486.0
2026-07-17,Australia,Newcastle,Gangavaram,Capesize,Coal,23603.04,601.11,130.204,9.53,24.31,32.55,6415.0,486.0
2026-07-24,Australia,Newcastle,Gangavaram,Capesize,Coal,22534.53,602.42,130.401,34.1,31.47,46.52,6415.0,486.0
2026-07-31,Australia,Newcastle,Gangavaram,Capesize,Coal,23365.71,602.02,130.602,16.46,20.04,34.25,6415.0,486.0
2026-08-07,Australia,Newcastle,Gangavaram,Capesize,Coal,22376.76,584.19,125.218,29.58,28.14,34.88,6415.0,486.0
2026-08-14,Australia,Newcastle,Gangavaram,Capesize,Coal,23184.89,584.71,125.37,29.5,33.05,39.5,6415.0,486.0
2026-08-21,Australia,Newcastle,Gangavaram,Capesize,Coal,23041.08,585.47,125.56,28.34,29.68,34.74,6415.0,486.0
2026-08-28,Australia,Newcastle,Gangavaram,Capesize,Coal,21889.67,585.48,125.753,28.5,24.89,34.27,6415.0,486.0
2026-09-04,Australia,Newcastle,Gangavaram,Capesize,Coal,22599.06,572.21,121.815,5.0,11.4,42.8,6415.0,486.0
2026-09-11,Australia,Newcastle,Gangavaram,Capesize,Coal,23311.41,571.78,122.068,5.0,27.86,46.12,6415.0,486.0
2026-09-18,Australia,Newcastle,Gangavaram,Capesize,Coal,23026.49,572.1,122.256,37.46,37.81,47.69,6415.0,486.0
2026-09-25,Australia,Newcastle,Gangavaram,Capesize,Coal,22755.86,572.51,122.483,37.81,47.31,34.26,6415.0,486.0
2023-01-06,Australia,Newcastle,Paradip,Panamax,Coal,17649.38,519.44,99.953,39.0,12.79,41.07,6580.0,498.5
2023-01-13,Australia,Newcastle,Paradip,Panamax,Coal,17432.66,520.28,100.181,38.99,21.07,29.44,6580.0,498.5
2023-01-20,Australia,Newcastle,Paradip,Panamax,Coal,16792.09,521.33,100.291,52.94,32.42,38.98,6580.0,498.5
2023-01-27,Australia,Newcastle,Paradip,Panamax,Coal,16727.21,521.82,100.457,58.74,37.87,37.17,6580.0,498.5
2023-02-03,Australia,Newcastle,Paradip,Panamax,Coal,16328.4,537.32,104.842,65.68,29.08,30.9,6580.0,498.5
2023-02-10,Australia,Newcastle,Paradip,Panamax,Coal,16421.02,538.13,104.936,55.75,29.62,46.64,6580.0,498.5
2023-02-17,Australia,Newcastle,Paradip,Panamax,Coal,16340.33,538.09,105.124,46.12,33.83,40.96,6580.0,498.5
2023-02-24,Australia,Newcastle,Paradip,Panamax,Coal,16798.8,537.62,105.273,45.4,19.96,38.4,6580.0,498.5
2023-03-03,Australia,Newcastle,Paradip,Panamax,Coal,16755.64,550.04,108.663,47.25,8.24,51.2,6580.0,498.5
2023-03-10,Australia,Newcastle,Paradip,Panamax,Coal,16986.08,550.18,108.807,44.76,21.48,37.13,6580.0,498.5
2023-03-17,Australia,Newcastle,Paradip,Panamax,Coal,17097.54,550.8,108.961,56.04,10.65,43.67,6580.0,498.5
2023-03-24,Australia,Newcastle,Paradip,Panamax,Coal,17909.18,551.13,109.087,47.25,18.95,37.86,6580.0,498.5
2023-03-31,Australia,Newcastle,Paradip,Panamax,Coal,17978.36,551.86,109.273,31.29,29.35,47.2,6580.0,498.5
2023-04-07,Australia,Newcastle,Paradip,Panamax,Coal,19524.92,556.7,110.633,40.92,22.98,38.69,6580.0,498.5
2023-04-14,Australia,Newcastle,Paradip,Panamax,Coal,19342.56,557.28,110.782,33.57,15.73,43.95,6580.0,498.5
2023-04-21,Australia,Newcastle,Paradip,Panamax,Coal,19132.59,557.72,110.927,53.9,25.32,47.62,6580.0,498.5
2023-04-28,Australia,Newcastle,Paradip,Panamax,Coal,18670.4,557.74,111.121,59.98,18.51,32.41,6580.0,498.5
2023-05-05,Australia,Newcastle,Paradip,Panamax,Coal,19121.21,554.54,110.187,64.13,36.62,35.86,6580.0,498.5
2023-05-12,Australia,Newcastle,Paradip,Panamax,Coal,18771.6,555.82,110.331,76.4,44.68,38.82,6580.0,498.5
2023-05-19,Australia,Newcastle,Paradip,Panamax,Coal,19551.84,556.04,110.489,73.94,37.85,44.39,6580.0,498.5
2023-05-26,Australia,Newcastle,Paradip,Panamax,Coal,19463.01,556.56,110.636,79.99,20.33,36.47,6580.0,498.5
2023-06-02,Australia,Newcastle,Paradip,Panamax,Coal,18219.79,545.41,107.547,78.28,40.35,34.22,6580.0,498.5
2023-06-09,Australia,Newcastle,Paradip,Panamax,Coal,17965.5,545.93,107.673,81.62,37.15,43.69,6580.0,498.5
2023-06-16,Australia,Newcastle,Paradip,Panamax,Coal,18616.36,545.73,107.857,81.02,47.69,55.61,6580.0,498.5
2023-06-23,Australia,Newcastle,Paradip,Panamax,Coal,18835.61,546.48,108.051,85.73,53.12,37.8,6580.0,498.5
2023-06-30,Australia,Newcastle,Paradip,Panamax,Coal,19281.16,546.8,108.217,82.25,42.36,27.43,6580.0,498.5
2023-07-07,Australia,Newcastle,Paradip,Panamax,Coal,17654.67,532.29,103.935,98.94,52.7,31.25,6580.0,498.5
2023-07-14,Australia,Newcastle,Paradip,Panamax,Coal,16976.23,533.63,104.072,99.0,42.21,44.93,6580.0,498.5
2023-07-21,Australia,Newcastle,Paradip,Panamax,Coal,16461.56,533.88,104.234,89.66,49.71,30.76,6580.0,498.5
2023-07-28,Australia,Newcastle,Paradip,Panamax,Coal,16982.24,534.23,104.435,90.53,44.33,33.47,6580.0,498.5
2023-08-04,Australia,Newcastle,Paradip,Panamax,Coal,15913.19,519.06,100.091,79.66,45.39,35.05,6580.0,498.5
2023-08-11,Australia,Newcastle,Paradip,Panamax,Coal,15311.46,519.47,100.282,77.85,35.44,42.86,6580.0,498.5
2023-08-18,Australia,Newcastle,Paradip,Panamax,Coal,15694.82,520.39,100.464,84.8,36.43,35.77,6580.0,498.5
2023-08-25,Australia,Newcastle,Paradip,Panamax,Coal,16104.44,520.38,100.59,85.29,43.37,32.42,6580.0,498.5
2023-09-01,Australia,Newcastle,Paradip,Panamax,Coal,16520.14,509.19,97.473,66.96,30.6,36.7,6580.0,498.5
2023-09-08,Australia,Newcastle,Paradip,Panamax,Coal,16251.03,510.0,97.607,75.78,36.31,40.68,6580.0,498.5
2023-09-15,Australia,Newcastle,Paradip,Panamax,Coal,16386.51,510.38,97.757,76.31,26.63,34.07,6580.0,498.5
2023-09-22,Australia,Newcastle,Paradip,Panamax,Coal,16437.53,510.84,97.906,59.94,37.37,42.22,6580.0,498.5
2023-09-29,Australia,Newcastle,Paradip,Panamax,Coal,16767.32,511.63,98.025,54.8,27.16,41.72,6580.0,498.5
2023-10-06,Australia,Newcastle,Paradip,Panamax,Coal,17183.16,508.2,97.005,57.93,31.11,42.08,6580.0,498.5
2023-10-13,Australia,Newcastle,Paradip,Panamax,Coal,16753.2,508.88,97.232,63.35,31.29,39.4,6580.0,498.5
2023-10-20,Australia,Newcastle,Paradip,Panamax,Coal,16363.27,509.12,97.428,76.14,22.22,37.24,6580.0,498.5
2023-10-27,Australia,Newcastle,Paradip,Panamax,Coal,16958.51,509.52,97.6,58.46,25.81,42.29,6580.0,498.5
2023-11-03,Australia,Newcastle,Paradip,Panamax,Coal,18414.59,514.1,98.945,42.07,28.84,32.99,6580.0,498.5
2023-11-10,Australia,Newcastle,Paradip,Panamax,Coal,18843.64,514.58,99.043,25.73,17.32,42.85,6580.0,498.5
2023-11-17,Australia,Newcastle,Paradip,Panamax,Coal,18710.7,515.08,99.222,34.61,20.41,32.63,6580.0,498.5
2023-11-24,Australia,Newcastle,Paradip,Panamax,Coal,17912.6,514.17,99.396,42.86,19.48,47.06,6580.0,498.5
2023-12-01,Australia,Newcastle,Paradip,Panamax,Coal,17813.63,527.15,102.902,38.5,27.3,45.74,6580.0,498.5
2023-12-08,Australia,Newcastle,Paradip,Panamax,Coal,18536.59,527.21,103.013,40.91,28.54,41.06,6580.0,498.5
2023-12-15,Australia,Newcastle,Paradip,Panamax,Coal,18667.92,527.02,103.146,48.78,8.18,35.87,6580.0,498.5
2023-12-22,Australia,Newcastle,Paradip,Panamax,Coal,18956.15,527.39,103.305,64.05,32.59,36.81,6580.0,498.5
2023-12-29,Australia,Newcastle,Paradip,Panamax,Coal,18919.67,527.45,103.441,63.96,52.42,37.22,6580.0,498.5
2024-01-05,Australia,Newcastle,Paradip,Panamax,Coal,18262.31,544.11,108.183,50.78,21.38,38.36,6580.0,498.5
2024-01-12,Australia,Newcastle,Paradip,Panamax,Coal,18025.39,544.23,108.39,49.6,21.52,36.41,6580.0,498.5
2024-01-19,Australia,Newcastle,Paradip,Panamax,Coal,17525.62,544.9,108.553,50.07,20.11,36.04,6580.0,498.5
2024-01-26,Australia,Newcastle,Paradip,Panamax,Coal,17499.08,545.86,108.66,44.95,33.63,33.97,6580.0,498.5
2024-02-02,Australia,Newcastle,Paradip,Panamax,Coal,16559.01,560.88,113.443,54.09,21.0,33.5,6580.0,498.5
2024-02-09,Australia,Newcastle,Paradip,Panamax,Coal,16905.84,561.27,113.508,58.03,31.98,39.0,6580.0,498.5
2024-02-16,Australia,Newcastle,Paradip,Panamax,Coal,16983.38,561.54,113.732,45.17,36.86,47.51,6580.0,498.5
2024-02-23,Australia,Newcastle,Paradip,Panamax,Coal,16897.37,561.47,113.906,51.66,25.56,29.19,6580.0,498.5
2024-03-01,Australia,Newcastle,Paradip,Panamax,Coal,18175.14,573.69,117.508,69.36,36.1,40.89,6580.0,498.5
2024-03-08,Australia,Newcastle,Paradip,Panamax,Coal,17385.49,573.98,117.586,78.17,38.75,25.61,6580.0,498.5
2024-03-15,Australia,Newcastle,Paradip,Panamax,Coal,17580.5,575.21,117.738,77.28,35.06,43.03,6580.0,498.5
2024-03-22,Australia,Newcastle,Paradip,Panamax,Coal,17777.56,575.06,117.953,79.5,24.29,38.05,6580.0,498.5
2024-03-29,Australia,Newcastle,Paradip,Panamax,Coal,18568.32,575.25,117.989,72.98,33.69,37.65,6580.0,498.5
2024-04-05,Australia,Newcastle,Paradip,Panamax,Coal,19930.11,580.3,119.378,72.45,36.61,52.35,6580.0,498.5
2024-04-12,Australia,Newcastle,Paradip,Panamax,Coal,19276.37,580.8,119.451,68.59,23.61,44.57,6580.0,498.5
2024-04-19,Australia,Newcastle,Paradip,Panamax,Coal,20532.27,580.53,119.616,65.38,51.57,38.17,6580.0,498.5
2024-04-26,Australia,Newcastle,Paradip,Panamax,Coal,20196.97,582.32,119.809,49.36,26.36,47.01,6580.0,498.5
2024-05-03,Australia,Newcastle,Paradip,Panamax,Coal,21070.97,577.86,118.651,51.93,32.64,36.82,6580.0,498.5
2024-05-10,Australia,Newcastle,Paradip,Panamax,Coal,20664.27,577.33,118.872,37.65,15.9,44.43,6580.0,498.5
2024-05-17,Australia,Newcastle,Paradip,Panamax,Coal,20606.69,576.78,119.112,32.87,20.52,51.83,6580.0,498.5
2024-05-24,Australia,Newcastle,Paradip,Panamax,Coal,19961.85,577.82,119.319,39.11,17.07,50.69,6580.0,498.5
2024-05-31,Australia,Newcastle,Paradip,Panamax,Coal,19482.94,577.43,119.443,42.46,26.82,38.25,6580.0,498.5
2024-06-07,Australia,Newcastle,Paradip,Panamax,Coal,19431.9,566.46,116.203,55.51,29.55,31.72,6580.0,498.5
2024-06-14,Australia,Newcastle,Paradip,Panamax,Coal,19997.63,566.7,116.424,64.95,24.42,34.24,6580.0,498.5
2024-06-21,Australia,Newcastle,Paradip,Panamax,Coal,20132.2,566.87,116.559,52.23,34.04,44.3,6580.0,498.5
2024-06-28,Australia,Newcastle,Paradip,Panamax,Coal,19520.48,567.45,116.755,49.71,33.58,30.49,6580.0,498.5
2024-07-05,Australia,Newcastle,Paradip,Panamax,Coal,17208.83,551.08,112.143,51.76,39.7,37.72,6580.0,498.5
2024-07-12,Australia,Newcastle,Paradip,Panamax,Coal,16765.95,551.81,112.386,61.6,34.81,35.28,6580.0,498.5
2024-07-19,Australia,Newcastle,Paradip,Panamax,Coal,16668.04,552.63,112.618,78.16,30.69,25.48,6580.0,498.5
2024-07-26,Australia,Newcastle,Paradip,Panamax,Coal,17848.47,553.89,112.737,75.59,30.85,34.79,6580.0,498.5
2024-08-02,Australia,Newcastle,Paradip,Panamax,Coal,17493.49,537.93,108.097,84.44,36.51,35.86,6580.0,498.5
2024-08-09,Australia,Newcastle,Paradip,Panamax,Coal,17523.72,538.93,108.291,76.49,25.71,44.61,6580.0,498.5
2024-08-16,Australia,Newcastle,Paradip,Panamax,Coal,17664.41,538.68,108.429,87.09,61.18,41.44,6580.0,498.5
2024-08-23,Australia,Newcastle,Paradip,Panamax,Coal,16791.98,538.21,108.63,87.03,27.62,36.42,6580.0,498.5
2024-08-30,Australia,Newcastle,Paradip,Panamax,Coal,16756.65,538.54,108.875,81.28,28.7,42.78,6580.0,498.5
2024-09-06,Australia,Newcastle,Paradip,Panamax,Coal,17352.85,526.33,105.496,85.85,47.71,46.83,6580.0,498.5
2024-09-13,Australia,Newcastle,Paradip,Panamax,Coal,17551.02,526.75,105.559,65.92,30.44,55.45,6580.0,498.5
2024-09-20,Australia,Newcastle,Paradip,Panamax,Coal,17768.18,527.35,105.712,80.98,38.76,34.84,6580.0,498.5
2024-09-27,Australia,Newcastle,Paradip,Panamax,Coal,17417.88,528.52,105.961,82.54,41.73,34.39,6580.0,498.5
2024-10-04,Australia,Newcastle,Paradip,Panamax,Coal,18298.92,525.36,104.828,69.75,31.55,38.0,6580.0,498.5
2024-10-11,Australia,Newcastle,Paradip,Panamax,Coal,17245.61,525.17,104.937,64.49,27.16,37.44,6580.0,498.5
2024-10-18,Australia,Newcastle,Paradip,Panamax,Coal,18041.91,524.63,105.099,52.38,19.95,45.18,6580.0,498.5
2024-10-25,Australia,Newcastle,Paradip,Panamax,Coal,18842.75,524.91,105.193,42.79,25.02,47.11,6580.0,498.5
2024-11-01,Australia,Newcastle,Paradip,Panamax,Coal,20072.29,530.26,106.64,37.03,21.66,43.6,6580.0,498.5
2024-11-08,Australia,Newcastle,Paradip,Panamax,Coal,20347.41,531.01,106.817,40.37,16.26,33.18,6580.0,498.5
2024-11-15,Australia,Newcastle,Paradip,Panamax,Coal,20001.62,531.08,107.0,66.4,37.5,38.46,6580.0,498.5
2024-11-22,Australia,Newcastle,Paradip,Panamax,Coal,20560.65,531.54,107.099,58.02,29.03,43.45,6580.0,498.5
2024-11-29,Australia,Newcastle,Paradip,Panamax,Coal,19690.73,531.3,107.256,45.86,20.14,42.79,6580.0,498.5
2024-12-06,Australia,Newcastle,Paradip,Panamax,Coal,19247.52,544.72,110.972,43.13,27.33,37.62,6580.0,498.5
2024-12-13,Australia,Newcastle,Paradip,Panamax,Coal,18624.73,545.5,111.069,45.37,30.27,42.27,6580.0,498.5
2024-12-20,Australia,Newcastle,Paradip,Panamax,Coal,19187.63,545.41,111.28,50.2,25.1,40.36,6580.0,498.5
2024-12-27,Australia,Newcastle,Paradip,Panamax,Coal,18056.59,545.35,111.403,52.97,20.03,37.07,6580.0,498.5
2025-01-03,Australia,Newcastle,Paradip,Panamax,Coal,17760.76,562.67,116.466,48.58,36.2,35.25,6580.0,498.5
2025-01-10,Australia,Newcastle,Paradip,Panamax,Coal,18272.03,564.21,116.576,61.21,19.14,32.4,6580.0,498.5
2025-01-17,Australia,Newcastle,Paradip,Panamax,Coal,16603.5,564.36,116.642,67.11,41.54,35.35,6580.0,498.5
2025-01-24,Australia,Newcastle,Paradip,Panamax,Coal,15490.87,564.76,116.896,63.1,36.09,36.2,6580.0,498.5
2025-01-31,Australia,Newcastle,Paradip,Panamax,Coal,15489.28,564.98,117.171,60.21,29.85,27.48,6580.0,498.5
2025-02-07,Australia,Newcastle,Paradip,Panamax,Coal,16467.14,582.12,122.351,38.91,31.62,36.43,6580.0,498.5
2025-02-14,Australia,Newcastle,Paradip,Panamax,Coal,16778.37,582.6,122.541,60.38,31.55,37.25,6580.0,498.5
2025-02-21,Australia,Newcastle,Paradip,Panamax,Coal,16821.46,582.52,122.748,46.65,15.87,35.31,6580.0,498.5
2025-02-28,Australia,Newcastle,Paradip,Panamax,Coal,17195.55,583.03,122.945,38.61,13.26,37.68,6580.0,498.5
2025-03-07,Australia,Newcastle,Paradip,Panamax,Coal,18779.38,595.82,126.87,33.03,12.79,45.79,6580.0,498.5
2025-03-14,Australia,Newcastle,Paradip,Panamax,Coal,17673.12,596.01,127.049,34.03,12.69,46.73,6580.0,498.5
2025-03-21,Australia,Newcastle,Paradip,Panamax,Coal,18231.8,597.42,127.153,30.87,32.26,36.13,6580.0,498.5
2025-03-28,Australia,Newcastle,Paradip,Panamax,Coal,18883.57,598.46,127.253,30.97,13.65,39.06,6580.0,498.5
2025-04-04,Australia,Newcastle,Paradip,Panamax,Coal,20467.45,602.6,128.664,32.0,20.67,39.16,6580.0,498.5
2025-04-11,Australia,Newcastle,Paradip,Panamax,Coal,20467.52,602.95,128.854,42.17,14.89,42.09,6580.0,498.5
2025-04-18,Australia,Newcastle,Paradip,Panamax,Coal,20352.88,603.34,128.987,38.45,12.76,60.25,6580.0,498.5
2025-04-25,Australia,Newcastle,Paradip,Panamax,Coal,20296.99,604.73,129.167,43.58,16.01,39.83,6580.0,498.5
2025-05-02,Australia,Newcastle,Paradip,Panamax,Coal,20806.05,601.49,127.919,48.49,14.5,30.18,6580.0,498.5
2025-05-09,Australia,Newcastle,Paradip,Panamax,Coal,20808.03,601.84,128.075,55.3,36.78,42.36,6580.0,498.5
2025-05-16,Australia,Newcastle,Paradip,Panamax,Coal,20714.71,602.97,128.335,48.6,33.06,43.84,6580.0,498.5
2025-05-23,Australia,Newcastle,Paradip,Panamax,Coal,22069.69,603.92,128.527,38.84,21.5,39.14,6580.0,498.5
2025-05-30,Australia,Newcastle,Paradip,Panamax,Coal,22164.13,604.3,128.698,48.14,18.44,41.27,6580.0,498.5
2025-06-06,Australia,Newcastle,Paradip,Panamax,Coal,21726.81,592.35,125.199,55.76,19.27,43.5,6580.0,498.5
2025-06-13,Australia,Newcastle,Paradip,Panamax,Coal,21470.02,593.53,125.294,74.75,33.72,43.61,6580.0,498.5
2025-06-20,Australia,Newcastle,Paradip,Panamax,Coal,21978.66,595.44,125.535,79.48,39.46,23.87,6580.0,498.5
2025-06-27,Australia,Newcastle,Paradip,Panamax,Coal,21966.41,596.43,125.688,72.42,42.5,30.5,6580.0,498.5
2025-07-04,Australia,Newcastle,Paradip,Panamax,Coal,19849.16,580.39,120.7,80.69,25.84,25.89,6580.0,498.5
2025-07-11,Australia,Newcastle,Paradip,Panamax,Coal,20996.29,580.91,120.842,71.39,32.56,28.1,6580.0,498.5
2025-07-18,Australia,Newcastle,Paradip,Panamax,Coal,21271.52,580.77,121.048,70.04,35.29,37.55,6580.0,498.5
2025-07-25,Australia,Newcastle,Paradip,Panamax,Coal,19982.34,580.35,121.223,77.77,32.88,33.11,6580.0,498.5
2025-08-01,Australia,Newcastle,Paradip,Panamax,Coal,18796.51,563.36,116.239,84.28,42.06,31.66,6580.0,498.5
2025-08-08,Australia,Newcastle,Paradip,Panamax,Coal,19187.51,564.22,116.402,84.26,21.24,44.96,6580.0,498.5
2025-08-15,Australia,Newcastle,Paradip,Panamax,Coal,18919.37,563.54,116.552,76.16,28.62,39.03,6580.0,498.5
2025-08-22,Australia,Newcastle,Paradip,Panamax,Coal,18923.06,563.04,116.689,68.31,37.91,30.46,6580.0,498.5
2025-08-29,Australia,Newcastle,Paradip,Panamax,Coal,19048.64,563.86,116.796,69.45,36.34,42.45,6580.0,498.5
2025-09-05,Australia,Newcastle,Paradip,Panamax,Coal,19926.64,551.41,113.114,69.37,22.11,48.94,6580.0,498.5
2025-09-12,Australia,Newcastle,Paradip,Panamax,Coal,19533.9,551.52,113.273,80.56,47.31,41.11,6580.0,498.5
2025-09-19,Australia,Newcastle,Paradip,Panamax,Coal,20804.35,551.47,113.419,81.91,41.92,41.06,6580.0,498.5
2025-09-26,Australia,Newcastle,Paradip,Panamax,Coal,20465.6,551.78,113.621,73.87,26.33,40.65,6580.0,498.5
2025-10-03,Australia,Newcastle,Paradip,Panamax,Coal,21486.8,547.61,112.37,74.14,35.78,37.1,6580.0,498.5
2025-10-10,Australia,Newcastle,Paradip,Panamax,Coal,21348.49,548.11,112.523,65.06,27.64,34.33,6580.0,498.5
2025-10-17,Australia,Newcastle,Paradip,Panamax,Coal,21312.82,549.56,112.722,69.68,41.0,34.85,6580.0,498.5
2025-10-24,Australia,Newcastle,Paradip,Panamax,Coal,22585.94,549.07,112.875,65.78,39.19,34.97,6580.0,498.5
2025-10-31,Australia,Newcastle,Paradip,Panamax,Coal,23538.42,551.01,113.111,52.48,13.91,31.91,6580.0,498.5
2025-11-07,Australia,Newcastle,Paradip,Panamax,Coal,23743.03,555.99,114.727,49.9,26.34,43.55,6580.0,498.5
2025-11-14,Australia,Newcastle,Paradip,Panamax,Coal,24191.1,556.79,114.869,41.35,21.75,38.03,6580.0,498.5
2025-11-21,Australia,Newcastle,Paradip,Panamax,Coal,23882.29,557.25,115.01,54.49,37.2,32.28,6580.0,498.5
2025-11-28,Australia,Newcastle,Paradip,Panamax,Coal,23695.44,557.34,115.167,44.36,13.31,46.24,6580.0,498.5
2025-12-05,Australia,Newcastle,Paradip,Panamax,Coal,23472.43,570.38,119.179,39.72,20.6,39.34,6580.0,498.5
2025-12-12,Australia,Newcastle,Paradip,Panamax,Coal,22713.28,569.95,119.268,52.4,19.02,43.94,6580.0,498.5
2025-12-19,Australia,Newcastle,Paradip,Panamax,Coal,23333.31,571.27,119.494,61.21,30.57,32.65,6580.0,498.5
2025-12-26,Australia,Newcastle,Paradip,Panamax,Coal,22623.19,571.74,119.623,49.08,5.38,41.1,6580.0,498.5
2026-01-02,Australia,Newcastle,Paradip,Panamax,Coal,21953.26,590.07,125.104,46.03,25.27,43.3,6580.0,498.5
2026-01-09,Australia,Newcastle,Paradip,Panamax,Coal,21557.41,590.75,125.166,28.02,23.44,31.57,6580.0,498.5
2026-01-16,Australia,Newcastle,Paradip,Panamax,Coal,20747.78,592.22,125.356,37.56,16.79,30.62,6580.0,498.5
2026-01-23,Australia,Newcastle,Paradip,Panamax,Coal,21197.24,592.95,125.509,32.53,17.47,35.17,6580.0,498.5
2026-01-30,Australia,Newcastle,Paradip,Panamax,Coal,20600.23,593.53,125.692,53.41,37.6,32.85,6580.0,498.5
2026-02-06,Australia,Newcastle,Paradip,Panamax,Coal,19518.56,611.69,131.166,49.19,31.76,43.82,6580.0,498.5
2026-02-13,Australia,Newcastle,Paradip,Panamax,Coal,18819.55,611.21,131.281,44.8,17.76,35.71,6580.0,498.5
2026-02-20,Australia,Newcastle,Paradip,Panamax,Coal,18283.42,612.26,131.417,34.55,18.87,38.51,6580.0,498.5
2026-02-27,Australia,Newcastle,Paradip,Panamax,Coal,19247.42,612.34,131.637,47.78,28.49,43.91,6580.0,498.5
2026-03-06,Australia,Newcastle,Paradip,Panamax,Coal,19934.9,624.88,135.723,47.57,33.14,44.63,6580.0,498.5
2026-03-13,Australia,Newcastle,Paradip,Panamax,Coal,20378.08,623.93,135.977,53.08,40.98,36.72,6580.0,498.5
2026-03-20,Australia,Newcastle,Paradip,Panamax,Coal,19326.57,623.76,136.192,40.26,15.1,38.75,6580.0,498.5
2026-03-27,Australia,Newcastle,Paradip,Panamax,Coal,20233.04,624.36,136.404,42.86,19.94,53.58,6580.0,498.5
2026-04-03,Australia,Newcastle,Paradip,Panamax,Coal,21598.75,630.3,138.054,52.38,37.42,47.23,6580.0,498.5
2026-04-10,Australia,Newcastle,Paradip,Panamax,Coal,21020.8,630.93,138.323,59.54,25.63,36.02,6580.0,498.5
2026-04-17,Australia,Newcastle,Paradip,Panamax,Coal,21079.2,630.89,138.427,56.48,30.54,43.76,6580.0,498.5
2026-04-24,Australia,Newcastle,Paradip,Panamax,Coal,20822.97,631.84,138.581,58.2,30.83,33.06,6580.0,498.5
2026-05-01,Australia,Newcastle,Paradip,Panamax,Coal,21602.26,627.4,137.284,69.06,39.08,40.04,6580.0,498.5
2026-05-08,Australia,Newcastle,Paradip,Panamax,Coal,20832.19,628.03,137.541,62.57,28.58,44.97,6580.0,498.5
2026-05-15,Australia,Newcastle,Paradip,Panamax,Coal,21023.02,628.03,137.663,60.44,35.91,35.14,6580.0,498.5
2026-05-22,Australia,Newcastle,Paradip,Panamax,Coal,19995.97,628.23,137.866,59.35,32.93,52.56,6580.0,498.5
2026-05-29,Australia,Newcastle,Paradip,Panamax,Coal,20593.28,629.73,138.111,61.77,31.66,40.68,6580.0,498.5
2026-06-05,Australia,Newcastle,Paradip,Panamax,Coal,20090.57,617.53,134.352,67.32,45.0,43.13,6580.0,498.5
2026-06-12,Australia,Newcastle,Paradip,Panamax,Coal,19838.85,618.21,134.51,63.99,33.08,22.72,6580.0,498.5
2026-06-19,Australia,Newcastle,Paradip,Panamax,Coal,19081.28,618.08,134.752,81.73,28.91,35.67,6580.0,498.5
2026-06-26,Australia,Newcastle,Paradip,Panamax,Coal,20504.66,618.4,135.023,79.49,30.24,42.06,6580.0,498.5
2026-07-03,Australia,Newcastle,Paradip,Panamax,Coal,18316.31,601.57,129.684,69.32,38.41,30.51,6580.0,498.5
2026-07-10,Australia,Newcastle,Paradip,Panamax,Coal,19189.4,601.02,129.969,68.39,23.76,40.25,6580.0,498.5
2026-07-17,Australia,Newcastle,Paradip,Panamax,Coal,20100.77,601.11,130.204,76.77,31.46,32.55,6580.0,498.5
2026-07-24,Australia,Newcastle,Paradip,Panamax,Coal,19536.89,602.42,130.401,85.75,34.93,46.52,6580.0,498.5
2026-07-31,Australia,Newcastle,Paradip,Panamax,Coal,18271.66,602.02,130.602,70.94,31.23,34.25,6580.0,498.5
2026-08-07,Australia,Newcastle,Paradip,Panamax,Coal,17810.3,584.19,125.218,77.26,21.88,34.88,6580.0,498.5
2026-08-14,Australia,Newcastle,Paradip,Panamax,Coal,18416.93,584.71,125.37,49.27,27.32,39.5,6580.0,498.5
2026-08-21,Australia,Newcastle,Paradip,Panamax,Coal,18391.91,585.47,125.56,58.79,28.72,34.74,6580.0,498.5
2026-08-28,Australia,Newcastle,Paradip,Panamax,Coal,17589.6,585.48,125.753,70.39,27.87,34.27,6580.0,498.5
2026-09-04,Australia,Newcastle,Paradip,Panamax,Coal,17784.5,572.21,121.815,71.4,32.69,42.8,6580.0,498.5
2026-09-11,Australia,Newcastle,Paradip,Panamax,Coal,18191.84,571.78,122.068,78.14,49.2,46.12,6580.0,498.5
2026-09-18,Australia,Newcastle,Paradip,Panamax,Coal,19459.07,572.1,122.256,78.98,38.34,47.69,6580.0,498.5
2026-09-25,Australia,Newcastle,Paradip,Panamax,Coal,19748.39,572.51,122.483,72.57,38.55,34.26,6580.0,498.5
2023-01-06,South Africa,Richards Bay,Haldia,Panamax,Coal,16285.05,519.44,99.953,72.0,12.09,41.07,5490.0,415.9
2023-01-13,South Africa,Richards Bay,Haldia,Panamax,Coal,17224.85,520.28,100.181,67.29,25.44,29.44,5490.0,415.9
2023-01-20,South Africa,Richards Bay,Haldia,Panamax,Coal,17610.55,521.33,100.291,69.86,20.12,38.98,5490.0,415.9
2023-01-27,South Africa,Richards Bay,Haldia,Panamax,Coal,17296.8,521.82,100.457,72.92,20.15,37.17,5490.0,415.9
2023-02-03,South Africa,Richards Bay,Haldia,Panamax,Coal,16541.63,537.32,104.842,71.33,33.11,30.9,5490.0,415.9
2023-02-10,South Africa,Richards Bay,Haldia,Panamax,Coal,16872.76,538.13,104.936,68.72,34.68,46.64,5490.0,415.9
2023-02-17,South Africa,Richards Bay,Haldia,Panamax,Coal,16482.98,538.09,105.124,66.16,19.5,40.96,5490.0,415.9
2023-02-24,South Africa,Richards Bay,Haldia,Panamax,Coal,16068.28,537.62,105.273,66.91,16.15,38.4,5490.0,415.9
2023-03-03,South Africa,Richards Bay,Haldia,Panamax,Coal,16902.4,550.04,108.663,65.88,20.47,51.2,5490.0,415.9
2023-03-10,South Africa,Richards Bay,Haldia,Panamax,Coal,16948.84,550.18,108.807,63.81,9.7,37.13,5490.0,415.9
2023-03-17,South Africa,Richards Bay,Haldia,Panamax,Coal,18282.63,550.8,108.961,69.08,32.56,43.67,5490.0,415.9
2023-03-24,South Africa,Richards Bay,Haldia,Panamax,Coal,18162.82,551.13,109.087,78.21,28.2,37.86,5490.0,415.9
2023-03-31,South Africa,Richards Bay,Haldia,Panamax,Coal,18046.57,551.86,109.273,82.36,26.58,47.2,5490.0,415.9
2023-04-07,South Africa,Richards Bay,Haldia,Panamax,Coal,18919.56,556.7,110.633,87.52,42.8,38.69,5490.0,415.9
2023-04-14,South Africa,Richards Bay,Haldia,Panamax,Coal,19198.51,557.28,110.782,84.83,42.29,43.95,5490.0,415.9
2023-04-21,South Africa,Richards Bay,Haldia,Panamax,Coal,19170.39,557.72,110.927,81.55,36.86,47.62,5490.0,415.9
2023-04-28,South Africa,Richards Bay,Haldia,Panamax,Coal,18990.32,557.74,111.121,92.34,30.96,32.41,5490.0,415.9
2023-05-05,South Africa,Richards Bay,Haldia,Panamax,Coal,18944.1,554.54,110.187,99.0,30.27,35.86,5490.0,415.9
2023-05-12,South Africa,Richards Bay,Haldia,Panamax,Coal,19243.85,555.82,110.331,99.0,41.84,38.82,5490.0,415.9
2023-05-19,South Africa,Richards Bay,Haldia,Panamax,Coal,18474.93,556.04,110.489,97.07,22.49,44.39,5490.0,415.9
2023-05-26,South Africa,Richards Bay,Haldia,Panamax,Coal,18384.13,556.56,110.636,96.65,27.84,36.47,5490.0,415.9
2023-06-02,South Africa,Richards Bay,Haldia,Panamax,Coal,18711.16,545.41,107.547,91.92,29.97,34.22,5490.0,415.9
2023-06-09,South Africa,Richards Bay,Haldia,Panamax,Coal,17987.11,545.93,107.673,98.49,37.0,43.69,5490.0,415.9
2023-06-16,South Africa,Richards Bay,Haldia,Panamax,Coal,17687.1,545.73,107.857,99.0,31.38,55.61,5490.0,415.9
2023-06-23,South Africa,Richards Bay,Haldia,Panamax,Coal,18379.17,546.48,108.051,99.0,39.71,37.8,5490.0,415.9
2023-06-30,South Africa,Richards Bay,Haldia,Panamax,Coal,18629.2,546.8,108.217,86.11,22.45,27.43,5490.0,415.9
2023-07-07,South Africa,Richards Bay,Haldia,Panamax,Coal,17165.74,532.29,103.935,87.05,25.27,31.25,5490.0,415.9
2023-07-14,South Africa,Richards Bay,Haldia,Panamax,Coal,16881.6,533.63,104.072,86.27,30.3,44.93,5490.0,415.9
2023-07-21,South Africa,Richards Bay,Haldia,Panamax,Coal,16216.81,533.88,104.234,86.17,34.89,30.76,5490.0,415.9
2023-07-28,South Africa,Richards Bay,Haldia,Panamax,Coal,15897.55,534.23,104.435,88.42,34.49,33.47,5490.0,415.9
2023-08-04,South Africa,Richards Bay,Haldia,Panamax,Coal,15518.61,519.06,100.091,85.03,34.08,35.05,5490.0,415.9
2023-08-11,South Africa,Richards Bay,Haldia,Panamax,Coal,14897.93,519.47,100.282,72.66,23.56,42.86,5490.0,415.9
2023-08-18,South Africa,Richards Bay,Haldia,Panamax,Coal,15420.83,520.39,100.464,76.81,23.25,35.77,5490.0,415.9
2023-08-25,South Africa,Richards Bay,Haldia,Panamax,Coal,15648.26,520.38,100.59,70.7,40.01,32.42,5490.0,415.9
2023-09-01,South Africa,Richards Bay,Haldia,Panamax,Coal,15605.03,509.19,97.473,74.53,19.25,36.7,5490.0,415.9
2023-09-08,South Africa,Richards Bay,Haldia,Panamax,Coal,15772.88,510.0,97.607,80.43,26.31,40.68,5490.0,415.9
2023-09-15,South Africa,Richards Bay,Haldia,Panamax,Coal,14583.59,510.38,97.757,86.95,25.96,34.07,5490.0,415.9
2023-09-22,South Africa,Richards Bay,Haldia,Panamax,Coal,14651.2,510.84,97.906,90.02,24.61,42.22,5490.0,415.9
2023-09-29,South Africa,Richards Bay,Haldia,Panamax,Coal,14665.77,511.63,98.025,86.57,38.52,41.72,5490.0,415.9
2023-10-06,South Africa,Richards Bay,Haldia,Panamax,Coal,16482.28,508.2,97.005,81.34,28.93,42.08,5490.0,415.9
2023-10-13,South Africa,Richards Bay,Haldia,Panamax,Coal,16865.66,508.88,97.232,73.97,23.89,39.4,5490.0,415.9
2023-10-20,South Africa,Richards Bay,Haldia,Panamax,Coal,16673.93,509.12,97.428,74.42,25.83,37.24,5490.0,415.9
2023-10-27,South Africa,Richards Bay,Haldia,Panamax,Coal,17814.24,509.52,97.6,80.17,46.06,42.29,5490.0,415.9
2023-11-03,South Africa,Richards Bay,Haldia,Panamax,Coal,18610.84,514.1,98.945,81.7,30.3,32.99,5490.0,415.9
2023-11-10,South Africa,Richards Bay,Haldia,Panamax,Coal,17910.5,514.58,99.043,87.11,31.2,42.85,5490.0,415.9
2023-11-17,South Africa,Richards Bay,Haldia,Panamax,Coal,17299.84,515.08,99.222,84.16,24.34,32.63,5490.0,415.9
2023-11-24,South Africa,Richards Bay,Haldia,Panamax,Coal,18962.9,514.17,99.396,82.34,43.87,47.06,5490.0,415.9
2023-12-01,South Africa,Richards Bay,Haldia,Panamax,Coal,18454.08,527.15,102.902,74.95,21.9,45.74,5490.0,415.9
2023-12-08,South Africa,Richards Bay,Haldia,Panamax,Coal,18496.7,527.21,103.013,71.01,27.8,41.06,5490.0,415.9
2023-12-15,South Africa,Richards Bay,Haldia,Panamax,Coal,18048.48,527.02,103.146,72.95,21.73,35.87,5490.0,415.9
2023-12-22,South Africa,Richards Bay,Haldia,Panamax,Coal,19291.67,527.39,103.305,79.77,23.49,36.81,5490.0,415.9
2023-12-29,South Africa,Richards Bay,Haldia,Panamax,Coal,19575.09,527.45,103.441,64.96,29.23,37.22,5490.0,415.9
2024-01-05,South Africa,Richards Bay,Haldia,Panamax,Coal,18925.04,544.11,108.183,69.44,29.52,38.36,5490.0,415.9
2024-01-12,South Africa,Richards Bay,Haldia,Panamax,Coal,19433.02,544.23,108.39,69.45,29.11,36.41,5490.0,415.9
2024-01-19,South Africa,Richards Bay,Haldia,Panamax,Coal,19668.4,544.9,108.553,74.29,13.36,36.04,5490.0,415.9
2024-01-26,South Africa,Richards Bay,Haldia,Panamax,Coal,19739.22,545.86,108.66,84.55,32.37,33.97,5490.0,415.9
2024-02-02,South Africa,Richards Bay,Haldia,Panamax,Coal,19354.84,560.88,113.443,90.56,24.24,33.5,5490.0,415.9
2024-02-09,South Africa,Richards Bay,Haldia,Panamax,Coal,18298.01,561.27,113.508,87.38,28.43,39.0,5490.0,415.9
2024-02-16,South Africa,Richards Bay,Haldia,Panamax,Coal,19104.33,561.54,113.732,86.6,32.54,47.51,5490.0,415.9
2024-02-23,South Africa,Richards Bay,Haldia,Panamax,Coal,19123.64,561.47,113.906,82.67,16.91,29.19,5490.0,415.9
2024-03-01,South Africa,Richards Bay,Haldia,Panamax,Coal,19555.2,573.69,117.508,91.47,28.85,40.89,5490.0,415.9
2024-03-08,South Africa,Richards Bay,Haldia,Panamax,Coal,19230.39,573.98,117.586,89.62,26.13,25.61,5490.0,415.9
2024-03-15,South Africa,Richards Bay,Haldia,Panamax,Coal,18846.57,575.21,117.738,86.24,23.67,43.03,5490.0,415.9
2024-03-22,South Africa,Richards Bay,Haldia,Panamax,Coal,18705.22,575.06,117.953,88.14,41.77,38.05,5490.0,415.9
2024-03-29,South Africa,Richards Bay,Haldia,Panamax,Coal,19058.57,575.25,117.989,97.58,32.03,37.65,5490.0,415.9
2024-04-05,South Africa,Richards Bay,Haldia,Panamax,Coal,20790.29,580.3,119.378,98.23,49.5,52.35,5490.0,415.9
2024-04-12,South Africa,Richards Bay,Haldia,Panamax,Coal,21282.05,580.8,119.451,94.2,41.13,44.57,5490.0,415.9
2024-04-19,South Africa,Richards Bay,Haldia,Panamax,Coal,20407.79,580.53,119.616,97.94,35.06,38.17,5490.0,415.9
2024-04-26,South Africa,Richards Bay,Haldia,Panamax,Coal,20493.52,582.32,119.809,95.97,27.49,47.01,5490.0,415.9
2024-05-03,South Africa,Richards Bay,Haldia,Panamax,Coal,21728.29,577.86,118.651,99.0,40.46,36.82,5490.0,415.9
2024-05-10,South Africa,Richards Bay,Haldia,Panamax,Coal,21365.51,577.33,118.872,99.0,25.8,44.43,5490.0,415.9
2024-05-17,South Africa,Richards Bay,Haldia,Panamax,Coal,21640.94,576.78,119.112,99.0,35.83,51.83,5490.0,415.9
2024-05-24,South Africa,Richards Bay,Haldia,Panamax,Coal,21775.63,577.82,119.319,99.0,49.38,50.69,5490.0,415.9
2024-05-31,South Africa,Richards Bay,Haldia,Panamax,Coal,21319.8,577.43,119.443,99.0,35.46,38.25,5490.0,415.9
2024-06-07,South Africa,Richards Bay,Haldia,Panamax,Coal,19721.32,566.46,116.203,99.0,35.8,31.72,5490.0,415.9
2024-06-14,South Africa,Richards Bay,Haldia,Panamax,Coal,19862.61,566.7,116.424,99.0,43.99,34.24,5490.0,415.9
2024-06-21,South Africa,Richards Bay,Haldia,Panamax,Coal,19381.03,566.87,116.559,99.0,37.89,44.3,5490.0,415.9
2024-06-28,South Africa,Richards Bay,Haldia,Panamax,Coal,19088.5,567.45,116.755,99.0,30.88,30.49,5490.0,415.9
2024-07-05,South Africa,Richards Bay,Haldia,Panamax,Coal,17178.98,551.08,112.143,94.01,22.24,37.72,5490.0,415.9
2024-07-12,South Africa,Richards Bay,Haldia,Panamax,Coal,16997.11,551.81,112.386,95.57,30.41,35.28,5490.0,415.9
2024-07-19,South Africa,Richards Bay,Haldia,Panamax,Coal,17295.51,552.63,112.618,99.0,28.8,25.48,5490.0,415.9
2024-07-26,South Africa,Richards Bay,Haldia,Panamax,Coal,17539.11,553.89,112.737,99.0,42.48,34.79,5490.0,415.9
2024-08-02,South Africa,Richards Bay,Haldia,Panamax,Coal,16711.09,537.93,108.097,98.57,28.28,35.86,5490.0,415.9
2024-08-09,South Africa,Richards Bay,Haldia,Panamax,Coal,17189.22,538.93,108.291,91.84,31.38,44.61,5490.0,415.9
2024-08-16,South Africa,Richards Bay,Haldia,Panamax,Coal,17049.36,538.68,108.429,91.66,38.15,41.44,5490.0,415.9
2024-08-23,South Africa,Richards Bay,Haldia,Panamax,Coal,17056.26,538.21,108.63,88.57,29.86,36.42,5490.0,415.9
2024-08-30,South Africa,Richards Bay,Haldia,Panamax,Coal,16251.45,538.54,108.875,88.91,28.32,42.78,5490.0,415.9
2024-09-06,South Africa,Richards Bay,Haldia,Panamax,Coal,16844.79,526.33,105.496,81.01,24.15,46.83,5490.0,415.9
2024-09-13,South Africa,Richards Bay,Haldia,Panamax,Coal,17453.79,526.75,105.559,77.58,33.05,55.45,5490.0,415.9
2024-09-20,South Africa,Richards Bay,Haldia,Panamax,Coal,17596.35,527.35,105.712,76.4,17.55,34.84,5490.0,415.9
2024-09-27,South Africa,Richards Bay,Haldia,Panamax,Coal,17573.19,528.52,105.961,79.43,42.03,34.39,5490.0,415.9
2024-10-04,South Africa,Richards Bay,Haldia,Panamax,Coal,17706.14,525.36,104.828,82.31,27.19,38.0,5490.0,415.9
2024-10-11,South Africa,Richards Bay,Haldia,Panamax,Coal,17161.54,525.17,104.937,83.56,27.53,37.44,5490.0,415.9
2024-10-18,South Africa,Richards Bay,Haldia,Panamax,Coal,17140.06,524.63,105.099,84.21,23.9,45.18,5490.0,415.9
2024-10-25,South Africa,Richards Bay,Haldia,Panamax,Coal,17867.76,524.91,105.193,91.62,45.1,47.11,5490.0,415.9
2024-11-01,South Africa,Richards Bay,Haldia,Panamax,Coal,17868.25,530.26,106.64,78.61,14.66,43.6,5490.0,415.9
2024-11-08,South Africa,Richards Bay,Haldia,Panamax,Coal,18322.97,531.01,106.817,79.28,22.99,33.18,5490.0,415.9
2024-11-15,South Africa,Richards Bay,Haldia,Panamax,Coal,18383.08,531.08,107.0,73.58,29.45,38.46,5490.0,415.9
2024-11-22,South Africa,Richards Bay,Haldia,Panamax,Coal,18249.18,531.54,107.099,79.15,32.25,43.45,5490.0,415.9
2024-11-29,South Africa,Richards Bay,Haldia,Panamax,Coal,19083.6,531.3,107.256,85.05,41.36,42.79,5490.0,415.9
2024-12-06,South Africa,Richards Bay,Haldia,Panamax,Coal,18928.75,544.72,110.972,74.27,33.39,37.62,5490.0,415.9
2024-12-13,South Africa,Richards Bay,Haldia,Panamax,Coal,19166.31,545.5,111.069,74.67,21.79,42.27,5490.0,415.9
2024-12-20,South Africa,Richards Bay,Haldia,Panamax,Coal,18654.57,545.41,111.28,80.78,31.03,40.36,5490.0,415.9
2024-12-27,South Africa,Richards Bay,Haldia,Panamax,Coal,18055.88,545.35,111.403,80.75,14.5,37.07,5490.0,415.9
2025-01-03,South Africa,Richards Bay,Haldia,Panamax,Coal,18093.97,562.67,116.466,80.93,23.22,35.25,5490.0,415.9
2025-01-10,South Africa,Richards Bay,Haldia,Panamax,Coal,18631.76,564.21,116.576,72.59,29.71,32.4,5490.0,415.9
2025-01-17,South Africa,Richards Bay,Haldia,Panamax,Coal,19124.98,564.36,116.642,67.86,18.46,35.35,5490.0,415.9
2025-01-24,South Africa,Richards Bay,Haldia,Panamax,Coal,18140.07,564.76,116.896,61.51,19.33,36.2,5490.0,415.9
2025-01-31,South Africa,Richards Bay,Haldia,Panamax,Coal,18470.23,564.98,117.171,64.21,15.18,27.48,5490.0,415.9
2025-02-07,South Africa,Richards Bay,Haldia,Panamax,Coal,18101.5,582.12,122.351,61.89,18.51,36.43,5490.0,415.9
2025-02-14,South Africa,Richards Bay,Haldia,Panamax,Coal,17841.62,582.6,122.541,57.14,8.91,37.25,5490.0,415.9
2025-02-21,South Africa,Richards Bay,Haldia,Panamax,Coal,17976.54,582.52,122.748,62.69,21.55,35.31,5490.0,415.9
2025-02-28,South Africa,Richards Bay,Haldia,Panamax,Coal,17691.41,583.03,122.945,66.72,18.35,37.68,5490.0,415.9
2025-03-07,South Africa,Richards Bay,Haldia,Panamax,Coal,18407.07,595.82,126.87,68.27,38.02,45.79,5490.0,415.9
2025-03-14,South Africa,Richards Bay,Haldia,Panamax,Coal,18715.79,596.01,127.049,64.97,3.04,46.73,5490.0,415.9
2025-03-21,South Africa,Richards Bay,Haldia,Panamax,Coal,18166.21,597.42,127.153,59.76,23.49,36.13,5490.0,415.9
2025-03-28,South Africa,Richards Bay,Haldia,Panamax,Coal,17964.59,598.46,127.253,60.78,17.06,39.06,5490.0,415.9
2025-04-04,South Africa,Richards Bay,Haldia,Panamax,Coal,19338.76,602.6,128.664,64.27,28.82,39.16,5490.0,415.9
2025-04-11,South Africa,Richards Bay,Haldia,Panamax,Coal,19673.09,602.95,128.854,65.72,14.54,42.09,5490.0,415.9
2025-04-18,South Africa,Richards Bay,Haldia,Panamax,Coal,19850.31,603.34,128.987,70.91,35.23,60.25,5490.0,415.9
2025-04-25,South Africa,Richards Bay,Haldia,Panamax,Coal,19954.42,604.73,129.167,70.47,25.89,39.83,5490.0,415.9
2025-05-02,South Africa,Richards Bay,Haldia,Panamax,Coal,20108.95,601.49,127.919,80.52,29.4,30.18,5490.0,415.9
2025-05-09,South Africa,Richards Bay,Haldia,Panamax,Coal,20342.19,601.84,128.075,81.38,25.11,42.36,5490.0,415.9
2025-05-16,South Africa,Richards Bay,Haldia,Panamax,Coal,20886.02,602.97,128.335,86.5,29.07,43.84,5490.0,415.9
2025-05-23,South Africa,Richards Bay,Haldia,Panamax,Coal,21744.67,603.92,128.527,87.17,37.25,39.14,5490.0,415.9
2025-05-30,South Africa,Richards Bay,Haldia,Panamax,Coal,22456.44,604.3,128.698,79.83,38.19,41.27,5490.0,415.9
2025-06-06,South Africa,Richards Bay,Haldia,Panamax,Coal,22066.14,592.35,125.199,83.21,26.93,43.5,5490.0,415.9
2025-06-13,South Africa,Richards Bay,Haldia,Panamax,Coal,21791.19,593.53,125.294,92.51,28.87,43.61,5490.0,415.9
2025-06-20,South Africa,Richards Bay,Haldia,Panamax,Coal,20449.93,595.44,125.535,99.0,35.2,23.87,5490.0,415.9
2025-06-27,South Africa,Richards Bay,Haldia,Panamax,Coal,19405.24,596.43,125.688,85.96,24.81,30.5,5490.0,415.9
2025-07-04,South Africa,Richards Bay,Haldia,Panamax,Coal,17606.87,580.39,120.7,88.91,32.12,25.89,5490.0,415.9
2025-07-11,South Africa,Richards Bay,Haldia,Panamax,Coal,17007.86,580.91,120.842,81.7,30.35,28.1,5490.0,415.9
2025-07-18,South Africa,Richards Bay,Haldia,Panamax,Coal,17115.55,580.77,121.048,79.92,30.24,37.55,5490.0,415.9
2025-07-25,South Africa,Richards Bay,Haldia,Panamax,Coal,17004.56,580.35,121.223,80.0,31.55,33.11,5490.0,415.9
2025-08-01,South Africa,Richards Bay,Haldia,Panamax,Coal,15988.96,563.36,116.239,85.32,21.52,31.66,5490.0,415.9
2025-08-08,South Africa,Richards Bay,Haldia,Panamax,Coal,16860.63,564.22,116.402,86.92,28.26,44.96,5490.0,415.9
2025-08-15,South Africa,Richards Bay,Haldia,Panamax,Coal,17336.2,563.54,116.552,78.35,41.01,39.03,5490.0,415.9
2025-08-22,South Africa,Richards Bay,Haldia,Panamax,Coal,16945.89,563.04,116.689,79.28,25.95,30.46,5490.0,415.9
2025-08-29,South Africa,Richards Bay,Haldia,Panamax,Coal,16734.95,563.86,116.796,85.18,31.44,42.45,5490.0,415.9
2025-09-05,South Africa,Richards Bay,Haldia,Panamax,Coal,17042.69,551.41,113.114,82.04,27.13,48.94,5490.0,415.9
2025-09-12,South Africa,Richards Bay,Haldia,Panamax,Coal,16706.27,551.52,113.273,88.08,35.89,41.11,5490.0,415.9
2025-09-19,South Africa,Richards Bay,Haldia,Panamax,Coal,16689.23,551.47,113.419,93.43,26.93,41.06,5490.0,415.9
2025-09-26,South Africa,Richards Bay,Haldia,Panamax,Coal,16591.44,551.78,113.621,90.76,22.25,40.65,5490.0,415.9
2025-10-03,South Africa,Richards Bay,Haldia,Panamax,Coal,18573.35,547.61,112.37,79.1,27.97,37.1,5490.0,415.9
2025-10-10,South Africa,Richards Bay,Haldia,Panamax,Coal,17697.82,548.11,112.523,82.78,15.44,34.33,5490.0,415.9
2025-10-17,South Africa,Richards Bay,Haldia,Panamax,Coal,18326.49,549.56,112.722,83.75,21.59,34.85,5490.0,415.9
2025-10-24,South Africa,Richards Bay,Haldia,Panamax,Coal,17836.86,549.07,112.875,85.97,31.64,34.97,5490.0,415.9
2025-10-31,South Africa,Richards Bay,Haldia,Panamax,Coal,16691.35,551.01,113.111,88.5,33.11,31.91,5490.0,415.9
2025-11-07,South Africa,Richards Bay,Haldia,Panamax,Coal,17367.84,555.99,114.727,87.86,36.65,43.55,5490.0,415.9
2025-11-14,South Africa,Richards Bay,Haldia,Panamax,Coal,17683.23,556.79,114.869,91.03,33.41,38.03,5490.0,415.9
2025-11-21,South Africa,Richards Bay,Haldia,Panamax,Coal,17450.66,557.25,115.01,89.64,30.53,32.28,5490.0,415.9
2025-11-28,South Africa,Richards Bay,Haldia,Panamax,Coal,16605.87,557.34,115.167,88.86,12.2,46.24,5490.0,415.9
2025-12-05,South Africa,Richards Bay,Haldia,Panamax,Coal,17178.74,570.38,119.179,79.5,20.7,39.34,5490.0,415.9
2025-12-12,South Africa,Richards Bay,Haldia,Panamax,Coal,16558.24,569.95,119.268,82.96,24.86,43.94,5490.0,415.9
2025-12-19,South Africa,Richards Bay,Haldia,Panamax,Coal,17265.46,571.27,119.494,80.63,30.19,32.65,5490.0,415.9
2025-12-26,South Africa,Richards Bay,Haldia,Panamax,Coal,17897.16,571.74,119.623,76.6,20.46,41.1,5490.0,415.9
2026-01-02,South Africa,Richards Bay,Haldia,Panamax,Coal,17258.89,590.07,125.104,75.07,19.54,43.3,5490.0,415.9
2026-01-09,South Africa,Richards Bay,Haldia,Panamax,Coal,17535.63,590.75,125.166,81.34,18.2,31.57,5490.0,415.9
2026-01-16,South Africa,Richards Bay,Haldia,Panamax,Coal,17822.92,592.22,125.356,83.64,18.81,30.62,5490.0,415.9
2026-01-23,South Africa,Richards Bay,Haldia,Panamax,Coal,17874.09,592.95,125.509,88.26,27.39,35.17,5490.0,415.9
2026-01-30,South Africa,Richards Bay,Haldia,Panamax,Coal,17208.11,593.53,125.692,81.18,18.14,32.85,5490.0,415.9
2026-02-06,South Africa,Richards Bay,Haldia,Panamax,Coal,16888.44,611.69,131.166,78.95,25.58,43.82,5490.0,415.9
2026-02-13,South Africa,Richards Bay,Haldia,Panamax,Coal,17627.67,611.21,131.281,83.77,36.27,35.71,5490.0,415.9
2026-02-20,South Africa,Richards Bay,Haldia,Panamax,Coal,17569.02,612.26,131.417,77.65,24.58,38.51,5490.0,415.9
2026-02-27,South Africa,Richards Bay,Haldia,Panamax,Coal,17410.27,612.34,131.637,88.38,33.65,43.91,5490.0,415.9
2026-03-06,South Africa,Richards Bay,Haldia,Panamax,Coal,17118.2,624.88,135.723,95.45,31.52,44.63,5490.0,415.9
2026-03-13,South Africa,Richards Bay,Haldia,Panamax,Coal,16746.64,623.93,135.977,88.49,29.1,36.72,5490.0,415.9
2026-03-20,South Africa,Richards Bay,Haldia,Panamax,Coal,17198.82,623.76,136.192,87.06,35.17,38.75,5490.0,415.9
2026-03-27,South Africa,Richards Bay,Haldia,Panamax,Coal,16863.93,624.36,136.404,78.9,22.27,53.58,5490.0,415.9
2026-04-03,South Africa,Richards Bay,Haldia,Panamax,Coal,17901.72,630.3,138.054,82.46,29.31,47.23,5490.0,415.9
2026-04-10,South Africa,Richards Bay,Haldia,Panamax,Coal,18583.71,630.93,138.323,78.77,22.31,36.02,5490.0,415.9
2026-04-17,South Africa,Richards Bay,Haldia,Panamax,Coal,18670.97,630.89,138.427,76.92,14.03,43.76,5490.0,415.9
2026-04-24,South Africa,Richards Bay,Haldia,Panamax,Coal,18460.49,631.84,138.581,80.19,35.54,33.06,5490.0,415.9
2026-05-01,South Africa,Richards Bay,Haldia,Panamax,Coal,17925.36,627.4,137.284,84.99,31.59,40.04,5490.0,415.9
2026-05-08,South Africa,Richards Bay,Haldia,Panamax,Coal,18368.99,628.03,137.541,84.26,22.18,44.97,5490.0,415.9
2026-05-15,South Africa,Richards Bay,Haldia,Panamax,Coal,17579.26,628.03,137.663,81.4,29.98,35.14,5490.0,415.9
2026-05-22,South Africa,Richards Bay,Haldia,Panamax,Coal,18384.26,628.23,137.866,87.42,16.85,52.56,5490.0,415.9
2026-05-29,South Africa,Richards Bay,Haldia,Panamax,Coal,19031.04,629.73,138.111,81.03,13.02,40.68,5490.0,415.9
2026-06-05,South Africa,Richards Bay,Haldia,Panamax,Coal,18911.65,617.53,134.352,92.81,39.14,43.13,5490.0,415.9
2026-06-12,South Africa,Richards Bay,Haldia,Panamax,Coal,19384.56,618.21,134.51,86.66,37.81,22.72,5490.0,415.9
2026-06-19,South Africa,Richards Bay,Haldia,Panamax,Coal,19303.92,618.08,134.752,85.02,32.83,35.67,5490.0,415.9
2026-06-26,South Africa,Richards Bay,Haldia,Panamax,Coal,18967.44,618.4,135.023,90.17,42.07,42.06,5490.0,415.9
2026-07-03,South Africa,Richards Bay,Haldia,Panamax,Coal,17706.69,601.57,129.684,89.91,28.06,30.51,5490.0,415.9
2026-07-10,South Africa,Richards Bay,Haldia,Panamax,Coal,17709.4,601.02,129.969,95.51,26.04,40.25,5490.0,415.9
2026-07-17,South Africa,Richards Bay,Haldia,Panamax,Coal,18214.64,601.11,130.204,94.46,30.51,32.55,5490.0,415.9
2026-07-24,South Africa,Richards Bay,Haldia,Panamax,Coal,17749.85,602.42,130.401,97.13,21.55,46.52,5490.0,415.9
2026-07-31,South Africa,Richards Bay,Haldia,Panamax,Coal,17577.31,602.02,130.602,99.0,32.33,34.25,5490.0,415.9
2026-08-07,South Africa,Richards Bay,Haldia,Panamax,Coal,17541.27,584.19,125.218,97.66,32.96,34.88,5490.0,415.9
2026-08-14,South Africa,Richards Bay,Haldia,Panamax,Coal,17934.99,584.71,125.37,96.44,32.08,39.5,5490.0,415.9
2026-08-21,South Africa,Richards Bay,Haldia,Panamax,Coal,17502.64,585.47,125.56,91.62,23.44,34.74,5490.0,415.9
2026-08-28,South Africa,Richards Bay,Haldia,Panamax,Coal,18028.95,585.48,125.753,84.51,30.29,34.27,5490.0,415.9
2026-09-04,South Africa,Richards Bay,Haldia,Panamax,Coal,17878.8,572.21,121.815,82.86,24.82,42.8,5490.0,415.9
2026-09-11,South Africa,Richards Bay,Haldia,Panamax,Coal,17940.21,571.78,122.068,76.66,28.46,46.12,5490.0,415.9
2026-09-18,South Africa,Richards Bay,Haldia,Panamax,Coal,18527.88,572.1,122.256,71.5,18.36,47.69,5490.0,415.9
2026-09-25,South Africa,Richards Bay,Haldia,Panamax,Coal,18129.52,572.51,122.483,77.28,27.24,34.26,5490.0,415.9
2023-01-06,South Africa,Richards Bay,Paradip,Supramax,Coal,13932.06,519.44,99.953,39.0,10.08,41.07,5200.0,393.9
2023-01-13,South Africa,Richards Bay,Paradip,Supramax,Coal,14025.78,520.28,100.181,38.99,21.5,29.44,5200.0,393.9
2023-01-20,South Africa,Richards Bay,Paradip,Supramax,Coal,13567.86,521.33,100.291,52.94,36.02,38.98,5200.0,393.9
2023-01-27,South Africa,Richards Bay,Paradip,Supramax,Coal,13865.34,521.82,100.457,58.74,35.14,37.17,5200.0,393.9
2023-02-03,South Africa,Richards Bay,Paradip,Supramax,Coal,13578.93,537.32,104.842,65.68,33.26,30.9,5200.0,393.9
2023-02-10,South Africa,Richards Bay,Paradip,Supramax,Coal,13204.85,538.13,104.936,55.75,26.9,46.64,5200.0,393.9
2023-02-17,South Africa,Richards Bay,Paradip,Supramax,Coal,13600.76,538.09,105.124,46.12,33.65,40.96,5200.0,393.9
2023-02-24,South Africa,Richards Bay,Paradip,Supramax,Coal,12575.42,537.62,105.273,45.4,23.11,38.4,5200.0,393.9
2023-03-03,South Africa,Richards Bay,Paradip,Supramax,Coal,12570.84,550.04,108.663,47.25,26.77,51.2,5200.0,393.9
2023-03-10,South Africa,Richards Bay,Paradip,Supramax,Coal,12398.22,550.18,108.807,44.76,32.14,37.13,5200.0,393.9
2023-03-17,South Africa,Richards Bay,Paradip,Supramax,Coal,12235.73,550.8,108.961,56.04,16.58,43.67,5200.0,393.9
2023-03-24,South Africa,Richards Bay,Paradip,Supramax,Coal,12083.52,551.13,109.087,47.25,27.44,37.86,5200.0,393.9
2023-03-31,South Africa,Richards Bay,Paradip,Supramax,Coal,11740.43,551.86,109.273,31.29,3.0,47.2,5200.0,393.9
2023-04-07,South Africa,Richards Bay,Paradip,Supramax,Coal,12551.72,556.7,110.633,40.92,22.28,38.69,5200.0,393.9
2023-04-14,South Africa,Richards Bay,Paradip,Supramax,Coal,12364.53,557.28,110.782,33.57,26.75,43.95,5200.0,393.9
2023-04-21,South Africa,Richards Bay,Paradip,Supramax,Coal,11857.96,557.72,110.927,53.9,25.73,47.62,5200.0,393.9
2023-04-28,South Africa,Richards Bay,Paradip,Supramax,Coal,12668.94,557.74,111.121,59.98,41.27,32.41,5200.0,393.9
2023-05-05,South Africa,Richards Bay,Paradip,Supramax,Coal,13551.96,554.54,110.187,64.13,29.99,35.86,5200.0,393.9
2023-05-12,South Africa,Richards Bay,Paradip,Supramax,Coal,14685.12,555.82,110.331,76.4,36.81,38.82,5200.0,393.9
2023-05-19,South Africa,Richards Bay,Paradip,Supramax,Coal,15684.34,556.04,110.489,73.94,36.58,44.39,5200.0,393.9
2023-05-26,South Africa,Richards Bay,Paradip,Supramax,Coal,16578.93,556.56,110.636,79.99,53.58,36.47,5200.0,393.9
2023-06-02,South Africa,Richards Bay,Paradip,Supramax,Coal,15908.05,545.41,107.547,78.28,37.14,34.22,5200.0,393.9
2023-06-09,South Africa,Richards Bay,Paradip,Supramax,Coal,15536.33,545.93,107.673,81.62,41.94,43.69,5200.0,393.9
2023-06-16,South Africa,Richards Bay,Paradip,Supramax,Coal,15423.68,545.73,107.857,81.02,42.08,55.61,5200.0,393.9
2023-06-23,South Africa,Richards Bay,Paradip,Supramax,Coal,15395.95,546.48,108.051,85.73,42.68,37.8,5200.0,393.9
2023-06-30,South Africa,Richards Bay,Paradip,Supramax,Coal,15652.09,546.8,108.217,82.25,43.33,27.43,5200.0,393.9
2023-07-07,South Africa,Richards Bay,Paradip,Supramax,Coal,13418.18,532.29,103.935,98.94,47.59,31.25,5200.0,393.9
2023-07-14,South Africa,Richards Bay,Paradip,Supramax,Coal,13957.24,533.63,104.072,99.0,50.93,44.93,5200.0,393.9
2023-07-21,South Africa,Richards Bay,Paradip,Supramax,Coal,13868.58,533.88,104.234,89.66,53.85,30.76,5200.0,393.9
2023-07-28,South Africa,Richards Bay,Paradip,Supramax,Coal,14141.77,534.23,104.435,90.53,46.42,33.47,5200.0,393.9
2023-08-04,South Africa,Richards Bay,Paradip,Supramax,Coal,14032.6,519.06,100.091,79.66,49.95,35.05,5200.0,393.9
2023-08-11,South Africa,Richards Bay,Paradip,Supramax,Coal,13894.31,519.47,100.282,77.85,35.13,42.86,5200.0,393.9
2023-08-18,South Africa,Richards Bay,Paradip,Supramax,Coal,13123.31,520.39,100.464,84.8,38.86,35.77,5200.0,393.9
2023-08-25,South Africa,Richards Bay,Paradip,Supramax,Coal,12861.8,520.38,100.59,85.29,40.85,32.42,5200.0,393.9
2023-09-01,South Africa,Richards Bay,Paradip,Supramax,Coal,13737.95,509.19,97.473,66.96,28.99,36.7,5200.0,393.9
2023-09-08,South Africa,Richards Bay,Paradip,Supramax,Coal,13489.0,510.0,97.607,75.78,33.51,40.68,5200.0,393.9
2023-09-15,South Africa,Richards Bay,Paradip,Supramax,Coal,13805.42,510.38,97.757,76.31,33.78,34.07,5200.0,393.9
2023-09-22,South Africa,Richards Bay,Paradip,Supramax,Coal,13807.31,510.84,97.906,59.94,21.89,42.22,5200.0,393.9
2023-09-29,South Africa,Richards Bay,Paradip,Supramax,Coal,13876.62,511.63,98.025,54.8,36.49,41.72,5200.0,393.9
2023-10-06,South Africa,Richards Bay,Paradip,Supramax,Coal,14905.64,508.2,97.005,57.93,33.01,42.08,5200.0,393.9
2023-10-13,South Africa,Richards Bay,Paradip,Supramax,Coal,15100.99,508.88,97.232,63.35,38.18,39.4,5200.0,393.9
2023-10-20,South Africa,Richards Bay,Paradip,Supramax,Coal,14459.79,509.12,97.428,76.14,35.63,37.24,5200.0,393.9
2023-10-27,South Africa,Richards Bay,Paradip,Supramax,Coal,14927.48,509.52,97.6,58.46,26.41,42.29,5200.0,393.9
2023-11-03,South Africa,Richards Bay,Paradip,Supramax,Coal,15784.24,514.1,98.945,42.07,28.52,32.99,5200.0,393.9
2023-11-10,South Africa,Richards Bay,Paradip,Supramax,Coal,16203.11,514.58,99.043,25.73,17.75,42.85,5200.0,393.9
2023-11-17,South Africa,Richards Bay,Paradip,Supramax,Coal,15994.49,515.08,99.222,34.61,10.27,32.63,5200.0,393.9
2023-11-24,South Africa,Richards Bay,Paradip,Supramax,Coal,16508.16,514.17,99.396,42.86,22.67,47.06,5200.0,393.9
2023-12-01,South Africa,Richards Bay,Paradip,Supramax,Coal,16764.97,527.15,102.902,38.5,26.6,45.74,5200.0,393.9
2023-12-08,South Africa,Richards Bay,Paradip,Supramax,Coal,16823.44,527.21,103.013,40.91,23.97,41.06,5200.0,393.9
2023-12-15,South Africa,Richards Bay,Paradip,Supramax,Coal,16929.4,527.02,103.146,48.78,19.22,35.87,5200.0,393.9
2023-12-22,South Africa,Richards Bay,Paradip,Supramax,Coal,16694.88,527.39,103.305,64.05,36.06,36.81,5200.0,393.9
2023-12-29,South Africa,Richards Bay,Paradip,Supramax,Coal,16376.27,527.45,103.441,63.96,41.06,37.22,5200.0,393.9
2024-01-05,South Africa,Richards Bay,Paradip,Supramax,Coal,15589.78,544.11,108.183,50.78,17.05,38.36,5200.0,393.9
2024-01-12,South Africa,Richards Bay,Paradip,Supramax,Coal,15315.33,544.23,108.39,49.6,32.29,36.41,5200.0,393.9
2024-01-19,South Africa,Richards Bay,Paradip,Supramax,Coal,15518.8,544.9,108.553,50.07,44.86,36.04,5200.0,393.9
2024-01-26,South Africa,Richards Bay,Paradip,Supramax,Coal,15065.8,545.86,108.66,44.95,26.49,33.97,5200.0,393.9
2024-02-02,South Africa,Richards Bay,Paradip,Supramax,Coal,14597.31,560.88,113.443,54.09,26.35,33.5,5200.0,393.9
2024-02-09,South Africa,Richards Bay,Paradip,Supramax,Coal,14468.51,561.27,113.508,58.03,24.79,39.0,5200.0,393.9
2024-02-16,South Africa,Richards Bay,Paradip,Supramax,Coal,14835.6,561.54,113.732,45.17,18.7,47.51,5200.0,393.9
2024-02-23,South Africa,Richards Bay,Paradip,Supramax,Coal,14563.22,561.47,113.906,51.66,37.28,29.19,5200.0,393.9
2024-03-01,South Africa,Richards Bay,Paradip,Supramax,Coal,14665.4,573.69,117.508,69.36,28.68,40.89,5200.0,393.9
2024-03-08,South Africa,Richards Bay,Paradip,Supramax,Coal,14760.1,573.98,117.586,78.17,42.03,25.61,5200.0,393.9
2024-03-15,South Africa,Richards Bay,Paradip,Supramax,Coal,14537.78,575.21,117.738,77.28,35.15,43.03,5200.0,393.9
2024-03-22,South Africa,Richards Bay,Paradip,Supramax,Coal,14787.59,575.06,117.953,79.5,40.75,38.05,5200.0,393.9
2024-03-29,South Africa,Richards Bay,Paradip,Supramax,Coal,13998.13,575.25,117.989,72.98,32.55,37.65,5200.0,393.9
2024-04-05,South Africa,Richards Bay,Paradip,Supramax,Coal,14967.19,580.3,119.378,72.45,24.35,52.35,5200.0,393.9
2024-04-12,South Africa,Richards Bay,Paradip,Supramax,Coal,15314.38,580.8,119.451,68.59,40.74,44.57,5200.0,393.9
2024-04-19,South Africa,Richards Bay,Paradip,Supramax,Coal,14940.19,580.53,119.616,65.38,29.0,38.17,5200.0,393.9
2024-04-26,South Africa,Richards Bay,Paradip,Supramax,Coal,14509.53,582.32,119.809,49.36,32.4,47.01,5200.0,393.9
2024-05-03,South Africa,Richards Bay,Paradip,Supramax,Coal,15275.68,577.86,118.651,51.93,34.47,36.82,5200.0,393.9
2024-05-10,South Africa,Richards Bay,Paradip,Supramax,Coal,16056.36,577.33,118.872,37.65,11.74,44.43,5200.0,393.9
2024-05-17,South Africa,Richards Bay,Paradip,Supramax,Coal,16539.56,576.78,119.112,32.87,20.69,51.83,5200.0,393.9
2024-05-24,South Africa,Richards Bay,Paradip,Supramax,Coal,16711.53,577.82,119.319,39.11,26.6,50.69,5200.0,393.9
2024-05-31,South Africa,Richards Bay,Paradip,Supramax,Coal,16173.57,577.43,119.443,42.46,37.4,38.25,5200.0,393.9
2024-06-07,South Africa,Richards Bay,Paradip,Supramax,Coal,15206.51,566.46,116.203,55.51,25.45,31.72,5200.0,393.9
2024-06-14,South Africa,Richards Bay,Paradip,Supramax,Coal,15007.46,566.7,116.424,64.95,34.73,34.24,5200.0,393.9
2024-06-21,South Africa,Richards Bay,Paradip,Supramax,Coal,15829.39,566.87,116.559,52.23,33.43,44.3,5200.0,393.9
2024-06-28,South Africa,Richards Bay,Paradip,Supramax,Coal,15799.61,567.45,116.755,49.71,15.36,30.49,5200.0,393.9
2024-07-05,South Africa,Richards Bay,Paradip,Supramax,Coal,14503.13,551.08,112.143,51.76,24.68,37.72,5200.0,393.9
2024-07-12,South Africa,Richards Bay,Paradip,Supramax,Coal,14362.59,551.81,112.386,61.6,31.05,35.28,5200.0,393.9
2024-07-19,South Africa,Richards Bay,Paradip,Supramax,Coal,14667.31,552.63,112.618,78.16,33.11,25.48,5200.0,393.9
2024-07-26,South Africa,Richards Bay,Paradip,Supramax,Coal,14458.73,553.89,112.737,75.59,31.19,34.79,5200.0,393.9
2024-08-02,South Africa,Richards Bay,Paradip,Supramax,Coal,13673.61,537.93,108.097,84.44,45.21,35.86,5200.0,393.9
2024-08-09,South Africa,Richards Bay,Paradip,Supramax,Coal,14042.33,538.93,108.291,76.49,29.06,44.61,5200.0,393.9
2024-08-16,South Africa,Richards Bay,Paradip,Supramax,Coal,13816.91,538.68,108.429,87.09,37.24,41.44,5200.0,393.9
2024-08-23,South Africa,Richards Bay,Paradip,Supramax,Coal,14803.75,538.21,108.63,87.03,41.29,36.42,5200.0,393.9
2024-08-30,South Africa,Richards Bay,Paradip,Supramax,Coal,15020.4,538.54,108.875,81.28,37.46,42.78,5200.0,393.9
2024-09-06,South Africa,Richards Bay,Paradip,Supramax,Coal,15357.94,526.33,105.496,85.85,40.14,46.83,5200.0,393.9
2024-09-13,South Africa,Richards Bay,Paradip,Supramax,Coal,16232.07,526.75,105.559,65.92,32.38,55.45,5200.0,393.9
2024-09-20,South Africa,Richards Bay,Paradip,Supramax,Coal,16526.78,527.35,105.712,80.98,43.33,34.84,5200.0,393.9
2024-09-27,South Africa,Richards Bay,Paradip,Supramax,Coal,16435.06,528.52,105.961,82.54,32.84,34.39,5200.0,393.9
2024-10-04,South Africa,Richards Bay,Paradip,Supramax,Coal,17544.28,525.36,104.828,69.75,44.8,38.0,5200.0,393.9
2024-10-11,South Africa,Richards Bay,Paradip,Supramax,Coal,18089.74,525.17,104.937,64.49,32.07,37.44,5200.0,393.9
2024-10-18,South Africa,Richards Bay,Paradip,Supramax,Coal,18132.48,524.63,105.099,52.38,21.59,45.18,5200.0,393.9
2024-10-25,South Africa,Richards Bay,Paradip,Supramax,Coal,18106.13,524.91,105.193,42.79,26.01,47.11,5200.0,393.9
2024-11-01,South Africa,Richards Bay,Paradip,Supramax,Coal,18669.09,530.26,106.64,37.03,27.07,43.6,5200.0,393.9
2024-11-08,South Africa,Richards Bay,Paradip,Supramax,Coal,18749.63,531.01,106.817,40.37,21.84,33.18,5200.0,393.9
2024-11-15,South Africa,Richards Bay,Paradip,Supramax,Coal,17892.18,531.08,107.0,66.4,27.29,38.46,5200.0,393.9
2024-11-22,South Africa,Richards Bay,Paradip,Supramax,Coal,18201.13,531.54,107.099,58.02,35.0,43.45,5200.0,393.9
2024-11-29,South Africa,Richards Bay,Paradip,Supramax,Coal,18235.02,531.3,107.256,45.86,14.28,42.79,5200.0,393.9
2024-12-06,South Africa,Richards Bay,Paradip,Supramax,Coal,17263.02,544.72,110.972,43.13,13.79,37.62,5200.0,393.9
2024-12-13,South Africa,Richards Bay,Paradip,Supramax,Coal,17490.58,545.5,111.069,45.37,23.44,42.27,5200.0,393.9
2024-12-20,South Africa,Richards Bay,Paradip,Supramax,Coal,17027.22,545.41,111.28,50.2,34.65,40.36,5200.0,393.9
2024-12-27,South Africa,Richards Bay,Paradip,Supramax,Coal,15713.1,545.35,111.403,52.97,26.67,37.07,5200.0,393.9
2025-01-03,South Africa,Richards Bay,Paradip,Supramax,Coal,15289.63,562.67,116.466,48.58,45.54,35.25,5200.0,393.9
2025-01-10,South Africa,Richards Bay,Paradip,Supramax,Coal,14377.42,564.21,116.576,61.21,21.75,32.4,5200.0,393.9
2025-01-17,South Africa,Richards Bay,Paradip,Supramax,Coal,14315.07,564.36,116.642,67.11,42.42,35.35,5200.0,393.9
2025-01-24,South Africa,Richards Bay,Paradip,Supramax,Coal,14707.5,564.76,116.896,63.1,30.23,36.2,5200.0,393.9
2025-01-31,South Africa,Richards Bay,Paradip,Supramax,Coal,14803.65,564.98,117.171,60.21,28.81,27.48,5200.0,393.9
2025-02-07,South Africa,Richards Bay,Paradip,Supramax,Coal,14659.6,582.12,122.351,38.91,27.32,36.43,5200.0,393.9
2025-02-14,South Africa,Richards Bay,Paradip,Supramax,Coal,13899.67,582.6,122.541,60.38,30.68,37.25,5200.0,393.9
2025-02-21,South Africa,Richards Bay,Paradip,Supramax,Coal,14010.93,582.52,122.748,46.65,22.05,35.31,5200.0,393.9
2025-02-28,South Africa,Richards Bay,Paradip,Supramax,Coal,13741.88,583.03,122.945,38.61,18.9,37.68,5200.0,393.9
2025-03-07,South Africa,Richards Bay,Paradip,Supramax,Coal,14778.94,595.82,126.87,33.03,28.05,45.79,5200.0,393.9
2025-03-14,South Africa,Richards Bay,Paradip,Supramax,Coal,14287.08,596.01,127.049,34.03,15.47,46.73,5200.0,393.9
2025-03-21,South Africa,Richards Bay,Paradip,Supramax,Coal,14654.64,597.42,127.153,30.87,3.0,36.13,5200.0,393.9
2025-03-28,South Africa,Richards Bay,Paradip,Supramax,Coal,14989.08,598.46,127.253,30.97,18.86,39.06,5200.0,393.9
2025-04-04,South Africa,Richards Bay,Paradip,Supramax,Coal,14884.02,602.6,128.664,32.0,5.51,39.16,5200.0,393.9
2025-04-11,South Africa,Richards Bay,Paradip,Supramax,Coal,15682.4,602.95,128.854,42.17,15.55,42.09,5200.0,393.9
2025-04-18,South Africa,Richards Bay,Paradip,Supramax,Coal,14553.83,603.34,128.987,38.45,14.46,60.25,5200.0,393.9
2025-04-25,South Africa,Richards Bay,Paradip,Supramax,Coal,14235.23,604.73,129.167,43.58,27.57,39.83,5200.0,393.9
2025-05-02,South Africa,Richards Bay,Paradip,Supramax,Coal,14543.88,601.49,127.919,48.49,26.78,30.18,5200.0,393.9
2025-05-09,South Africa,Richards Bay,Paradip,Supramax,Coal,14967.23,601.84,128.075,55.3,37.86,42.36,5200.0,393.9
2025-05-16,South Africa,Richards Bay,Paradip,Supramax,Coal,15304.76,602.97,128.335,48.6,10.38,43.84,5200.0,393.9
2025-05-23,South Africa,Richards Bay,Paradip,Supramax,Coal,15193.93,603.92,128.527,38.84,19.92,39.14,5200.0,393.9
2025-05-30,South Africa,Richards Bay,Paradip,Supramax,Coal,15679.64,604.3,128.698,48.14,19.53,41.27,5200.0,393.9
2025-06-06,South Africa,Richards Bay,Paradip,Supramax,Coal,16341.1,592.35,125.199,55.76,25.05,43.5,5200.0,393.9
2025-06-13,South Africa,Richards Bay,Paradip,Supramax,Coal,15623.53,593.53,125.294,74.75,47.59,43.61,5200.0,393.9
2025-06-20,South Africa,Richards Bay,Paradip,Supramax,Coal,15686.47,595.44,125.535,79.48,39.61,23.87,5200.0,393.9
2025-06-27,South Africa,Richards Bay,Paradip,Supramax,Coal,15052.02,596.43,125.688,72.42,32.92,30.5,5200.0,393.9
2025-07-04,South Africa,Richards Bay,Paradip,Supramax,Coal,13905.09,580.39,120.7,80.69,57.59,25.89,5200.0,393.9
2025-07-11,South Africa,Richards Bay,Paradip,Supramax,Coal,13813.7,580.91,120.842,71.39,46.39,28.1,5200.0,393.9
2025-07-18,South Africa,Richards Bay,Paradip,Supramax,Coal,14010.82,580.77,121.048,70.04,32.01,37.55,5200.0,393.9
2025-07-25,South Africa,Richards Bay,Paradip,Supramax,Coal,14975.88,580.35,121.223,77.77,37.55,33.11,5200.0,393.9
2025-08-01,South Africa,Richards Bay,Paradip,Supramax,Coal,14396.72,563.36,116.239,84.28,48.49,31.66,5200.0,393.9
2025-08-08,South Africa,Richards Bay,Paradip,Supramax,Coal,14645.76,564.22,116.402,84.26,42.46,44.96,5200.0,393.9
2025-08-15,South Africa,Richards Bay,Paradip,Supramax,Coal,14339.2,563.54,116.552,76.16,43.0,39.03,5200.0,393.9
2025-08-22,South Africa,Richards Bay,Paradip,Supramax,Coal,14384.88,563.04,116.689,68.31,42.58,30.46,5200.0,393.9
2025-08-29,South Africa,Richards Bay,Paradip,Supramax,Coal,14010.48,563.86,116.796,69.45,46.0,42.45,5200.0,393.9
2025-09-05,South Africa,Richards Bay,Paradip,Supramax,Coal,14192.36,551.41,113.114,69.37,32.98,48.94,5200.0,393.9
2025-09-12,South Africa,Richards Bay,Paradip,Supramax,Coal,14082.08,551.52,113.273,80.56,41.89,41.11,5200.0,393.9
2025-09-19,South Africa,Richards Bay,Paradip,Supramax,Coal,13793.43,551.47,113.419,81.91,52.74,41.06,5200.0,393.9
2025-09-26,South Africa,Richards Bay,Paradip,Supramax,Coal,13103.86,551.78,113.621,73.87,28.65,40.65,5200.0,393.9
2025-10-03,South Africa,Richards Bay,Paradip,Supramax,Coal,14204.45,547.61,112.37,74.14,40.02,37.1,5200.0,393.9
2025-10-10,South Africa,Richards Bay,Paradip,Supramax,Coal,13799.49,548.11,112.523,65.06,22.49,34.33,5200.0,393.9
2025-10-17,South Africa,Richards Bay,Paradip,Supramax,Coal,13844.89,549.56,112.722,69.68,40.97,34.85,5200.0,393.9
2025-10-24,South Africa,Richards Bay,Paradip,Supramax,Coal,14251.2,549.07,112.875,65.78,42.55,34.97,5200.0,393.9
2025-10-31,South Africa,Richards Bay,Paradip,Supramax,Coal,14984.88,551.01,113.111,52.48,33.15,31.91,5200.0,393.9
2025-11-07,South Africa,Richards Bay,Paradip,Supramax,Coal,15335.83,555.99,114.727,49.9,25.99,43.55,5200.0,393.9
2025-11-14,South Africa,Richards Bay,Paradip,Supramax,Coal,14436.1,556.79,114.869,41.35,16.24,38.03,5200.0,393.9
2025-11-21,South Africa,Richards Bay,Paradip,Supramax,Coal,14165.3,557.25,115.01,54.49,19.5,32.28,5200.0,393.9
2025-11-28,South Africa,Richards Bay,Paradip,Supramax,Coal,14501.94,557.34,115.167,44.36,20.8,46.24,5200.0,393.9
2025-12-05,South Africa,Richards Bay,Paradip,Supramax,Coal,14241.03,570.38,119.179,39.72,30.05,39.34,5200.0,393.9
2025-12-12,South Africa,Richards Bay,Paradip,Supramax,Coal,13984.54,569.95,119.268,52.4,33.42,43.94,5200.0,393.9
2025-12-19,South Africa,Richards Bay,Paradip,Supramax,Coal,14181.18,571.27,119.494,61.21,27.1,32.65,5200.0,393.9
2025-12-26,South Africa,Richards Bay,Paradip,Supramax,Coal,14683.32,571.74,119.623,49.08,27.27,41.1,5200.0,393.9
2026-01-02,South Africa,Richards Bay,Paradip,Supramax,Coal,13684.65,590.07,125.104,46.03,20.56,43.3,5200.0,393.9
2026-01-09,South Africa,Richards Bay,Paradip,Supramax,Coal,14225.75,590.75,125.166,28.02,17.69,31.57,5200.0,393.9
2026-01-16,South Africa,Richards Bay,Paradip,Supramax,Coal,14068.72,592.22,125.356,37.56,12.87,30.62,5200.0,393.9
2026-01-23,South Africa,Richards Bay,Paradip,Supramax,Coal,14274.08,592.95,125.509,32.53,12.23,35.17,5200.0,393.9
2026-01-30,South Africa,Richards Bay,Paradip,Supramax,Coal,14510.32,593.53,125.692,53.41,33.85,32.85,5200.0,393.9
2026-02-06,South Africa,Richards Bay,Paradip,Supramax,Coal,13868.28,611.69,131.166,49.19,18.55,43.82,5200.0,393.9
2026-02-13,South Africa,Richards Bay,Paradip,Supramax,Coal,14151.88,611.21,131.281,44.8,25.26,35.71,5200.0,393.9
2026-02-20,South Africa,Richards Bay,Paradip,Supramax,Coal,14762.57,612.26,131.417,34.55,12.56,38.51,5200.0,393.9
2026-02-27,South Africa,Richards Bay,Paradip,Supramax,Coal,14441.73,612.34,131.637,47.78,30.62,43.91,5200.0,393.9
2026-03-06,South Africa,Richards Bay,Paradip,Supramax,Coal,15193.08,624.88,135.723,47.57,28.28,44.63,5200.0,393.9
2026-03-13,South Africa,Richards Bay,Paradip,Supramax,Coal,15702.63,623.93,135.977,53.08,21.22,36.72,5200.0,393.9
2026-03-20,South Africa,Richards Bay,Paradip,Supramax,Coal,16284.19,623.76,136.192,40.26,26.93,38.75,5200.0,393.9
2026-03-27,South Africa,Richards Bay,Paradip,Supramax,Coal,16344.04,624.36,136.404,42.86,11.83,53.58,5200.0,393.9
2026-04-03,South Africa,Richards Bay,Paradip,Supramax,Coal,17973.7,630.3,138.054,52.38,28.31,47.23,5200.0,393.9
2026-04-10,South Africa,Richards Bay,Paradip,Supramax,Coal,18342.88,630.93,138.323,59.54,37.5,36.02,5200.0,393.9
2026-04-17,South Africa,Richards Bay,Paradip,Supramax,Coal,19122.3,630.89,138.427,56.48,33.2,43.76,5200.0,393.9
2026-04-24,South Africa,Richards Bay,Paradip,Supramax,Coal,18936.28,631.84,138.581,58.2,35.59,33.06,5200.0,393.9
2026-05-01,South Africa,Richards Bay,Paradip,Supramax,Coal,18929.81,627.4,137.284,69.06,28.93,40.04,5200.0,393.9
2026-05-08,South Africa,Richards Bay,Paradip,Supramax,Coal,18996.77,628.03,137.541,62.57,30.2,44.97,5200.0,393.9
2026-05-15,South Africa,Richards Bay,Paradip,Supramax,Coal,18430.21,628.03,137.663,60.44,21.09,35.14,5200.0,393.9
2026-05-22,South Africa,Richards Bay,Paradip,Supramax,Coal,18383.86,628.23,137.866,59.35,25.53,52.56,5200.0,393.9
2026-05-29,South Africa,Richards Bay,Paradip,Supramax,Coal,18067.84,629.73,138.111,61.77,30.78,40.68,5200.0,393.9
2026-06-05,South Africa,Richards Bay,Paradip,Supramax,Coal,17554.68,617.53,134.352,67.32,41.33,43.13,5200.0,393.9
2026-06-12,South Africa,Richards Bay,Paradip,Supramax,Coal,17548.55,618.21,134.51,63.99,24.38,22.72,5200.0,393.9
2026-06-19,South Africa,Richards Bay,Paradip,Supramax,Coal,16870.12,618.08,134.752,81.73,28.57,35.67,5200.0,393.9
2026-06-26,South Africa,Richards Bay,Paradip,Supramax,Coal,17488.33,618.4,135.023,79.49,46.72,42.06,5200.0,393.9
2026-07-03,South Africa,Richards Bay,Paradip,Supramax,Coal,15615.6,601.57,129.684,69.32,32.41,30.51,5200.0,393.9
2026-07-10,South Africa,Richards Bay,Paradip,Supramax,Coal,16290.96,601.02,129.969,68.39,27.39,40.25,5200.0,393.9
2026-07-17,South Africa,Richards Bay,Paradip,Supramax,Coal,15535.13,601.11,130.204,76.77,34.06,32.55,5200.0,393.9
2026-07-24,South Africa,Richards Bay,Paradip,Supramax,Coal,15701.72,602.42,130.401,85.75,37.65,46.52,5200.0,393.9
2026-07-31,South Africa,Richards Bay,Paradip,Supramax,Coal,16121.78,602.02,130.602,70.94,30.62,34.25,5200.0,393.9
2026-08-07,South Africa,Richards Bay,Paradip,Supramax,Coal,15690.83,584.19,125.218,77.26,33.05,34.88,5200.0,393.9
2026-08-14,South Africa,Richards Bay,Paradip,Supramax,Coal,16298.39,584.71,125.37,49.27,30.15,39.5,5200.0,393.9
2026-08-21,South Africa,Richards Bay,Paradip,Supramax,Coal,16111.24,585.47,125.56,58.79,23.46,34.74,5200.0,393.9
2026-08-28,South Africa,Richards Bay,Paradip,Supramax,Coal,16013.26,585.48,125.753,70.39,39.4,34.27,5200.0,393.9
2026-09-04,South Africa,Richards Bay,Paradip,Supramax,Coal,16241.85,572.21,121.815,71.4,41.34,42.8,5200.0,393.9
2026-09-11,South Africa,Richards Bay,Paradip,Supramax,Coal,16136.13,571.78,122.068,78.14,32.5,46.12,5200.0,393.9
2026-09-18,South Africa,Richards Bay,Paradip,Supramax,Coal,16086.56,572.1,122.256,78.98,35.98,47.69,5200.0,393.9
2026-09-25,South Africa,Richards Bay,Paradip,Supramax,Coal,16102.25,572.51,122.483,72.57,38.79,34.26,5200.0,393.9
2023-01-06,South Africa,Richards Bay,Visakhapatnam,Supramax,Coal,13750.69,519.44,99.953,10.0,3.26,41.07,5060.0,383.3
2023-01-13,South Africa,Richards Bay,Visakhapatnam,Supramax,Coal,13918.3,520.28,100.181,5.0,24.3,29.44,5060.0,383.3
2023-01-20,South Africa,Richards Bay,Visakhapatnam,Supramax,Coal,13394.21,521.33,100.291,5.0,22.65,38.98,5060.0,383.3
2023-01-27,South Africa,Richards Bay,Visakhapatnam,Supramax,Coal,13105.6,521.82,100.457,5.0,33.12,37.17,5060.0,383.3
2023-02-03,South Africa,Richards Bay,Visakhapatnam,Supramax,Coal,12662.88,537.32,104.842,5.0,26.65,30.9,5060.0,383.3
2023-02-10,South Africa,Richards Bay,Visakhapatnam,Supramax,Coal,13236.05,538.13,104.936,5.0,17.47,46.64,5060.0,383.3
2023-02-17,South Africa,Richards Bay,Visakhapatnam,Supramax,Coal,13291.08,538.09,105.124,5.0,20.7,40.96,5060.0,383.3
2023-02-24,South Africa,Richards Bay,Visakhapatnam,Supramax,Coal,13144.54,537.62,105.273,5.0,16.55,38.4,5060.0,383.3
2023-03-03,South Africa,Richards Bay,Visakhapatnam,Supramax,Coal,13626.06,550.04,108.663,5.0,21.44,51.2,5060.0,383.3
2023-03-10,South Africa,Richards Bay,Visakhapatnam,Supramax,Coal,14064.48,550.18,108.807,5.71,14.33,37.13,5060.0,383.3
2023-03-17,South Africa,Richards Bay,Visakhapatnam,Supramax,Coal,14617.47,550.8,108.961,5.0,22.94,43.67,5060.0,383.3
2023-03-24,South Africa,Richards Bay,Visakhapatnam,Supramax,Coal,14333.37,551.13,109.087,5.0,24.75,37.86,5060.0,383.3
2023-03-31,South Africa,Richards Bay,Visakhapatnam,Supramax,Coal,14067.35,551.86,109.273,5.0,17.13,47.2,5060.0,383.3
2023-04-07,South Africa,Richards Bay,Visakhapatnam,Supramax,Coal,15601.44,556.7,110.633,9.34,7.27,38.69,5060.0,383.3
2023-04-14,South Africa,Richards Bay,Visakhapatnam,Supramax,Coal,15290.38,557.28,110.782,6.7,12.75,43.95,5060.0,383.3
2023-04-21,South Africa,Richards Bay,Visakhapatnam,Supramax,Coal,15278.48,557.72,110.927,7.3,15.25,47.62,5060.0,383.3
2023-04-28,South Africa,Richards Bay,Visakhapatnam,Supramax,Coal,15268.43,557.74,111.121,14.01,15.54,32.41,5060.0,383.3
2023-05-05,South Africa,Richards Bay,Visakhapatnam,Supramax,Coal,16382.56,554.54,110.187,6.64,18.48,35.86,5060.0,383.3
2023-05-12,South Africa,Richards Bay,Visakhapatnam,Supramax,Coal,16423.49,555.82,110.331,35.32,25.64,38.82,5060.0,383.3
2023-05-19,South Africa,Richards Bay,Visakhapatnam,Supramax,Coal,16237.77,556.04,110.489,46.61,28.34,44.39,5060.0,383.3
2023-05-26,South Africa,Richards Bay,Visakhapatnam,Supramax,Coal,16838.83,556.56,110.636,52.15,39.48,36.47,5060.0,383.3
2023-06-02,South Africa,Richards Bay,Visakhapatnam,Supramax,Coal,15806.7,545.41,107.547,73.9,39.31,34.22,5060.0,383.3
2023-06-09,South Africa,Richards Bay,Visakhapatnam,Supramax,Coal,15194.96,545.93,107.673,81.79,53.38,43.69,5060.0,383.3
2023-06-16,South Africa,Richards Bay,Visakhapatnam,Supramax,Coal,15425.15,545.73,107.857,77.31,32.64,55.61,5060.0,383.3
2023-06-23,South Africa,Richards Bay,Visakhapatnam,Supramax,Coal,15506.92,546.48,108.051,60.62,33.33,37.8,5060.0,383.3
2023-06-30,South Africa,Richards Bay,Visakhapatnam,Supramax,Coal,15923.34,546.8,108.217,66.99,33.9,27.43,5060.0,383.3
2023-07-07,South Africa,Richards Bay,Visakhapatnam,Supramax,Coal,14348.82,532.29,103.935,81.49,54.46,31.25,5060.0,383.3
2023-07-14,South Africa,Richards Bay,Visakhapatnam,Supramax,Coal,14074.53,533.63,104.072,86.25,48.18,44.93,5060.0,383.3
2023-07-21,South Africa,Richards Bay,Visakhapatnam,Supramax,Coal,14128.88,533.88,104.234,99.0,60.94,30.76,5060.0,383.3
2023-07-28,South Africa,Richards Bay,Visakhapatnam,Supramax,Coal,14465.52,534.23,104.435,80.58,51.12,33.47,5060.0,383.3
2023-08-04,South Africa,Richards Bay,Visakhapatnam,Supramax,Coal,13796.7,519.06,100.091,63.04,45.05,35.05,5060.0,383.3
2023-08-11,South Africa,Richards Bay,Visakhapatnam,Supramax,Coal,14367.97,519.47,100.282,52.58,31.62,42.86,5060.0,383.3
2023-08-18,South Africa,Richards Bay,Visakhapatnam,Supramax,Coal,14199.39,520.39,100.464,71.76,48.03,35.77,5060.0,383.3
2023-08-25,South Africa,Richards Bay,Visakhapatnam,Supramax,Coal,14244.19,520.38,100.59,64.94,33.13,32.42,5060.0,383.3
2023-09-01,South Africa,Richards Bay,Visakhapatnam,Supramax,Coal,14562.89,509.19,97.473,68.28,38.02,36.7,5060.0,383.3
2023-09-08,South Africa,Richards Bay,Visakhapatnam,Supramax,Coal,14630.13,510.0,97.607,64.8,37.44,40.68,5060.0,383.3
2023-09-15,South Africa,Richards Bay,Visakhapatnam,Supramax,Coal,14857.52,510.38,97.757,63.83,36.91,34.07,5060.0,383.3
2023-09-22,South Africa,Richards Bay,Visakhapatnam,Supramax,Coal,14950.03,510.84,97.906,82.37,47.11,42.22,5060.0,383.3
2023-09-29,South Africa,Richards Bay,Visakhapatnam,Supramax,Coal,14792.78,511.63,98.025,81.47,50.18,41.72,5060.0,383.3
2023-10-06,South Africa,Richards Bay,Visakhapatnam,Supramax,Coal,15760.26,508.2,97.005,64.68,34.96,42.08,5060.0,383.3
2023-10-13,South Africa,Richards Bay,Visakhapatnam,Supramax,Coal,15588.9,508.88,97.232,56.12,42.87,39.4,5060.0,383.3
2023-10-20,South Africa,Richards Bay,Visakhapatnam,Supramax,Coal,15835.77,509.12,97.428,61.57,39.1,37.24,5060.0,383.3
2023-10-27,South Africa,Richards Bay,Visakhapatnam,Supramax,Coal,15155.3,509.52,97.6,51.04,30.18,42.29,5060.0,383.3
2023-11-03,South Africa,Richards Bay,Visakhapatnam,Supramax,Coal,15424.65,514.1,98.945,43.48,32.97,32.99,5060.0,383.3
2023-11-10,South Africa,Richards Bay,Visakhapatnam,Supramax,Coal,15937.25,514.58,99.043,47.17,38.01,42.85,5060.0,383.3
2023-11-17,South Africa,Richards Bay,Visakhapatnam,Supramax,Coal,15729.63,515.08,99.222,53.76,42.77,32.63,5060.0,383.3
2023-11-24,South Africa,Richards Bay,Visakhapatnam,Supramax,Coal,15092.06,514.17,99.396,46.45,32.31,47.06,5060.0,383.3
2023-12-01,South Africa,Richards Bay,Visakhapatnam,Supramax,Coal,15057.27,527.15,102.902,45.42,29.22,45.74,5060.0,383.3
2023-12-08,South Africa,Richards Bay,Visakhapatnam,Supramax,Coal,15457.54,527.21,103.013,40.73,29.12,41.06,5060.0,383.3
2023-12-15,South Africa,Richards Bay,Visakhapatnam,Supramax,Coal,15223.4,527.02,103.146,30.17,25.9,35.87,5060.0,383.3
2023-12-22,South Africa,Richards Bay,Visakhapatnam,Supramax,Coal,15652.49,527.39,103.305,36.98,35.05,36.81,5060.0,383.3
2023-12-29,South Africa,Richards Bay,Visakhapatnam,Supramax,Coal,16296.62,527.45,103.441,44.7,36.09,37.22,5060.0,383.3
2024-01-05,South Africa,Richards Bay,Visakhapatnam,Supramax,Coal,15283.58,544.11,108.183,22.82,26.1,38.36,5060.0,383.3
2024-01-12,South Africa,Richards Bay,Visakhapatnam,Supramax,Coal,15483.86,544.23,108.39,10.79,30.92,36.41,5060.0,383.3
2024-01-19,South Africa,Richards Bay,Visakhapatnam,Supramax,Coal,15998.38,544.9,108.553,17.21,41.83,36.04,5060.0,383.3
2024-01-26,South Africa,Richards Bay,Visakhapatnam,Supramax,Coal,15984.97,545.86,108.66,16.28,33.77,33.97,5060.0,383.3
2024-02-02,South Africa,Richards Bay,Visakhapatnam,Supramax,Coal,15046.6,560.88,113.443,5.0,19.4,33.5,5060.0,383.3
2024-02-09,South Africa,Richards Bay,Visakhapatnam,Supramax,Coal,15215.39,561.27,113.508,5.0,22.29,39.0,5060.0,383.3
2024-02-16,South Africa,Richards Bay,Visakhapatnam,Supramax,Coal,15707.3,561.54,113.732,5.0,29.67,47.51,5060.0,383.3
2024-02-23,South Africa,Richards Bay,Visakhapatnam,Supramax,Coal,15693.01,561.47,113.906,5.0,13.23,29.19,5060.0,383.3
2024-03-01,South Africa,Richards Bay,Visakhapatnam,Supramax,Coal,16251.36,573.69,117.508,11.35,18.03,40.89,5060.0,383.3
2024-03-08,South Africa,Richards Bay,Visakhapatnam,Supramax,Coal,16002.55,573.98,117.586,32.97,27.84,25.61,5060.0,383.3
2024-03-15,South Africa,Richards Bay,Visakhapatnam,Supramax,Coal,15683.73,575.21,117.738,24.43,32.07,43.03,5060.0,383.3
2024-03-22,South Africa,Richards Bay,Visakhapatnam,Supramax,Coal,16239.07,575.06,117.953,8.83,27.03,38.05,5060.0,383.3
2024-03-29,South Africa,Richards Bay,Visakhapatnam,Supramax,Coal,15618.1,575.25,117.989,5.0,12.02,37.65,5060.0,383.3
2024-04-05,South Africa,Richards Bay,Visakhapatnam,Supramax,Coal,16666.3,580.3,119.378,6.23,11.96,52.35,5060.0,383.3
2024-04-12,South Africa,Richards Bay,Visakhapatnam,Supramax,Coal,16030.28,580.8,119.451,15.5,15.77,44.57,5060.0,383.3
2024-04-19,South Africa,Richards Bay,Visakhapatnam,Supramax,Coal,16176.31,580.53,119.616,18.46,26.9,38.17,5060.0,383.3
2024-04-26,South Africa,Richards Bay,Visakhapatnam,Supramax,Coal,16811.05,582.32,119.809,14.98,27.23,47.01,5060.0,383.3
2024-05-03,South Africa,Richards Bay,Visakhapatnam,Supramax,Coal,16971.29,577.86,118.651,32.13,21.85,36.82,5060.0,383.3
2024-05-10,South Africa,Richards Bay,Visakhapatnam,Supramax,Coal,17546.42,577.33,118.872,39.99,40.69,44.43,5060.0,383.3
2024-05-17,South Africa,Richards Bay,Visakhapatnam,Supramax,Coal,17752.86,576.78,119.112,33.99,34.16,51.83,5060.0,383.3
2024-05-24,South Africa,Richards Bay,Visakhapatnam,Supramax,Coal,17895.74,577.82,119.319,33.5,20.69,50.69,5060.0,383.3
2024-05-31,South Africa,Richards Bay,Visakhapatnam,Supramax,Coal,17868.03,577.43,119.443,36.59,40.65,38.25,5060.0,383.3
2024-06-07,South Africa,Richards Bay,Visakhapatnam,Supramax,Coal,17916.39,566.46,116.203,54.96,36.7,31.72,5060.0,383.3
2024-06-14,South Africa,Richards Bay,Visakhapatnam,Supramax,Coal,18014.42,566.7,116.424,33.62,21.63,34.24,5060.0,383.3
2024-06-21,South Africa,Richards Bay,Visakhapatnam,Supramax,Coal,17610.16,566.87,116.559,48.66,38.51,44.3,5060.0,383.3
2024-06-28,South Africa,Richards Bay,Visakhapatnam,Supramax,Coal,17153.9,567.45,116.755,43.17,47.44,30.49,5060.0,383.3
2024-07-05,South Africa,Richards Bay,Visakhapatnam,Supramax,Coal,15681.04,551.08,112.143,61.83,43.61,37.72,5060.0,383.3
2024-07-12,South Africa,Richards Bay,Visakhapatnam,Supramax,Coal,16341.59,551.81,112.386,65.56,64.39,35.28,5060.0,383.3
2024-07-19,South Africa,Richards Bay,Visakhapatnam,Supramax,Coal,16236.5,552.63,112.618,57.82,37.18,25.48,5060.0,383.3
2024-07-26,South Africa,Richards Bay,Visakhapatnam,Supramax,Coal,16026.73,553.89,112.737,41.62,35.81,34.79,5060.0,383.3
2024-08-02,South Africa,Richards Bay,Visakhapatnam,Supramax,Coal,15461.42,537.93,108.097,33.08,42.91,35.86,5060.0,383.3
2024-08-09,South Africa,Richards Bay,Visakhapatnam,Supramax,Coal,14817.15,538.93,108.291,43.94,31.78,44.61,5060.0,383.3
2024-08-16,South Africa,Richards Bay,Visakhapatnam,Supramax,Coal,14340.73,538.68,108.429,23.6,16.98,41.44,5060.0,383.3
2024-08-23,South Africa,Richards Bay,Visakhapatnam,Supramax,Coal,14314.24,538.21,108.63,5.0,11.9,36.42,5060.0,383.3
2024-08-30,South Africa,Richards Bay,Visakhapatnam,Supramax,Coal,15065.64,538.54,108.875,18.26,16.49,42.78,5060.0,383.3
2024-09-06,South Africa,Richards Bay,Visakhapatnam,Supramax,Coal,14728.89,526.33,105.496,12.91,17.76,46.83,5060.0,383.3
2024-09-13,South Africa,Richards Bay,Visakhapatnam,Supramax,Coal,14605.73,526.75,105.559,31.03,32.63,55.45,5060.0,383.3
2024-09-20,South Africa,Richards Bay,Visakhapatnam,Supramax,Coal,14618.76,527.35,105.712,11.84,31.36,34.84,5060.0,383.3
2024-09-27,South Africa,Richards Bay,Visakhapatnam,Supramax,Coal,14109.53,528.52,105.961,16.63,23.19,34.39,5060.0,383.3
2024-10-04,South Africa,Richards Bay,Visakhapatnam,Supramax,Coal,14678.83,525.36,104.828,5.0,11.81,38.0,5060.0,383.3
2024-10-11,South Africa,Richards Bay,Visakhapatnam,Supramax,Coal,15533.76,525.17,104.937,5.0,23.46,37.44,5060.0,383.3
2024-10-18,South Africa,Richards Bay,Visakhapatnam,Supramax,Coal,14851.6,524.63,105.099,9.78,22.83,45.18,5060.0,383.3
2024-10-25,South Africa,Richards Bay,Visakhapatnam,Supramax,Coal,14532.67,524.91,105.193,11.0,33.11,47.11,5060.0,383.3
2024-11-01,South Africa,Richards Bay,Visakhapatnam,Supramax,Coal,14961.64,530.26,106.64,6.71,13.69,43.6,5060.0,383.3
2024-11-08,South Africa,Richards Bay,Visakhapatnam,Supramax,Coal,15286.24,531.01,106.817,13.5,25.32,33.18,5060.0,383.3
2024-11-15,South Africa,Richards Bay,Visakhapatnam,Supramax,Coal,15019.58,531.08,107.0,16.64,28.96,38.46,5060.0,383.3
2024-11-22,South Africa,Richards Bay,Visakhapatnam,Supramax,Coal,15072.46,531.54,107.099,20.61,13.3,43.45,5060.0,383.3
2024-11-29,South Africa,Richards Bay,Visakhapatnam,Supramax,Coal,15596.55,531.3,107.256,24.22,3.0,42.79,5060.0,383.3
2024-12-06,South Africa,Richards Bay,Visakhapatnam,Supramax,Coal,15496.03,544.72,110.972,5.0,31.12,37.62,5060.0,383.3
2024-12-13,South Africa,Richards Bay,Visakhapatnam,Supramax,Coal,15624.18,545.5,111.069,5.0,9.9,42.27,5060.0,383.3
2024-12-20,South Africa,Richards Bay,Visakhapatnam,Supramax,Coal,15169.02,545.41,111.28,5.0,11.99,40.36,5060.0,383.3
2024-12-27,South Africa,Richards Bay,Visakhapatnam,Supramax,Coal,14977.43,545.35,111.403,5.0,25.52,37.07,5060.0,383.3
2025-01-03,South Africa,Richards Bay,Visakhapatnam,Supramax,Coal,14034.23,562.67,116.466,12.85,17.47,35.25,5060.0,383.3
2025-01-10,South Africa,Richards Bay,Visakhapatnam,Supramax,Coal,14250.63,564.21,116.576,23.37,32.87,32.4,5060.0,383.3
2025-01-17,South Africa,Richards Bay,Visakhapatnam,Supramax,Coal,14647.25,564.36,116.642,8.42,10.44,35.35,5060.0,383.3
2025-01-24,South Africa,Richards Bay,Visakhapatnam,Supramax,Coal,14898.87,564.76,116.896,8.66,30.9,36.2,5060.0,383.3
2025-01-31,South Africa,Richards Bay,Visakhapatnam,Supramax,Coal,14858.36,564.98,117.171,24.94,30.02,27.48,5060.0,383.3
2025-02-07,South Africa,Richards Bay,Visakhapatnam,Supramax,Coal,14526.27,582.12,122.351,28.24,33.46,36.43,5060.0,383.3
2025-02-14,South Africa,Richards Bay,Visakhapatnam,Supramax,Coal,13848.54,582.6,122.541,22.92,14.07,37.25,5060.0,383.3
2025-02-21,South Africa,Richards Bay,Visakhapatnam,Supramax,Coal,13728.39,582.52,122.748,23.31,16.69,35.31,5060.0,383.3
2025-02-28,South Africa,Richards Bay,Visakhapatnam,Supramax,Coal,14630.49,583.03,122.945,34.88,37.33,37.68,5060.0,383.3
2025-03-07,South Africa,Richards Bay,Visakhapatnam,Supramax,Coal,14536.26,595.82,126.87,28.14,21.5,45.79,5060.0,383.3
2025-03-14,South Africa,Richards Bay,Visakhapatnam,Supramax,Coal,14232.91,596.01,127.049,43.3,39.18,46.73,5060.0,383.3
2025-03-21,South Africa,Richards Bay,Visakhapatnam,Supramax,Coal,14140.85,597.42,127.153,37.37,33.94,36.13,5060.0,383.3
2025-03-28,South Africa,Richards Bay,Visakhapatnam,Supramax,Coal,13791.97,598.46,127.253,49.74,36.89,39.06,5060.0,383.3
2025-04-04,South Africa,Richards Bay,Visakhapatnam,Supramax,Coal,15062.91,602.6,128.664,57.61,38.97,39.16,5060.0,383.3
2025-04-11,South Africa,Richards Bay,Visakhapatnam,Supramax,Coal,14946.24,602.95,128.854,70.64,45.57,42.09,5060.0,383.3
2025-04-18,South Africa,Richards Bay,Visakhapatnam,Supramax,Coal,15448.88,603.34,128.987,69.14,42.32,60.25,5060.0,383.3
2025-04-25,South Africa,Richards Bay,Visakhapatnam,Supramax,Coal,15259.72,604.73,129.167,62.52,47.56,39.83,5060.0,383.3
2025-05-02,South Africa,Richards Bay,Visakhapatnam,Supramax,Coal,15883.56,601.49,127.919,74.15,53.71,30.18,5060.0,383.3
2025-05-09,South Africa,Richards Bay,Visakhapatnam,Supramax,Coal,16341.24,601.84,128.075,54.15,37.46,42.36,5060.0,383.3
2025-05-16,South Africa,Richards Bay,Visakhapatnam,Supramax,Coal,16476.68,602.97,128.335,34.16,30.12,43.84,5060.0,383.3
2025-05-23,South Africa,Richards Bay,Visakhapatnam,Supramax,Coal,15631.23,603.92,128.527,33.99,21.32,39.14,5060.0,383.3
2025-05-30,South Africa,Richards Bay,Visakhapatnam,Supramax,Coal,16146.81,604.3,128.698,35.85,26.46,41.27,5060.0,383.3
2025-06-06,South Africa,Richards Bay,Visakhapatnam,Supramax,Coal,15917.53,592.35,125.199,35.77,14.55,43.5,5060.0,383.3
2025-06-13,South Africa,Richards Bay,Visakhapatnam,Supramax,Coal,15859.96,593.53,125.294,48.59,31.93,43.61,5060.0,383.3
2025-06-20,South Africa,Richards Bay,Visakhapatnam,Supramax,Coal,16234.4,595.44,125.535,60.66,26.09,23.87,5060.0,383.3
2025-06-27,South Africa,Richards Bay,Visakhapatnam,Supramax,Coal,16959.93,596.43,125.688,50.07,35.47,30.5,5060.0,383.3
2025-07-04,South Africa,Richards Bay,Visakhapatnam,Supramax,Coal,15019.45,580.39,120.7,40.96,17.01,25.89,5060.0,383.3
2025-07-11,South Africa,Richards Bay,Visakhapatnam,Supramax,Coal,14675.6,580.91,120.842,32.19,38.81,28.1,5060.0,383.3
2025-07-18,South Africa,Richards Bay,Visakhapatnam,Supramax,Coal,13791.23,580.77,121.048,36.53,16.46,37.55,5060.0,383.3
2025-07-25,South Africa,Richards Bay,Visakhapatnam,Supramax,Coal,13108.18,580.35,121.223,26.42,29.35,33.11,5060.0,383.3
2025-08-01,South Africa,Richards Bay,Visakhapatnam,Supramax,Coal,12563.81,563.36,116.239,40.64,39.46,31.66,5060.0,383.3
2025-08-08,South Africa,Richards Bay,Visakhapatnam,Supramax,Coal,12406.83,564.22,116.402,32.94,28.93,44.96,5060.0,383.3
2025-08-15,South Africa,Richards Bay,Visakhapatnam,Supramax,Coal,12665.1,563.54,116.552,40.01,28.33,39.03,5060.0,383.3
2025-08-22,South Africa,Richards Bay,Visakhapatnam,Supramax,Coal,12195.4,563.04,116.689,26.25,22.37,30.46,5060.0,383.3
2025-08-29,South Africa,Richards Bay,Visakhapatnam,Supramax,Coal,12695.91,563.86,116.796,5.0,31.63,42.45,5060.0,383.3
2025-09-05,South Africa,Richards Bay,Visakhapatnam,Supramax,Coal,12476.77,551.41,113.114,8.06,12.3,48.94,5060.0,383.3
2025-09-12,South Africa,Richards Bay,Visakhapatnam,Supramax,Coal,12750.1,551.52,113.273,6.98,12.44,41.11,5060.0,383.3
2025-09-19,South Africa,Richards Bay,Visakhapatnam,Supramax,Coal,12741.41,551.47,113.419,18.81,28.38,41.06,5060.0,383.3
2025-09-26,South Africa,Richards Bay,Visakhapatnam,Supramax,Coal,12895.89,551.78,113.621,32.24,29.06,40.65,5060.0,383.3
2025-10-03,South Africa,Richards Bay,Visakhapatnam,Supramax,Coal,14183.18,547.61,112.37,27.68,23.92,37.1,5060.0,383.3
2025-10-10,South Africa,Richards Bay,Visakhapatnam,Supramax,Coal,14272.43,548.11,112.523,33.74,11.96,34.33,5060.0,383.3
2025-10-17,South Africa,Richards Bay,Visakhapatnam,Supramax,Coal,14025.36,549.56,112.722,51.38,39.03,34.85,5060.0,383.3
2025-10-24,South Africa,Richards Bay,Visakhapatnam,Supramax,Coal,14590.92,549.07,112.875,35.43,49.82,34.97,5060.0,383.3
2025-10-31,South Africa,Richards Bay,Visakhapatnam,Supramax,Coal,14476.39,551.01,113.111,45.46,39.48,31.91,5060.0,383.3
2025-11-07,South Africa,Richards Bay,Visakhapatnam,Supramax,Coal,15090.05,555.99,114.727,46.25,19.3,43.55,5060.0,383.3
2025-11-14,South Africa,Richards Bay,Visakhapatnam,Supramax,Coal,14889.45,556.79,114.869,34.4,47.68,38.03,5060.0,383.3
2025-11-21,South Africa,Richards Bay,Visakhapatnam,Supramax,Coal,15249.66,557.25,115.01,35.32,32.49,32.28,5060.0,383.3
2025-11-28,South Africa,Richards Bay,Visakhapatnam,Supramax,Coal,15778.77,557.34,115.167,24.72,30.58,46.24,5060.0,383.3
2025-12-05,South Africa,Richards Bay,Visakhapatnam,Supramax,Coal,15127.77,570.38,119.179,13.12,35.0,39.34,5060.0,383.3
2025-12-12,South Africa,Richards Bay,Visakhapatnam,Supramax,Coal,15461.51,569.95,119.268,14.56,24.53,43.94,5060.0,383.3
2025-12-19,South Africa,Richards Bay,Visakhapatnam,Supramax,Coal,15281.12,571.27,119.494,11.75,22.03,32.65,5060.0,383.3
2025-12-26,South Africa,Richards Bay,Visakhapatnam,Supramax,Coal,16177.1,571.74,119.623,5.0,18.12,41.1,5060.0,383.3
2026-01-02,South Africa,Richards Bay,Visakhapatnam,Supramax,Coal,14934.28,590.07,125.104,5.0,8.46,43.3,5060.0,383.3
2026-01-09,South Africa,Richards Bay,Visakhapatnam,Supramax,Coal,14478.4,590.75,125.166,5.0,3.0,31.57,5060.0,383.3
2026-01-16,South Africa,Richards Bay,Visakhapatnam,Supramax,Coal,14782.75,592.22,125.356,5.0,8.43,30.62,5060.0,383.3
2026-01-23,South Africa,Richards Bay,Visakhapatnam,Supramax,Coal,14630.61,592.95,125.509,5.0,20.88,35.17,5060.0,383.3
2026-01-30,South Africa,Richards Bay,Visakhapatnam,Supramax,Coal,13676.06,593.53,125.692,5.0,15.75,32.85,5060.0,383.3
2026-02-06,South Africa,Richards Bay,Visakhapatnam,Supramax,Coal,12942.96,611.69,131.166,10.9,22.02,43.82,5060.0,383.3
2026-02-13,South Africa,Richards Bay,Visakhapatnam,Supramax,Coal,13652.55,611.21,131.281,10.07,22.74,35.71,5060.0,383.3
2026-02-20,South Africa,Richards Bay,Visakhapatnam,Supramax,Coal,13243.61,612.26,131.417,5.0,27.32,38.51,5060.0,383.3
2026-02-27,South Africa,Richards Bay,Visakhapatnam,Supramax,Coal,12987.77,612.34,131.637,5.0,14.75,43.91,5060.0,383.3
2026-03-06,South Africa,Richards Bay,Visakhapatnam,Supramax,Coal,13200.72,624.88,135.723,5.0,24.55,44.63,5060.0,383.3
2026-03-13,South Africa,Richards Bay,Visakhapatnam,Supramax,Coal,14397.17,623.93,135.977,5.0,18.34,36.72,5060.0,383.3
2026-03-20,South Africa,Richards Bay,Visakhapatnam,Supramax,Coal,14062.61,623.76,136.192,12.2,35.84,38.75,5060.0,383.3
2026-03-27,South Africa,Richards Bay,Visakhapatnam,Supramax,Coal,13752.13,624.36,136.404,20.21,25.76,53.58,5060.0,383.3
2026-04-03,South Africa,Richards Bay,Visakhapatnam,Supramax,Coal,14731.63,630.3,138.054,18.76,22.32,47.23,5060.0,383.3
2026-04-10,South Africa,Richards Bay,Visakhapatnam,Supramax,Coal,14340.45,630.93,138.323,26.05,31.81,36.02,5060.0,383.3
2026-04-17,South Africa,Richards Bay,Visakhapatnam,Supramax,Coal,14869.0,630.89,138.427,38.74,36.77,43.76,5060.0,383.3
2026-04-24,South Africa,Richards Bay,Visakhapatnam,Supramax,Coal,15435.59,631.84,138.581,31.46,26.23,33.06,5060.0,383.3
2026-05-01,South Africa,Richards Bay,Visakhapatnam,Supramax,Coal,16456.63,627.4,137.284,37.16,30.27,40.04,5060.0,383.3
2026-05-08,South Africa,Richards Bay,Visakhapatnam,Supramax,Coal,16883.95,628.03,137.541,50.37,47.78,44.97,5060.0,383.3
2026-05-15,South Africa,Richards Bay,Visakhapatnam,Supramax,Coal,17477.96,628.03,137.663,57.1,35.27,35.14,5060.0,383.3
2026-05-22,South Africa,Richards Bay,Visakhapatnam,Supramax,Coal,18339.81,628.23,137.866,48.72,54.04,52.56,5060.0,383.3
2026-05-29,South Africa,Richards Bay,Visakhapatnam,Supramax,Coal,17676.24,629.73,138.111,37.58,32.8,40.68,5060.0,383.3
2026-06-05,South Africa,Richards Bay,Visakhapatnam,Supramax,Coal,16924.23,617.53,134.352,38.08,22.35,43.13,5060.0,383.3
2026-06-12,South Africa,Richards Bay,Visakhapatnam,Supramax,Coal,17342.32,618.21,134.51,23.61,26.79,22.72,5060.0,383.3
2026-06-19,South Africa,Richards Bay,Visakhapatnam,Supramax,Coal,17864.51,618.08,134.752,36.07,33.95,35.67,5060.0,383.3
2026-06-26,South Africa,Richards Bay,Visakhapatnam,Supramax,Coal,18266.11,618.4,135.023,34.15,27.83,42.06,5060.0,383.3
2026-07-03,South Africa,Richards Bay,Visakhapatnam,Supramax,Coal,16565.47,601.57,129.684,51.81,51.7,30.51,5060.0,383.3
2026-07-10,South Africa,Richards Bay,Visakhapatnam,Supramax,Coal,16667.09,601.02,129.969,37.49,30.33,40.25,5060.0,383.3
2026-07-17,South Africa,Richards Bay,Visakhapatnam,Supramax,Coal,15758.68,601.11,130.204,45.35,46.5,32.55,5060.0,383.3
2026-07-24,South Africa,Richards Bay,Visakhapatnam,Supramax,Coal,15545.96,602.42,130.401,71.19,43.69,46.52,5060.0,383.3
2026-07-31,South Africa,Richards Bay,Visakhapatnam,Supramax,Coal,15192.86,602.02,130.602,65.68,49.35,34.25,5060.0,383.3
2026-08-07,South Africa,Richards Bay,Visakhapatnam,Supramax,Coal,15055.32,584.19,125.218,59.57,42.81,34.88,5060.0,383.3
2026-08-14,South Africa,Richards Bay,Visakhapatnam,Supramax,Coal,15336.63,584.71,125.37,52.46,33.06,39.5,5060.0,383.3
2026-08-21,South Africa,Richards Bay,Visakhapatnam,Supramax,Coal,15564.51,585.47,125.56,55.66,27.59,34.74,5060.0,383.3
2026-08-28,South Africa,Richards Bay,Visakhapatnam,Supramax,Coal,15526.16,585.48,125.753,50.98,41.43,34.27,5060.0,383.3
2026-09-04,South Africa,Richards Bay,Visakhapatnam,Supramax,Coal,15518.23,572.21,121.815,30.9,24.87,42.8,5060.0,383.3
2026-09-11,South Africa,Richards Bay,Visakhapatnam,Supramax,Coal,15840.67,571.78,122.068,42.29,37.08,46.12,5060.0,383.3
2026-09-18,South Africa,Richards Bay,Visakhapatnam,Supramax,Coal,15869.77,572.1,122.256,46.66,33.69,47.69,5060.0,383.3
2026-09-25,South Africa,Richards Bay,Visakhapatnam,Supramax,Coal,15303.17,572.51,122.483,64.11,47.87,34.26,5060.0,383.3
2023-01-06,South Africa,Saldanha,Haldia,Supramax,Iron Ore,14373.26,519.44,99.953,72.0,34.93,41.07,5600.0,424.2
2023-01-13,South Africa,Saldanha,Haldia,Supramax,Iron Ore,14967.58,520.28,100.181,67.29,15.12,29.44,5600.0,424.2
2023-01-20,South Africa,Saldanha,Haldia,Supramax,Iron Ore,14777.36,521.33,100.291,69.86,21.54,38.98,5600.0,424.2
2023-01-27,South Africa,Saldanha,Haldia,Supramax,Iron Ore,14953.54,521.82,100.457,72.92,31.17,37.17,5600.0,424.2
2023-02-03,South Africa,Saldanha,Haldia,Supramax,Iron Ore,14365.92,537.32,104.842,71.33,23.33,30.9,5600.0,424.2
2023-02-10,South Africa,Saldanha,Haldia,Supramax,Iron Ore,13968.16,538.13,104.936,68.72,28.83,46.64,5600.0,424.2
2023-02-17,South Africa,Saldanha,Haldia,Supramax,Iron Ore,14471.7,538.09,105.124,66.16,30.88,40.96,5600.0,424.2
2023-02-24,South Africa,Saldanha,Haldia,Supramax,Iron Ore,13809.01,537.62,105.273,66.91,20.5,38.4,5600.0,424.2
2023-03-03,South Africa,Saldanha,Haldia,Supramax,Iron Ore,14299.61,550.04,108.663,65.88,23.77,51.2,5600.0,424.2
2023-03-10,South Africa,Saldanha,Haldia,Supramax,Iron Ore,14964.33,550.18,108.807,63.81,23.53,37.13,5600.0,424.2
2023-03-17,South Africa,Saldanha,Haldia,Supramax,Iron Ore,14710.35,550.8,108.961,69.08,32.0,43.67,5600.0,424.2
2023-03-24,South Africa,Saldanha,Haldia,Supramax,Iron Ore,14980.45,551.13,109.087,78.21,28.85,37.86,5600.0,424.2
2023-03-31,South Africa,Saldanha,Haldia,Supramax,Iron Ore,14447.68,551.86,109.273,82.36,21.19,47.2,5600.0,424.2
2023-04-07,South Africa,Saldanha,Haldia,Supramax,Iron Ore,15040.07,556.7,110.633,87.52,21.87,38.69,5600.0,424.2
2023-04-14,South Africa,Saldanha,Haldia,Supramax,Iron Ore,15413.05,557.28,110.782,84.83,27.38,43.95,5600.0,424.2
2023-04-21,South Africa,Saldanha,Haldia,Supramax,Iron Ore,15176.97,557.72,110.927,81.55,13.13,47.62,5600.0,424.2
2023-04-28,South Africa,Saldanha,Haldia,Supramax,Iron Ore,14822.01,557.74,111.121,92.34,27.42,32.41,5600.0,424.2
2023-05-05,South Africa,Saldanha,Haldia,Supramax,Iron Ore,14516.17,554.54,110.187,99.0,29.29,35.86,5600.0,424.2
2023-05-12,South Africa,Saldanha,Haldia,Supramax,Iron Ore,14128.78,555.82,110.331,99.0,48.41,38.82,5600.0,424.2
2023-05-19,South Africa,Saldanha,Haldia,Supramax,Iron Ore,13417.16,556.04,110.489,97.07,34.23,44.39,5600.0,424.2
2023-05-26,South Africa,Saldanha,Haldia,Supramax,Iron Ore,13039.96,556.56,110.636,96.65,35.61,36.47,5600.0,424.2
2023-06-02,South Africa,Saldanha,Haldia,Supramax,Iron Ore,12504.0,545.41,107.547,91.92,19.84,34.22,5600.0,424.2
2023-06-09,South Africa,Saldanha,Haldia,Supramax,Iron Ore,13252.0,545.93,107.673,98.49,29.44,43.69,5600.0,424.2
2023-06-16,South Africa,Saldanha,Haldia,Supramax,Iron Ore,13756.38,545.73,107.857,99.0,46.87,55.61,5600.0,424.2
2023-06-23,South Africa,Saldanha,Haldia,Supramax,Iron Ore,13718.33,546.48,108.051,99.0,35.38,37.8,5600.0,424.2
2023-06-30,South Africa,Saldanha,Haldia,Supramax,Iron Ore,14401.7,546.8,108.217,86.11,41.46,27.43,5600.0,424.2
2023-07-07,South Africa,Saldanha,Haldia,Supramax,Iron Ore,12542.22,532.29,103.935,87.05,29.26,31.25,5600.0,424.2
2023-07-14,South Africa,Saldanha,Haldia,Supramax,Iron Ore,12793.0,533.63,104.072,86.27,37.37,44.93,5600.0,424.2
2023-07-21,South Africa,Saldanha,Haldia,Supramax,Iron Ore,13142.16,533.88,104.234,86.17,26.78,30.76,5600.0,424.2
2023-07-28,South Africa,Saldanha,Haldia,Supramax,Iron Ore,13389.71,534.23,104.435,88.42,18.4,33.47,5600.0,424.2
2023-08-04,South Africa,Saldanha,Haldia,Supramax,Iron Ore,13313.74,519.06,100.091,85.03,28.19,35.05,5600.0,424.2
2023-08-11,South Africa,Saldanha,Haldia,Supramax,Iron Ore,13292.26,519.47,100.282,72.66,22.81,42.86,5600.0,424.2
2023-08-18,South Africa,Saldanha,Haldia,Supramax,Iron Ore,13153.33,520.39,100.464,76.81,22.61,35.77,5600.0,424.2
2023-08-25,South Africa,Saldanha,Haldia,Supramax,Iron Ore,13104.78,520.38,100.59,70.7,23.44,32.42,5600.0,424.2
2023-09-01,South Africa,Saldanha,Haldia,Supramax,Iron Ore,12839.67,509.19,97.473,74.53,23.28,36.7,5600.0,424.2
2023-09-08,South Africa,Saldanha,Haldia,Supramax,Iron Ore,12649.56,510.0,97.607,80.43,12.97,40.68,5600.0,424.2
2023-09-15,South Africa,Saldanha,Haldia,Supramax,Iron Ore,12578.93,510.38,97.757,86.95,16.41,34.07,5600.0,424.2
2023-09-22,South Africa,Saldanha,Haldia,Supramax,Iron Ore,12986.98,510.84,97.906,90.02,33.25,42.22,5600.0,424.2
2023-09-29,South Africa,Saldanha,Haldia,Supramax,Iron Ore,13119.88,511.63,98.025,86.57,31.29,41.72,5600.0,424.2
2023-10-06,South Africa,Saldanha,Haldia,Supramax,Iron Ore,13937.94,508.2,97.005,81.34,28.97,42.08,5600.0,424.2
2023-10-13,South Africa,Saldanha,Haldia,Supramax,Iron Ore,13971.61,508.88,97.232,73.97,18.54,39.4,5600.0,424.2
2023-10-20,South Africa,Saldanha,Haldia,Supramax,Iron Ore,13896.18,509.12,97.428,74.42,24.12,37.24,5600.0,424.2
2023-10-27,South Africa,Saldanha,Haldia,Supramax,Iron Ore,14518.58,509.52,97.6,80.17,28.29,42.29,5600.0,424.2
2023-11-03,South Africa,Saldanha,Haldia,Supramax,Iron Ore,15369.39,514.1,98.945,81.7,23.52,32.99,5600.0,424.2
2023-11-10,South Africa,Saldanha,Haldia,Supramax,Iron Ore,15111.33,514.58,99.043,87.11,26.42,42.85,5600.0,424.2
2023-11-17,South Africa,Saldanha,Haldia,Supramax,Iron Ore,15149.41,515.08,99.222,84.16,29.76,32.63,5600.0,424.2
2023-11-24,South Africa,Saldanha,Haldia,Supramax,Iron Ore,15504.25,514.17,99.396,82.34,31.25,47.06,5600.0,424.2
2023-12-01,South Africa,Saldanha,Haldia,Supramax,Iron Ore,15055.13,527.15,102.902,74.95,32.92,45.74,5600.0,424.2
2023-12-08,South Africa,Saldanha,Haldia,Supramax,Iron Ore,15110.29,527.21,103.013,71.01,17.89,41.06,5600.0,424.2
2023-12-15,South Africa,Saldanha,Haldia,Supramax,Iron Ore,15072.6,527.02,103.146,72.95,24.91,35.87,5600.0,424.2
2023-12-22,South Africa,Saldanha,Haldia,Supramax,Iron Ore,15142.03,527.39,103.305,79.77,15.1,36.81,5600.0,424.2
2023-12-29,South Africa,Saldanha,Haldia,Supramax,Iron Ore,15738.81,527.45,103.441,64.96,26.04,37.22,5600.0,424.2
2024-01-05,South Africa,Saldanha,Haldia,Supramax,Iron Ore,14710.68,544.11,108.183,69.44,3.0,38.36,5600.0,424.2
2024-01-12,South Africa,Saldanha,Haldia,Supramax,Iron Ore,15233.66,544.23,108.39,69.45,15.95,36.41,5600.0,424.2
2024-01-19,South Africa,Saldanha,Haldia,Supramax,Iron Ore,15436.23,544.9,108.553,74.29,22.54,36.04,5600.0,424.2
2024-01-26,South Africa,Saldanha,Haldia,Supramax,Iron Ore,15066.69,545.86,108.66,84.55,32.45,33.97,5600.0,424.2
2024-02-02,South Africa,Saldanha,Haldia,Supramax,Iron Ore,14671.89,560.88,113.443,90.56,35.26,33.5,5600.0,424.2
2024-02-09,South Africa,Saldanha,Haldia,Supramax,Iron Ore,15168.06,561.27,113.508,87.38,35.0,39.0,5600.0,424.2
2024-02-16,South Africa,Saldanha,Haldia,Supramax,Iron Ore,14756.75,561.54,113.732,86.6,20.1,47.51,5600.0,424.2
2024-02-23,South Africa,Saldanha,Haldia,Supramax,Iron Ore,14736.11,561.47,113.906,82.67,26.22,29.19,5600.0,424.2
2024-03-01,South Africa,Saldanha,Haldia,Supramax,Iron Ore,15482.35,573.69,117.508,91.47,40.81,40.89,5600.0,424.2
2024-03-08,South Africa,Saldanha,Haldia,Supramax,Iron Ore,15233.36,573.98,117.586,89.62,18.74,25.61,5600.0,424.2
2024-03-15,South Africa,Saldanha,Haldia,Supramax,Iron Ore,15689.62,575.21,117.738,86.24,26.42,43.03,5600.0,424.2
2024-03-22,South Africa,Saldanha,Haldia,Supramax,Iron Ore,16207.73,575.06,117.953,88.14,32.35,38.05,5600.0,424.2
2024-03-29,South Africa,Saldanha,Haldia,Supramax,Iron Ore,15857.92,575.25,117.989,97.58,34.44,37.65,5600.0,424.2
2024-04-05,South Africa,Saldanha,Haldia,Supramax,Iron Ore,17457.99,580.3,119.378,98.23,41.59,52.35,5600.0,424.2
2024-04-12,South Africa,Saldanha,Haldia,Supramax,Iron Ore,16657.52,580.8,119.451,94.2,26.68,44.57,5600.0,424.2
2024-04-19,South Africa,Saldanha,Haldia,Supramax,Iron Ore,16968.13,580.53,119.616,97.94,41.17,38.17,5600.0,424.2
2024-04-26,South Africa,Saldanha,Haldia,Supramax,Iron Ore,16952.8,582.32,119.809,95.97,31.87,47.01,5600.0,424.2
2024-05-03,South Africa,Saldanha,Haldia,Supramax,Iron Ore,17778.61,577.86,118.651,99.0,26.37,36.82,5600.0,424.2
2024-05-10,South Africa,Saldanha,Haldia,Supramax,Iron Ore,18248.12,577.33,118.872,99.0,32.86,44.43,5600.0,424.2
2024-05-17,South Africa,Saldanha,Haldia,Supramax,Iron Ore,18173.15,576.78,119.112,99.0,33.59,51.83,5600.0,424.2
2024-05-24,South Africa,Saldanha,Haldia,Supramax,Iron Ore,17981.03,577.82,119.319,99.0,30.31,50.69,5600.0,424.2
2024-05-31,South Africa,Saldanha,Haldia,Supramax,Iron Ore,18436.86,577.43,119.443,99.0,41.33,38.25,5600.0,424.2
2024-06-07,South Africa,Saldanha,Haldia,Supramax,Iron Ore,18162.89,566.46,116.203,99.0,21.81,31.72,5600.0,424.2
2024-06-14,South Africa,Saldanha,Haldia,Supramax,Iron Ore,17598.51,566.7,116.424,99.0,44.02,34.24,5600.0,424.2
2024-06-21,South Africa,Saldanha,Haldia,Supramax,Iron Ore,16983.6,566.87,116.559,99.0,41.44,44.3,5600.0,424.2
2024-06-28,South Africa,Saldanha,Haldia,Supramax,Iron Ore,16534.06,567.45,116.755,99.0,34.15,30.49,5600.0,424.2
2024-07-05,South Africa,Saldanha,Haldia,Supramax,Iron Ore,15088.86,551.08,112.143,94.01,37.09,37.72,5600.0,424.2
2024-07-12,South Africa,Saldanha,Haldia,Supramax,Iron Ore,14647.8,551.81,112.386,95.57,29.63,35.28,5600.0,424.2
2024-07-19,South Africa,Saldanha,Haldia,Supramax,Iron Ore,15505.28,552.63,112.618,99.0,35.98,25.48,5600.0,424.2
2024-07-26,South Africa,Saldanha,Haldia,Supramax,Iron Ore,14945.3,553.89,112.737,99.0,22.66,34.79,5600.0,424.2
2024-08-02,South Africa,Saldanha,Haldia,Supramax,Iron Ore,15183.72,537.93,108.097,98.57,28.46,35.86,5600.0,424.2
2024-08-09,South Africa,Saldanha,Haldia,Supramax,Iron Ore,15242.38,538.93,108.291,91.84,35.97,44.61,5600.0,424.2
2024-08-16,South Africa,Saldanha,Haldia,Supramax,Iron Ore,15093.37,538.68,108.429,91.66,35.32,41.44,5600.0,424.2
2024-08-23,South Africa,Saldanha,Haldia,Supramax,Iron Ore,14974.87,538.21,108.63,88.57,26.22,36.42,5600.0,424.2
2024-08-30,South Africa,Saldanha,Haldia,Supramax,Iron Ore,14792.54,538.54,108.875,88.91,27.65,42.78,5600.0,424.2
2024-09-06,South Africa,Saldanha,Haldia,Supramax,Iron Ore,15301.64,526.33,105.496,81.01,18.46,46.83,5600.0,424.2
2024-09-13,South Africa,Saldanha,Haldia,Supramax,Iron Ore,14827.78,526.75,105.559,77.58,28.86,55.45,5600.0,424.2
2024-09-20,South Africa,Saldanha,Haldia,Supramax,Iron Ore,14643.93,527.35,105.712,76.4,34.03,34.84,5600.0,424.2
2024-09-27,South Africa,Saldanha,Haldia,Supramax,Iron Ore,14321.68,528.52,105.961,79.43,31.46,34.39,5600.0,424.2
2024-10-04,South Africa,Saldanha,Haldia,Supramax,Iron Ore,14634.72,525.36,104.828,82.31,18.31,38.0,5600.0,424.2
2024-10-11,South Africa,Saldanha,Haldia,Supramax,Iron Ore,15070.88,525.17,104.937,83.56,21.36,37.44,5600.0,424.2
2024-10-18,South Africa,Saldanha,Haldia,Supramax,Iron Ore,15068.64,524.63,105.099,84.21,32.24,45.18,5600.0,424.2
2024-10-25,South Africa,Saldanha,Haldia,Supramax,Iron Ore,15058.79,524.91,105.193,91.62,37.2,47.11,5600.0,424.2
2024-11-01,South Africa,Saldanha,Haldia,Supramax,Iron Ore,15342.29,530.26,106.64,78.61,27.6,43.6,5600.0,424.2
2024-11-08,South Africa,Saldanha,Haldia,Supramax,Iron Ore,15624.38,531.01,106.817,79.28,23.76,33.18,5600.0,424.2
2024-11-15,South Africa,Saldanha,Haldia,Supramax,Iron Ore,15979.82,531.08,107.0,73.58,18.42,38.46,5600.0,424.2
2024-11-22,South Africa,Saldanha,Haldia,Supramax,Iron Ore,15718.23,531.54,107.099,79.15,22.85,43.45,5600.0,424.2
2024-11-29,South Africa,Saldanha,Haldia,Supramax,Iron Ore,16082.37,531.3,107.256,85.05,26.31,42.79,5600.0,424.2
2024-12-06,South Africa,Saldanha,Haldia,Supramax,Iron Ore,16065.54,544.72,110.972,74.27,25.11,37.62,5600.0,424.2
2024-12-13,South Africa,Saldanha,Haldia,Supramax,Iron Ore,16265.39,545.5,111.069,74.67,36.27,42.27,5600.0,424.2
2024-12-20,South Africa,Saldanha,Haldia,Supramax,Iron Ore,15820.31,545.41,111.28,80.78,26.35,40.36,5600.0,424.2
2024-12-27,South Africa,Saldanha,Haldia,Supramax,Iron Ore,16301.18,545.35,111.403,80.75,27.9,37.07,5600.0,424.2
2025-01-03,South Africa,Saldanha,Haldia,Supramax,Iron Ore,15446.53,562.67,116.466,80.93,29.51,35.25,5600.0,424.2
2025-01-10,South Africa,Saldanha,Haldia,Supramax,Iron Ore,16352.97,564.21,116.576,72.59,16.17,32.4,5600.0,424.2
2025-01-17,South Africa,Saldanha,Haldia,Supramax,Iron Ore,16781.89,564.36,116.642,67.86,13.24,35.35,5600.0,424.2
2025-01-24,South Africa,Saldanha,Haldia,Supramax,Iron Ore,16452.13,564.76,116.896,61.51,8.46,36.2,5600.0,424.2
2025-01-31,South Africa,Saldanha,Haldia,Supramax,Iron Ore,16340.78,564.98,117.171,64.21,20.18,27.48,5600.0,424.2
2025-02-07,South Africa,Saldanha,Haldia,Supramax,Iron Ore,15854.14,582.12,122.351,61.89,15.98,36.43,5600.0,424.2
2025-02-14,South Africa,Saldanha,Haldia,Supramax,Iron Ore,16149.77,582.6,122.541,57.14,22.39,37.25,5600.0,424.2
2025-02-21,South Africa,Saldanha,Haldia,Supramax,Iron Ore,15669.62,582.52,122.748,62.69,27.23,35.31,5600.0,424.2
2025-02-28,South Africa,Saldanha,Haldia,Supramax,Iron Ore,15830.79,583.03,122.945,66.72,22.65,37.68,5600.0,424.2
2025-03-07,South Africa,Saldanha,Haldia,Supramax,Iron Ore,15761.91,595.82,126.87,68.27,21.19,45.79,5600.0,424.2
2025-03-14,South Africa,Saldanha,Haldia,Supramax,Iron Ore,15400.36,596.01,127.049,64.97,13.91,46.73,5600.0,424.2
2025-03-21,South Africa,Saldanha,Haldia,Supramax,Iron Ore,15718.79,597.42,127.153,59.76,20.72,36.13,5600.0,424.2
2025-03-28,South Africa,Saldanha,Haldia,Supramax,Iron Ore,15884.35,598.46,127.253,60.78,12.37,39.06,5600.0,424.2
2025-04-04,South Africa,Saldanha,Haldia,Supramax,Iron Ore,17489.7,602.6,128.664,64.27,15.48,39.16,5600.0,424.2
2025-04-11,South Africa,Saldanha,Haldia,Supramax,Iron Ore,18051.84,602.95,128.854,65.72,31.2,42.09,5600.0,424.2
2025-04-18,South Africa,Saldanha,Haldia,Supramax,Iron Ore,17874.03,603.34,128.987,70.91,21.09,60.25,5600.0,424.2
2025-04-25,South Africa,Saldanha,Haldia,Supramax,Iron Ore,17987.18,604.73,129.167,70.47,28.06,39.83,5600.0,424.2
2025-05-02,South Africa,Saldanha,Haldia,Supramax,Iron Ore,18651.86,601.49,127.919,80.52,23.89,30.18,5600.0,424.2
2025-05-09,South Africa,Saldanha,Haldia,Supramax,Iron Ore,18112.31,601.84,128.075,81.38,8.47,42.36,5600.0,424.2
2025-05-16,South Africa,Saldanha,Haldia,Supramax,Iron Ore,17798.63,602.97,128.335,86.5,38.98,43.84,5600.0,424.2
2025-05-23,South Africa,Saldanha,Haldia,Supramax,Iron Ore,17560.39,603.92,128.527,87.17,28.01,39.14,5600.0,424.2
2025-05-30,South Africa,Saldanha,Haldia,Supramax,Iron Ore,17913.07,604.3,128.698,79.83,35.64,41.27,5600.0,424.2
2025-06-06,South Africa,Saldanha,Haldia,Supramax,Iron Ore,16958.85,592.35,125.199,83.21,17.79,43.5,5600.0,424.2
2025-06-13,South Africa,Saldanha,Haldia,Supramax,Iron Ore,16371.31,593.53,125.294,92.51,30.11,43.61,5600.0,424.2
2025-06-20,South Africa,Saldanha,Haldia,Supramax,Iron Ore,16159.79,595.44,125.535,99.0,39.65,23.87,5600.0,424.2
2025-06-27,South Africa,Saldanha,Haldia,Supramax,Iron Ore,16075.54,596.43,125.688,85.96,37.29,30.5,5600.0,424.2
2025-07-04,South Africa,Saldanha,Haldia,Supramax,Iron Ore,14185.87,580.39,120.7,88.91,22.65,25.89,5600.0,424.2
2025-07-11,South Africa,Saldanha,Haldia,Supramax,Iron Ore,14612.83,580.91,120.842,81.7,25.3,28.1,5600.0,424.2
2025-07-18,South Africa,Saldanha,Haldia,Supramax,Iron Ore,15440.88,580.77,121.048,79.92,37.74,37.55,5600.0,424.2
2025-07-25,South Africa,Saldanha,Haldia,Supramax,Iron Ore,15431.63,580.35,121.223,80.0,14.05,33.11,5600.0,424.2
2025-08-01,South Africa,Saldanha,Haldia,Supramax,Iron Ore,14569.86,563.36,116.239,85.32,20.21,31.66,5600.0,424.2
2025-08-08,South Africa,Saldanha,Haldia,Supramax,Iron Ore,14409.75,564.22,116.402,86.92,26.8,44.96,5600.0,424.2
2025-08-15,South Africa,Saldanha,Haldia,Supramax,Iron Ore,14788.83,563.54,116.552,78.35,25.98,39.03,5600.0,424.2
2025-08-22,South Africa,Saldanha,Haldia,Supramax,Iron Ore,14822.29,563.04,116.689,79.28,38.43,30.46,5600.0,424.2
2025-08-29,South Africa,Saldanha,Haldia,Supramax,Iron Ore,14482.57,563.86,116.796,85.18,29.09,42.45,5600.0,424.2
2025-09-05,South Africa,Saldanha,Haldia,Supramax,Iron Ore,14098.92,551.41,113.114,82.04,23.04,48.94,5600.0,424.2
2025-09-12,South Africa,Saldanha,Haldia,Supramax,Iron Ore,13342.09,551.52,113.273,88.08,33.2,41.11,5600.0,424.2
2025-09-19,South Africa,Saldanha,Haldia,Supramax,Iron Ore,13081.82,551.47,113.419,93.43,37.91,41.06,5600.0,424.2
2025-09-26,South Africa,Saldanha,Haldia,Supramax,Iron Ore,13217.81,551.78,113.621,90.76,43.87,40.65,5600.0,424.2
2025-10-03,South Africa,Saldanha,Haldia,Supramax,Iron Ore,14187.26,547.61,112.37,79.1,21.71,37.1,5600.0,424.2
2025-10-10,South Africa,Saldanha,Haldia,Supramax,Iron Ore,14953.37,548.11,112.523,82.78,39.24,34.33,5600.0,424.2
2025-10-17,South Africa,Saldanha,Haldia,Supramax,Iron Ore,14595.67,549.56,112.722,83.75,29.55,34.85,5600.0,424.2
2025-10-24,South Africa,Saldanha,Haldia,Supramax,Iron Ore,14557.15,549.07,112.875,85.97,22.77,34.97,5600.0,424.2
2025-10-31,South Africa,Saldanha,Haldia,Supramax,Iron Ore,13387.56,551.01,113.111,88.5,39.07,31.91,5600.0,424.2
2025-11-07,South Africa,Saldanha,Haldia,Supramax,Iron Ore,13301.04,555.99,114.727,87.86,29.92,43.55,5600.0,424.2
2025-11-14,South Africa,Saldanha,Haldia,Supramax,Iron Ore,13726.12,556.79,114.869,91.03,33.65,38.03,5600.0,424.2
2025-11-21,South Africa,Saldanha,Haldia,Supramax,Iron Ore,14337.28,557.25,115.01,89.64,30.25,32.28,5600.0,424.2
2025-11-28,South Africa,Saldanha,Haldia,Supramax,Iron Ore,13399.22,557.34,115.167,88.86,29.12,46.24,5600.0,424.2
2025-12-05,South Africa,Saldanha,Haldia,Supramax,Iron Ore,13449.77,570.38,119.179,79.5,22.97,39.34,5600.0,424.2
2025-12-12,South Africa,Saldanha,Haldia,Supramax,Iron Ore,13373.02,569.95,119.268,82.96,32.13,43.94,5600.0,424.2
2025-12-19,South Africa,Saldanha,Haldia,Supramax,Iron Ore,13127.43,571.27,119.494,80.63,36.54,32.65,5600.0,424.2
2025-12-26,South Africa,Saldanha,Haldia,Supramax,Iron Ore,13402.46,571.74,119.623,76.6,27.19,41.1,5600.0,424.2
2026-01-02,South Africa,Saldanha,Haldia,Supramax,Iron Ore,12007.74,590.07,125.104,75.07,25.52,43.3,5600.0,424.2
2026-01-09,South Africa,Saldanha,Haldia,Supramax,Iron Ore,12069.91,590.75,125.166,81.34,37.83,31.57,5600.0,424.2
2026-01-16,South Africa,Saldanha,Haldia,Supramax,Iron Ore,12309.95,592.22,125.356,83.64,28.24,30.62,5600.0,424.2
2026-01-23,South Africa,Saldanha,Haldia,Supramax,Iron Ore,11896.22,592.95,125.509,88.26,21.77,35.17,5600.0,424.2
2026-01-30,South Africa,Saldanha,Haldia,Supramax,Iron Ore,11322.1,593.53,125.692,81.18,17.17,32.85,5600.0,424.2
2026-02-06,South Africa,Saldanha,Haldia,Supramax,Iron Ore,10749.46,611.69,131.166,78.95,18.58,43.82,5600.0,424.2
2026-02-13,South Africa,Saldanha,Haldia,Supramax,Iron Ore,10767.93,611.21,131.281,83.77,25.37,35.71,5600.0,424.2
2026-02-20,South Africa,Saldanha,Haldia,Supramax,Iron Ore,11929.79,612.26,131.417,77.65,32.11,38.51,5600.0,424.2
2026-02-27,South Africa,Saldanha,Haldia,Supramax,Iron Ore,11716.79,612.34,131.637,88.38,24.32,43.91,5600.0,424.2
2026-03-06,South Africa,Saldanha,Haldia,Supramax,Iron Ore,12191.03,624.88,135.723,95.45,41.58,44.63,5600.0,424.2
2026-03-13,South Africa,Saldanha,Haldia,Supramax,Iron Ore,12287.64,623.93,135.977,88.49,32.0,36.72,5600.0,424.2
2026-03-20,South Africa,Saldanha,Haldia,Supramax,Iron Ore,11598.33,623.76,136.192,87.06,32.44,38.75,5600.0,424.2
2026-03-27,South Africa,Saldanha,Haldia,Supramax,Iron Ore,11564.4,624.36,136.404,78.9,34.21,53.58,5600.0,424.2
2026-04-03,South Africa,Saldanha,Haldia,Supramax,Iron Ore,12670.7,630.3,138.054,82.46,28.02,47.23,5600.0,424.2
2026-04-10,South Africa,Saldanha,Haldia,Supramax,Iron Ore,12765.91,630.93,138.323,78.77,23.11,36.02,5600.0,424.2
2026-04-17,South Africa,Saldanha,Haldia,Supramax,Iron Ore,13891.54,630.89,138.427,76.92,36.86,43.76,5600.0,424.2
2026-04-24,South Africa,Saldanha,Haldia,Supramax,Iron Ore,14498.45,631.84,138.581,80.19,18.76,33.06,5600.0,424.2
2026-05-01,South Africa,Saldanha,Haldia,Supramax,Iron Ore,15590.29,627.4,137.284,84.99,44.37,40.04,5600.0,424.2
2026-05-08,South Africa,Saldanha,Haldia,Supramax,Iron Ore,15489.08,628.03,137.541,84.26,34.6,44.97,5600.0,424.2
2026-05-15,South Africa,Saldanha,Haldia,Supramax,Iron Ore,16076.78,628.03,137.663,81.4,31.7,35.14,5600.0,424.2
2026-05-22,South Africa,Saldanha,Haldia,Supramax,Iron Ore,16269.39,628.23,137.866,87.42,36.99,52.56,5600.0,424.2
2026-05-29,South Africa,Saldanha,Haldia,Supramax,Iron Ore,16007.11,629.73,138.111,81.03,5.63,40.68,5600.0,424.2
2026-06-05,South Africa,Saldanha,Haldia,Supramax,Iron Ore,16532.0,617.53,134.352,92.81,31.36,43.13,5600.0,424.2
2026-06-12,South Africa,Saldanha,Haldia,Supramax,Iron Ore,16679.03,618.21,134.51,86.66,43.69,22.72,5600.0,424.2
2026-06-19,South Africa,Saldanha,Haldia,Supramax,Iron Ore,16335.16,618.08,134.752,85.02,30.99,35.67,5600.0,424.2
2026-06-26,South Africa,Saldanha,Haldia,Supramax,Iron Ore,15603.59,618.4,135.023,90.17,16.68,42.06,5600.0,424.2
2026-07-03,South Africa,Saldanha,Haldia,Supramax,Iron Ore,13980.01,601.57,129.684,89.91,37.6,30.51,5600.0,424.2
2026-07-10,South Africa,Saldanha,Haldia,Supramax,Iron Ore,14723.16,601.02,129.969,95.51,44.17,40.25,5600.0,424.2
2026-07-17,South Africa,Saldanha,Haldia,Supramax,Iron Ore,15381.73,601.11,130.204,94.46,44.53,32.55,5600.0,424.2
2026-07-24,South Africa,Saldanha,Haldia,Supramax,Iron Ore,14986.04,602.42,130.401,97.13,40.03,46.52,5600.0,424.2
2026-07-31,South Africa,Saldanha,Haldia,Supramax,Iron Ore,14007.47,602.02,130.602,99.0,42.52,34.25,5600.0,424.2
2026-08-07,South Africa,Saldanha,Haldia,Supramax,Iron Ore,14085.31,584.19,125.218,97.66,30.36,34.88,5600.0,424.2
2026-08-14,South Africa,Saldanha,Haldia,Supramax,Iron Ore,14749.27,584.71,125.37,96.44,44.45,39.5,5600.0,424.2
2026-08-21,South Africa,Saldanha,Haldia,Supramax,Iron Ore,15329.41,585.47,125.56,91.62,29.95,34.74,5600.0,424.2
2026-08-28,South Africa,Saldanha,Haldia,Supramax,Iron Ore,15292.16,585.48,125.753,84.51,30.76,34.27,5600.0,424.2
2026-09-04,South Africa,Saldanha,Haldia,Supramax,Iron Ore,15804.09,572.21,121.815,82.86,28.3,42.8,5600.0,424.2
2026-09-11,South Africa,Saldanha,Haldia,Supramax,Iron Ore,15366.9,571.78,122.068,76.66,13.34,46.12,5600.0,424.2
2026-09-18,South Africa,Saldanha,Haldia,Supramax,Iron Ore,16024.23,572.1,122.256,71.5,28.47,47.69,5600.0,424.2
2026-09-25,South Africa,Saldanha,Haldia,Supramax,Iron Ore,15637.48,572.51,122.483,77.28,28.75,34.26,5600.0,424.2
2023-01-06,Indonesia,Tanjung Bara,Haldia,Handysize,Coal,9448.7,519.44,99.953,72.0,21.5,41.07,4110.0,311.4
2023-01-13,Indonesia,Tanjung Bara,Haldia,Handysize,Coal,9594.92,520.28,100.181,67.29,30.35,29.44,4110.0,311.4
2023-01-20,Indonesia,Tanjung Bara,Haldia,Handysize,Coal,9414.5,521.33,100.291,69.86,15.38,38.98,4110.0,311.4
2023-01-27,Indonesia,Tanjung Bara,Haldia,Handysize,Coal,9724.93,521.82,100.457,72.92,24.05,37.17,4110.0,311.4
2023-02-03,Indonesia,Tanjung Bara,Haldia,Handysize,Coal,9656.81,537.32,104.842,71.33,26.91,30.9,4110.0,311.4
2023-02-10,Indonesia,Tanjung Bara,Haldia,Handysize,Coal,9522.53,538.13,104.936,68.72,20.2,46.64,4110.0,311.4
2023-02-17,Indonesia,Tanjung Bara,Haldia,Handysize,Coal,9053.36,538.09,105.124,66.16,21.07,40.96,4110.0,311.4
2023-02-24,Indonesia,Tanjung Bara,Haldia,Handysize,Coal,8953.48,537.62,105.273,66.91,33.91,38.4,4110.0,311.4
2023-03-03,Indonesia,Tanjung Bara,Haldia,Handysize,Coal,9384.49,550.04,108.663,65.88,22.49,51.2,4110.0,311.4
2023-03-10,Indonesia,Tanjung Bara,Haldia,Handysize,Coal,9857.03,550.18,108.807,63.81,22.31,37.13,4110.0,311.4
2023-03-17,Indonesia,Tanjung Bara,Haldia,Handysize,Coal,9594.28,550.8,108.961,69.08,14.74,43.67,4110.0,311.4
2023-03-24,Indonesia,Tanjung Bara,Haldia,Handysize,Coal,9132.05,551.13,109.087,78.21,21.38,37.86,4110.0,311.4
2023-03-31,Indonesia,Tanjung Bara,Haldia,Handysize,Coal,9063.13,551.86,109.273,82.36,26.72,47.2,4110.0,311.4
2023-04-07,Indonesia,Tanjung Bara,Haldia,Handysize,Coal,9833.13,556.7,110.633,87.52,38.65,38.69,4110.0,311.4
2023-04-14,Indonesia,Tanjung Bara,Haldia,Handysize,Coal,10127.22,557.28,110.782,84.83,30.16,43.95,4110.0,311.4
2023-04-21,Indonesia,Tanjung Bara,Haldia,Handysize,Coal,10127.91,557.72,110.927,81.55,31.19,47.62,4110.0,311.4
2023-04-28,Indonesia,Tanjung Bara,Haldia,Handysize,Coal,9840.81,557.74,111.121,92.34,31.6,32.41,4110.0,311.4
2023-05-05,Indonesia,Tanjung Bara,Haldia,Handysize,Coal,10629.06,554.54,110.187,99.0,25.06,35.86,4110.0,311.4
2023-05-12,Indonesia,Tanjung Bara,Haldia,Handysize,Coal,10645.16,555.82,110.331,99.0,40.07,38.82,4110.0,311.4
2023-05-19,Indonesia,Tanjung Bara,Haldia,Handysize,Coal,10731.49,556.04,110.489,97.07,28.47,44.39,4110.0,311.4
2023-05-26,Indonesia,Tanjung Bara,Haldia,Handysize,Coal,10660.28,556.56,110.636,96.65,26.16,36.47,4110.0,311.4
2023-06-02,Indonesia,Tanjung Bara,Haldia,Handysize,Coal,10629.87,545.41,107.547,91.92,32.36,34.22,4110.0,311.4
2023-06-09,Indonesia,Tanjung Bara,Haldia,Handysize,Coal,10711.71,545.93,107.673,98.49,37.4,43.69,4110.0,311.4
2023-06-16,Indonesia,Tanjung Bara,Haldia,Handysize,Coal,10218.11,545.73,107.857,99.0,33.64,55.61,4110.0,311.4
2023-06-23,Indonesia,Tanjung Bara,Haldia,Handysize,Coal,10215.51,546.48,108.051,99.0,38.25,37.8,4110.0,311.4
2023-06-30,Indonesia,Tanjung Bara,Haldia,Handysize,Coal,10485.02,546.8,108.217,86.11,40.97,27.43,4110.0,311.4
2023-07-07,Indonesia,Tanjung Bara,Haldia,Handysize,Coal,9406.82,532.29,103.935,87.05,31.11,31.25,4110.0,311.4
2023-07-14,Indonesia,Tanjung Bara,Haldia,Handysize,Coal,8730.49,533.63,104.072,86.27,32.12,44.93,4110.0,311.4
2023-07-21,Indonesia,Tanjung Bara,Haldia,Handysize,Coal,8724.21,533.88,104.234,86.17,29.53,30.76,4110.0,311.4
2023-07-28,Indonesia,Tanjung Bara,Haldia,Handysize,Coal,8799.62,534.23,104.435,88.42,33.21,33.47,4110.0,311.4
2023-08-04,Indonesia,Tanjung Bara,Haldia,Handysize,Coal,8654.19,519.06,100.091,85.03,28.43,35.05,4110.0,311.4
2023-08-11,Indonesia,Tanjung Bara,Haldia,Handysize,Coal,8912.57,519.47,100.282,72.66,34.85,42.86,4110.0,311.4
2023-08-18,Indonesia,Tanjung Bara,Haldia,Handysize,Coal,9083.31,520.39,100.464,76.81,31.95,35.77,4110.0,311.4
2023-08-25,Indonesia,Tanjung Bara,Haldia,Handysize,Coal,8930.52,520.38,100.59,70.7,27.03,32.42,4110.0,311.4
2023-09-01,Indonesia,Tanjung Bara,Haldia,Handysize,Coal,9148.57,509.19,97.473,74.53,48.75,36.7,4110.0,311.4
2023-09-08,Indonesia,Tanjung Bara,Haldia,Handysize,Coal,8962.52,510.0,97.607,80.43,26.5,40.68,4110.0,311.4
2023-09-15,Indonesia,Tanjung Bara,Haldia,Handysize,Coal,8943.84,510.38,97.757,86.95,36.03,34.07,4110.0,311.4
2023-09-22,Indonesia,Tanjung Bara,Haldia,Handysize,Coal,9026.46,510.84,97.906,90.02,18.49,42.22,4110.0,311.4
2023-09-29,Indonesia,Tanjung Bara,Haldia,Handysize,Coal,9591.5,511.63,98.025,86.57,28.51,41.72,4110.0,311.4
2023-10-06,Indonesia,Tanjung Bara,Haldia,Handysize,Coal,10391.47,508.2,97.005,81.34,14.71,42.08,4110.0,311.4
2023-10-13,Indonesia,Tanjung Bara,Haldia,Handysize,Coal,10162.08,508.88,97.232,73.97,33.68,39.4,4110.0,311.4
2023-10-20,Indonesia,Tanjung Bara,Haldia,Handysize,Coal,10074.09,509.12,97.428,74.42,12.71,37.24,4110.0,311.4
2023-10-27,Indonesia,Tanjung Bara,Haldia,Handysize,Coal,10227.56,509.52,97.6,80.17,22.96,42.29,4110.0,311.4
2023-11-03,Indonesia,Tanjung Bara,Haldia,Handysize,Coal,10149.53,514.1,98.945,81.7,25.68,32.99,4110.0,311.4
2023-11-10,Indonesia,Tanjung Bara,Haldia,Handysize,Coal,10239.32,514.58,99.043,87.11,35.73,42.85,4110.0,311.4
2023-11-17,Indonesia,Tanjung Bara,Haldia,Handysize,Coal,10244.42,515.08,99.222,84.16,28.33,32.63,4110.0,311.4
2023-11-24,Indonesia,Tanjung Bara,Haldia,Handysize,Coal,10604.7,514.17,99.396,82.34,41.42,47.06,4110.0,311.4
2023-12-01,Indonesia,Tanjung Bara,Haldia,Handysize,Coal,10259.69,527.15,102.902,74.95,18.03,45.74,4110.0,311.4
2023-12-08,Indonesia,Tanjung Bara,Haldia,Handysize,Coal,10431.2,527.21,103.013,71.01,14.14,41.06,4110.0,311.4
2023-12-15,Indonesia,Tanjung Bara,Haldia,Handysize,Coal,9989.83,527.02,103.146,72.95,25.9,35.87,4110.0,311.4
2023-12-22,Indonesia,Tanjung Bara,Haldia,Handysize,Coal,9628.74,527.39,103.305,79.77,16.1,36.81,4110.0,311.4
2023-12-29,Indonesia,Tanjung Bara,Haldia,Handysize,Coal,10083.32,527.45,103.441,64.96,29.82,37.22,4110.0,311.4
2024-01-05,Indonesia,Tanjung Bara,Haldia,Handysize,Coal,9910.24,544.11,108.183,69.44,17.72,38.36,4110.0,311.4
2024-01-12,Indonesia,Tanjung Bara,Haldia,Handysize,Coal,10080.57,544.23,108.39,69.45,22.92,36.41,4110.0,311.4
2024-01-19,Indonesia,Tanjung Bara,Haldia,Handysize,Coal,10535.23,544.9,108.553,74.29,29.21,36.04,4110.0,311.4
2024-01-26,Indonesia,Tanjung Bara,Haldia,Handysize,Coal,10787.99,545.86,108.66,84.55,30.08,33.97,4110.0,311.4
2024-02-02,Indonesia,Tanjung Bara,Haldia,Handysize,Coal,10401.65,560.88,113.443,90.56,40.53,33.5,4110.0,311.4
2024-02-09,Indonesia,Tanjung Bara,Haldia,Handysize,Coal,10181.07,561.27,113.508,87.38,39.15,39.0,4110.0,311.4
2024-02-16,Indonesia,Tanjung Bara,Haldia,Handysize,Coal,10172.93,561.54,113.732,86.6,29.18,47.51,4110.0,311.4
2024-02-23,Indonesia,Tanjung Bara,Haldia,Handysize,Coal,10053.77,561.47,113.906,82.67,32.85,29.19,4110.0,311.4
2024-03-01,Indonesia,Tanjung Bara,Haldia,Handysize,Coal,10010.81,573.69,117.508,91.47,30.35,40.89,4110.0,311.4
2024-03-08,Indonesia,Tanjung Bara,Haldia,Handysize,Coal,9481.95,573.98,117.586,89.62,25.62,25.61,4110.0,311.4
2024-03-15,Indonesia,Tanjung Bara,Haldia,Handysize,Coal,10061.14,575.21,117.738,86.24,33.16,43.03,4110.0,311.4
2024-03-22,Indonesia,Tanjung Bara,Haldia,Handysize,Coal,10491.81,575.06,117.953,88.14,40.01,38.05,4110.0,311.4
2024-03-29,Indonesia,Tanjung Bara,Haldia,Handysize,Coal,10425.21,575.25,117.989,97.58,36.65,37.65,4110.0,311.4
2024-04-05,Indonesia,Tanjung Bara,Haldia,Handysize,Coal,10963.64,580.3,119.378,98.23,35.66,52.35,4110.0,311.4
2024-04-12,Indonesia,Tanjung Bara,Haldia,Handysize,Coal,10824.31,580.8,119.451,94.2,27.39,44.57,4110.0,311.4
2024-04-19,Indonesia,Tanjung Bara,Haldia,Handysize,Coal,11314.74,580.53,119.616,97.94,36.7,38.17,4110.0,311.4
2024-04-26,Indonesia,Tanjung Bara,Haldia,Handysize,Coal,11342.3,582.32,119.809,95.97,28.42,47.01,4110.0,311.4
2024-05-03,Indonesia,Tanjung Bara,Haldia,Handysize,Coal,12037.08,577.86,118.651,99.0,31.67,36.82,4110.0,311.4
2024-05-10,Indonesia,Tanjung Bara,Haldia,Handysize,Coal,11429.93,577.33,118.872,99.0,29.91,44.43,4110.0,311.4
2024-05-17,Indonesia,Tanjung Bara,Haldia,Handysize,Coal,11489.49,576.78,119.112,99.0,27.4,51.83,4110.0,311.4
2024-05-24,Indonesia,Tanjung Bara,Haldia,Handysize,Coal,11884.79,577.82,119.319,99.0,44.01,50.69,4110.0,311.4
2024-05-31,Indonesia,Tanjung Bara,Haldia,Handysize,Coal,11270.93,577.43,119.443,99.0,28.09,38.25,4110.0,311.4
2024-06-07,Indonesia,Tanjung Bara,Haldia,Handysize,Coal,10611.19,566.46,116.203,99.0,26.94,31.72,4110.0,311.4
2024-06-14,Indonesia,Tanjung Bara,Haldia,Handysize,Coal,10390.68,566.7,116.424,99.0,24.96,34.24,4110.0,311.4
2024-06-21,Indonesia,Tanjung Bara,Haldia,Handysize,Coal,10555.92,566.87,116.559,99.0,28.05,44.3,4110.0,311.4
2024-06-28,Indonesia,Tanjung Bara,Haldia,Handysize,Coal,10700.97,567.45,116.755,99.0,39.3,30.49,4110.0,311.4
2024-07-05,Indonesia,Tanjung Bara,Haldia,Handysize,Coal,9864.92,551.08,112.143,94.01,37.27,37.72,4110.0,311.4
2024-07-12,Indonesia,Tanjung Bara,Haldia,Handysize,Coal,10267.36,551.81,112.386,95.57,46.01,35.28,4110.0,311.4
2024-07-19,Indonesia,Tanjung Bara,Haldia,Handysize,Coal,9692.67,552.63,112.618,99.0,37.37,25.48,4110.0,311.4
2024-07-26,Indonesia,Tanjung Bara,Haldia,Handysize,Coal,9527.0,553.89,112.737,99.0,32.32,34.79,4110.0,311.4
2024-08-02,Indonesia,Tanjung Bara,Haldia,Handysize,Coal,9372.77,537.93,108.097,98.57,43.73,35.86,4110.0,311.4
2024-08-09,Indonesia,Tanjung Bara,Haldia,Handysize,Coal,9344.37,538.93,108.291,91.84,34.52,44.61,4110.0,311.4
2024-08-16,Indonesia,Tanjung Bara,Haldia,Handysize,Coal,9663.01,538.68,108.429,91.66,36.1,41.44,4110.0,311.4
2024-08-23,Indonesia,Tanjung Bara,Haldia,Handysize,Coal,9431.95,538.21,108.63,88.57,34.77,36.42,4110.0,311.4
2024-08-30,Indonesia,Tanjung Bara,Haldia,Handysize,Coal,9243.4,538.54,108.875,88.91,33.73,42.78,4110.0,311.4
2024-09-06,Indonesia,Tanjung Bara,Haldia,Handysize,Coal,10082.64,526.33,105.496,81.01,34.68,46.83,4110.0,311.4
2024-09-13,Indonesia,Tanjung Bara,Haldia,Handysize,Coal,9645.38,526.75,105.559,77.58,31.62,55.45,4110.0,311.4
2024-09-20,Indonesia,Tanjung Bara,Haldia,Handysize,Coal,9879.46,527.35,105.712,76.4,45.33,34.84,4110.0,311.4
2024-09-27,Indonesia,Tanjung Bara,Haldia,Handysize,Coal,9158.65,528.52,105.961,79.43,10.76,34.39,4110.0,311.4
2024-10-04,Indonesia,Tanjung Bara,Haldia,Handysize,Coal,9744.83,525.36,104.828,82.31,33.87,38.0,4110.0,311.4
2024-10-11,Indonesia,Tanjung Bara,Haldia,Handysize,Coal,10183.02,525.17,104.937,83.56,18.22,37.44,4110.0,311.4
2024-10-18,Indonesia,Tanjung Bara,Haldia,Handysize,Coal,10154.44,524.63,105.099,84.21,23.92,45.18,4110.0,311.4
2024-10-25,Indonesia,Tanjung Bara,Haldia,Handysize,Coal,10705.11,524.91,105.193,91.62,32.86,47.11,4110.0,311.4
2024-11-01,Indonesia,Tanjung Bara,Haldia,Handysize,Coal,11587.21,530.26,106.64,78.61,24.42,43.6,4110.0,311.4
2024-11-08,Indonesia,Tanjung Bara,Haldia,Handysize,Coal,11655.1,531.01,106.817,79.28,28.47,33.18,4110.0,311.4
2024-11-15,Indonesia,Tanjung Bara,Haldia,Handysize,Coal,11647.18,531.08,107.0,73.58,30.31,38.46,4110.0,311.4
2024-11-22,Indonesia,Tanjung Bara,Haldia,Handysize,Coal,11939.92,531.54,107.099,79.15,27.99,43.45,4110.0,311.4
2024-11-29,Indonesia,Tanjung Bara,Haldia,Handysize,Coal,11866.67,531.3,107.256,85.05,31.9,42.79,4110.0,311.4
2024-12-06,Indonesia,Tanjung Bara,Haldia,Handysize,Coal,11375.9,544.72,110.972,74.27,23.68,37.62,4110.0,311.4
2024-12-13,Indonesia,Tanjung Bara,Haldia,Handysize,Coal,11754.98,545.5,111.069,74.67,25.1,42.27,4110.0,311.4
2024-12-20,Indonesia,Tanjung Bara,Haldia,Handysize,Coal,11618.22,545.41,111.28,80.78,25.58,40.36,4110.0,311.4
2024-12-27,Indonesia,Tanjung Bara,Haldia,Handysize,Coal,11554.32,545.35,111.403,80.75,27.97,37.07,4110.0,311.4
2025-01-03,Indonesia,Tanjung Bara,Haldia,Handysize,Coal,10133.51,562.67,116.466,80.93,31.51,35.25,4110.0,311.4
2025-01-10,Indonesia,Tanjung Bara,Haldia,Handysize,Coal,10119.17,564.21,116.576,72.59,19.91,32.4,4110.0,311.4
2025-01-17,Indonesia,Tanjung Bara,Haldia,Handysize,Coal,10272.04,564.36,116.642,67.86,36.37,35.35,4110.0,311.4
2025-01-24,Indonesia,Tanjung Bara,Haldia,Handysize,Coal,10021.77,564.76,116.896,61.51,23.45,36.2,4110.0,311.4
2025-01-31,Indonesia,Tanjung Bara,Haldia,Handysize,Coal,10410.23,564.98,117.171,64.21,20.14,27.48,4110.0,311.4
2025-02-07,Indonesia,Tanjung Bara,Haldia,Handysize,Coal,9771.87,582.12,122.351,61.89,21.3,36.43,4110.0,311.4
2025-02-14,Indonesia,Tanjung Bara,Haldia,Handysize,Coal,9906.45,582.6,122.541,57.14,20.52,37.25,4110.0,311.4
2025-02-21,Indonesia,Tanjung Bara,Haldia,Handysize,Coal,10161.62,582.52,122.748,62.69,18.36,35.31,4110.0,311.4
2025-02-28,Indonesia,Tanjung Bara,Haldia,Handysize,Coal,10134.49,583.03,122.945,66.72,14.2,37.68,4110.0,311.4
2025-03-07,Indonesia,Tanjung Bara,Haldia,Handysize,Coal,10337.87,595.82,126.87,68.27,12.36,45.79,4110.0,311.4
2025-03-14,Indonesia,Tanjung Bara,Haldia,Handysize,Coal,10803.78,596.01,127.049,64.97,21.79,46.73,4110.0,311.4
2025-03-21,Indonesia,Tanjung Bara,Haldia,Handysize,Coal,10860.45,597.42,127.153,59.76,21.83,36.13,4110.0,311.4
2025-03-28,Indonesia,Tanjung Bara,Haldia,Handysize,Coal,10922.52,598.46,127.253,60.78,14.2,39.06,4110.0,311.4
2025-04-04,Indonesia,Tanjung Bara,Haldia,Handysize,Coal,11574.33,602.6,128.664,64.27,15.57,39.16,4110.0,311.4
2025-04-11,Indonesia,Tanjung Bara,Haldia,Handysize,Coal,11431.93,602.95,128.854,65.72,14.73,42.09,4110.0,311.4
2025-04-18,Indonesia,Tanjung Bara,Haldia,Handysize,Coal,11317.71,603.34,128.987,70.91,33.13,60.25,4110.0,311.4
2025-04-25,Indonesia,Tanjung Bara,Haldia,Handysize,Coal,11407.66,604.73,129.167,70.47,16.9,39.83,4110.0,311.4
2025-05-02,Indonesia,Tanjung Bara,Haldia,Handysize,Coal,11945.38,601.49,127.919,80.52,31.57,30.18,4110.0,311.4
2025-05-09,Indonesia,Tanjung Bara,Haldia,Handysize,Coal,11470.41,601.84,128.075,81.38,27.53,42.36,4110.0,311.4
2025-05-16,Indonesia,Tanjung Bara,Haldia,Handysize,Coal,11278.92,602.97,128.335,86.5,22.45,43.84,4110.0,311.4
2025-05-23,Indonesia,Tanjung Bara,Haldia,Handysize,Coal,11951.67,603.92,128.527,87.17,31.46,39.14,4110.0,311.4
2025-05-30,Indonesia,Tanjung Bara,Haldia,Handysize,Coal,12224.71,604.3,128.698,79.83,32.14,41.27,4110.0,311.4
2025-06-06,Indonesia,Tanjung Bara,Haldia,Handysize,Coal,11783.61,592.35,125.199,83.21,24.76,43.5,4110.0,311.4
2025-06-13,Indonesia,Tanjung Bara,Haldia,Handysize,Coal,11970.35,593.53,125.294,92.51,29.3,43.61,4110.0,311.4
2025-06-20,Indonesia,Tanjung Bara,Haldia,Handysize,Coal,11920.73,595.44,125.535,99.0,53.86,23.87,4110.0,311.4
2025-06-27,Indonesia,Tanjung Bara,Haldia,Handysize,Coal,11479.83,596.43,125.688,85.96,25.3,30.5,4110.0,311.4
2025-07-04,Indonesia,Tanjung Bara,Haldia,Handysize,Coal,10547.22,580.39,120.7,88.91,28.31,25.89,4110.0,311.4
2025-07-11,Indonesia,Tanjung Bara,Haldia,Handysize,Coal,10227.29,580.91,120.842,81.7,32.64,28.1,4110.0,311.4
2025-07-18,Indonesia,Tanjung Bara,Haldia,Handysize,Coal,10025.17,580.77,121.048,79.92,30.42,37.55,4110.0,311.4
2025-07-25,Indonesia,Tanjung Bara,Haldia,Handysize,Coal,9872.03,580.35,121.223,80.0,25.41,33.11,4110.0,311.4
2025-08-01,Indonesia,Tanjung Bara,Haldia,Handysize,Coal,9531.2,563.36,116.239,85.32,35.41,31.66,4110.0,311.4
2025-08-08,Indonesia,Tanjung Bara,Haldia,Handysize,Coal,9212.44,564.22,116.402,86.92,32.56,44.96,4110.0,311.4
2025-08-15,Indonesia,Tanjung Bara,Haldia,Handysize,Coal,9281.27,563.54,116.552,78.35,35.34,39.03,4110.0,311.4
2025-08-22,Indonesia,Tanjung Bara,Haldia,Handysize,Coal,9217.46,563.04,116.689,79.28,21.21,30.46,4110.0,311.4
2025-08-29,Indonesia,Tanjung Bara,Haldia,Handysize,Coal,9011.48,563.86,116.796,85.18,27.4,42.45,4110.0,311.4
2025-09-05,Indonesia,Tanjung Bara,Haldia,Handysize,Coal,9543.28,551.41,113.114,82.04,31.11,48.94,4110.0,311.4
2025-09-12,Indonesia,Tanjung Bara,Haldia,Handysize,Coal,9941.44,551.52,113.273,88.08,32.95,41.11,4110.0,311.4
2025-09-19,Indonesia,Tanjung Bara,Haldia,Handysize,Coal,10043.37,551.47,113.419,93.43,45.45,41.06,4110.0,311.4
2025-09-26,Indonesia,Tanjung Bara,Haldia,Handysize,Coal,10013.12,551.78,113.621,90.76,36.78,40.65,4110.0,311.4
2025-10-03,Indonesia,Tanjung Bara,Haldia,Handysize,Coal,10867.95,547.61,112.37,79.1,29.36,37.1,4110.0,311.4
2025-10-10,Indonesia,Tanjung Bara,Haldia,Handysize,Coal,10552.89,548.11,112.523,82.78,40.75,34.33,4110.0,311.4
2025-10-17,Indonesia,Tanjung Bara,Haldia,Handysize,Coal,10141.33,549.56,112.722,83.75,26.09,34.85,4110.0,311.4
2025-10-24,Indonesia,Tanjung Bara,Haldia,Handysize,Coal,9816.92,549.07,112.875,85.97,33.35,34.97,4110.0,311.4
2025-10-31,Indonesia,Tanjung Bara,Haldia,Handysize,Coal,9474.61,551.01,113.111,88.5,28.39,31.91,4110.0,311.4
2025-11-07,Indonesia,Tanjung Bara,Haldia,Handysize,Coal,10231.13,555.99,114.727,87.86,30.69,43.55,4110.0,311.4
2025-11-14,Indonesia,Tanjung Bara,Haldia,Handysize,Coal,10782.87,556.79,114.869,91.03,42.61,38.03,4110.0,311.4
2025-11-21,Indonesia,Tanjung Bara,Haldia,Handysize,Coal,10201.18,557.25,115.01,89.64,34.32,32.28,4110.0,311.4
2025-11-28,Indonesia,Tanjung Bara,Haldia,Handysize,Coal,10381.59,557.34,115.167,88.86,21.8,46.24,4110.0,311.4
2025-12-05,Indonesia,Tanjung Bara,Haldia,Handysize,Coal,11063.9,570.38,119.179,79.5,37.45,39.34,4110.0,311.4
2025-12-12,Indonesia,Tanjung Bara,Haldia,Handysize,Coal,11176.33,569.95,119.268,82.96,25.44,43.94,4110.0,311.4
2025-12-19,Indonesia,Tanjung Bara,Haldia,Handysize,Coal,11255.51,571.27,119.494,80.63,26.42,32.65,4110.0,311.4
2025-12-26,Indonesia,Tanjung Bara,Haldia,Handysize,Coal,11018.31,571.74,119.623,76.6,26.33,41.1,4110.0,311.4
2026-01-02,Indonesia,Tanjung Bara,Haldia,Handysize,Coal,11067.96,590.07,125.104,75.07,23.77,43.3,4110.0,311.4
2026-01-09,Indonesia,Tanjung Bara,Haldia,Handysize,Coal,11641.56,590.75,125.166,81.34,18.1,31.57,4110.0,311.4
2026-01-16,Indonesia,Tanjung Bara,Haldia,Handysize,Coal,11607.81,592.22,125.356,83.64,28.13,30.62,4110.0,311.4
2026-01-23,Indonesia,Tanjung Bara,Haldia,Handysize,Coal,11578.05,592.95,125.509,88.26,41.83,35.17,4110.0,311.4
2026-01-30,Indonesia,Tanjung Bara,Haldia,Handysize,Coal,11503.85,593.53,125.692,81.18,31.99,32.85,4110.0,311.4
2026-02-06,Indonesia,Tanjung Bara,Haldia,Handysize,Coal,11172.28,611.69,131.166,78.95,30.74,43.82,4110.0,311.4
2026-02-13,Indonesia,Tanjung Bara,Haldia,Handysize,Coal,11289.6,611.21,131.281,83.77,26.18,35.71,4110.0,311.4
2026-02-20,Indonesia,Tanjung Bara,Haldia,Handysize,Coal,11488.34,612.26,131.417,77.65,23.65,38.51,4110.0,311.4
2026-02-27,Indonesia,Tanjung Bara,Haldia,Handysize,Coal,10962.21,612.34,131.637,88.38,28.15,43.91,4110.0,311.4
2026-03-06,Indonesia,Tanjung Bara,Haldia,Handysize,Coal,11059.58,624.88,135.723,95.45,32.37,44.63,4110.0,311.4
2026-03-13,Indonesia,Tanjung Bara,Haldia,Handysize,Coal,11013.33,623.93,135.977,88.49,21.72,36.72,4110.0,311.4
2026-03-20,Indonesia,Tanjung Bara,Haldia,Handysize,Coal,10923.77,623.76,136.192,87.06,37.99,38.75,4110.0,311.4
2026-03-27,Indonesia,Tanjung Bara,Haldia,Handysize,Coal,11653.57,624.36,136.404,78.9,30.38,53.58,4110.0,311.4
2026-04-03,Indonesia,Tanjung Bara,Haldia,Handysize,Coal,12261.14,630.3,138.054,82.46,19.65,47.23,4110.0,311.4
2026-04-10,Indonesia,Tanjung Bara,Haldia,Handysize,Coal,12665.69,630.93,138.323,78.77,30.93,36.02,4110.0,311.4
2026-04-17,Indonesia,Tanjung Bara,Haldia,Handysize,Coal,12381.72,630.89,138.427,76.92,22.4,43.76,4110.0,311.4
2026-04-24,Indonesia,Tanjung Bara,Haldia,Handysize,Coal,11952.59,631.84,138.581,80.19,15.38,33.06,4110.0,311.4
2026-05-01,Indonesia,Tanjung Bara,Haldia,Handysize,Coal,12167.0,627.4,137.284,84.99,28.98,40.04,4110.0,311.4
2026-05-08,Indonesia,Tanjung Bara,Haldia,Handysize,Coal,12113.64,628.03,137.541,84.26,23.59,44.97,4110.0,311.4
2026-05-15,Indonesia,Tanjung Bara,Haldia,Handysize,Coal,11775.61,628.03,137.663,81.4,18.94,35.14,4110.0,311.4
2026-05-22,Indonesia,Tanjung Bara,Haldia,Handysize,Coal,11869.81,628.23,137.866,87.42,28.81,52.56,4110.0,311.4
2026-05-29,Indonesia,Tanjung Bara,Haldia,Handysize,Coal,11507.61,629.73,138.111,81.03,23.87,40.68,4110.0,311.4
2026-06-05,Indonesia,Tanjung Bara,Haldia,Handysize,Coal,11506.85,617.53,134.352,92.81,40.17,43.13,4110.0,311.4
2026-06-12,Indonesia,Tanjung Bara,Haldia,Handysize,Coal,11558.51,618.21,134.51,86.66,39.03,22.72,4110.0,311.4
2026-06-19,Indonesia,Tanjung Bara,Haldia,Handysize,Coal,11217.57,618.08,134.752,85.02,28.63,35.67,4110.0,311.4
2026-06-26,Indonesia,Tanjung Bara,Haldia,Handysize,Coal,11132.66,618.4,135.023,90.17,24.58,42.06,4110.0,311.4
2026-07-03,Indonesia,Tanjung Bara,Haldia,Handysize,Coal,9908.13,601.57,129.684,89.91,22.69,30.51,4110.0,311.4
2026-07-10,Indonesia,Tanjung Bara,Haldia,Handysize,Coal,9870.91,601.02,129.969,95.51,43.79,40.25,4110.0,311.4
2026-07-17,Indonesia,Tanjung Bara,Haldia,Handysize,Coal,9594.42,601.11,130.204,94.46,35.53,32.55,4110.0,311.4
2026-07-24,Indonesia,Tanjung Bara,Haldia,Handysize,Coal,8906.92,602.42,130.401,97.13,20.85,46.52,4110.0,311.4
2026-07-31,Indonesia,Tanjung Bara,Haldia,Handysize,Coal,9181.07,602.02,130.602,99.0,37.52,34.25,4110.0,311.4
2026-08-07,Indonesia,Tanjung Bara,Haldia,Handysize,Coal,9407.99,584.19,125.218,97.66,55.21,34.88,4110.0,311.4
2026-08-14,Indonesia,Tanjung Bara,Haldia,Handysize,Coal,9114.78,584.71,125.37,96.44,25.49,39.5,4110.0,311.4
2026-08-21,Indonesia,Tanjung Bara,Haldia,Handysize,Coal,8990.17,585.47,125.56,91.62,23.64,34.74,4110.0,311.4
2026-08-28,Indonesia,Tanjung Bara,Haldia,Handysize,Coal,8933.72,585.48,125.753,84.51,25.12,34.27,4110.0,311.4
2026-09-04,Indonesia,Tanjung Bara,Haldia,Handysize,Coal,9129.14,572.21,121.815,82.86,30.66,42.8,4110.0,311.4
2026-09-11,Indonesia,Tanjung Bara,Haldia,Handysize,Coal,9473.08,571.78,122.068,76.66,27.45,46.12,4110.0,311.4
2026-09-18,Indonesia,Tanjung Bara,Haldia,Handysize,Coal,9713.27,572.1,122.256,71.5,18.21,47.69,4110.0,311.4
2026-09-25,Indonesia,Tanjung Bara,Haldia,Handysize,Coal,9681.87,572.51,122.483,77.28,27.75,34.26,4110.0,311.4
2023-01-06,Indonesia,Tanjung Bara,Paradip,Supramax,Coal,12319.79,519.44,99.953,39.0,22.29,41.07,3800.0,287.9
2023-01-13,Indonesia,Tanjung Bara,Paradip,Supramax,Coal,12430.5,520.28,100.181,38.99,20.66,29.44,3800.0,287.9
2023-01-20,Indonesia,Tanjung Bara,Paradip,Supramax,Coal,11964.2,521.33,100.291,52.94,25.87,38.98,3800.0,287.9
2023-01-27,Indonesia,Tanjung Bara,Paradip,Supramax,Coal,12508.81,521.82,100.457,58.74,20.3,37.17,3800.0,287.9
2023-02-03,Indonesia,Tanjung Bara,Paradip,Supramax,Coal,12068.13,537.32,104.842,65.68,35.91,30.9,3800.0,287.9
2023-02-10,Indonesia,Tanjung Bara,Paradip,Supramax,Coal,11920.12,538.13,104.936,55.75,25.68,46.64,3800.0,287.9
2023-02-17,Indonesia,Tanjung Bara,Paradip,Supramax,Coal,11531.0,538.09,105.124,46.12,28.76,40.96,3800.0,287.9
2023-02-24,Indonesia,Tanjung Bara,Paradip,Supramax,Coal,11656.43,537.62,105.273,45.4,37.51,38.4,3800.0,287.9
2023-03-03,Indonesia,Tanjung Bara,Paradip,Supramax,Coal,11670.89,550.04,108.663,47.25,20.98,51.2,3800.0,287.9
2023-03-10,Indonesia,Tanjung Bara,Paradip,Supramax,Coal,11794.44,550.18,108.807,44.76,17.13,37.13,3800.0,287.9
2023-03-17,Indonesia,Tanjung Bara,Paradip,Supramax,Coal,12102.96,550.8,108.961,56.04,26.32,43.67,3800.0,287.9
2023-03-24,Indonesia,Tanjung Bara,Paradip,Supramax,Coal,12217.03,551.13,109.087,47.25,28.26,37.86,3800.0,287.9
2023-03-31,Indonesia,Tanjung Bara,Paradip,Supramax,Coal,12557.0,551.86,109.273,31.29,16.35,47.2,3800.0,287.9
2023-04-07,Indonesia,Tanjung Bara,Paradip,Supramax,Coal,13482.01,556.7,110.633,40.92,24.28,38.69,3800.0,287.9
2023-04-14,Indonesia,Tanjung Bara,Paradip,Supramax,Coal,13238.96,557.28,110.782,33.57,17.03,43.95,3800.0,287.9
2023-04-21,Indonesia,Tanjung Bara,Paradip,Supramax,Coal,13138.55,557.72,110.927,53.9,25.38,47.62,3800.0,287.9
2023-04-28,Indonesia,Tanjung Bara,Paradip,Supramax,Coal,13161.18,557.74,111.121,59.98,37.48,32.41,3800.0,287.9
2023-05-05,Indonesia,Tanjung Bara,Paradip,Supramax,Coal,13685.88,554.54,110.187,64.13,40.01,35.86,3800.0,287.9
2023-05-12,Indonesia,Tanjung Bara,Paradip,Supramax,Coal,13648.69,555.82,110.331,76.4,42.12,38.82,3800.0,287.9
2023-05-19,Indonesia,Tanjung Bara,Paradip,Supramax,Coal,13412.1,556.04,110.489,73.94,33.58,44.39,3800.0,287.9
2023-05-26,Indonesia,Tanjung Bara,Paradip,Supramax,Coal,12957.54,556.56,110.636,79.99,36.4,36.47,3800.0,287.9
2023-06-02,Indonesia,Tanjung Bara,Paradip,Supramax,Coal,12346.8,545.41,107.547,78.28,37.04,34.22,3800.0,287.9
2023-06-09,Indonesia,Tanjung Bara,Paradip,Supramax,Coal,12213.71,545.93,107.673,81.62,40.75,43.69,3800.0,287.9
2023-06-16,Indonesia,Tanjung Bara,Paradip,Supramax,Coal,12558.1,545.73,107.857,81.02,40.36,55.61,3800.0,287.9
2023-06-23,Indonesia,Tanjung Bara,Paradip,Supramax,Coal,12287.13,546.48,108.051,85.73,42.11,37.8,3800.0,287.9
2023-06-30,Indonesia,Tanjung Bara,Paradip,Supramax,Coal,13141.03,546.8,108.217,82.25,32.91,27.43,3800.0,287.9
2023-07-07,Indonesia,Tanjung Bara,Paradip,Supramax,Coal,12308.55,532.29,103.935,98.94,46.01,31.25,3800.0,287.9
2023-07-14,Indonesia,Tanjung Bara,Paradip,Supramax,Coal,12494.09,533.63,104.072,99.0,45.72,44.93,3800.0,287.9
2023-07-21,Indonesia,Tanjung Bara,Paradip,Supramax,Coal,13119.83,533.88,104.234,89.66,56.09,30.76,3800.0,287.9
2023-07-28,Indonesia,Tanjung Bara,Paradip,Supramax,Coal,12611.36,534.23,104.435,90.53,45.09,33.47,3800.0,287.9
2023-08-04,Indonesia,Tanjung Bara,Paradip,Supramax,Coal,11947.14,519.06,100.091,79.66,49.48,35.05,3800.0,287.9
2023-08-11,Indonesia,Tanjung Bara,Paradip,Supramax,Coal,11960.68,519.47,100.282,77.85,33.54,42.86,3800.0,287.9
2023-08-18,Indonesia,Tanjung Bara,Paradip,Supramax,Coal,11690.06,520.39,100.464,84.8,47.55,35.77,3800.0,287.9
2023-08-25,Indonesia,Tanjung Bara,Paradip,Supramax,Coal,11671.86,520.38,100.59,85.29,43.16,32.42,3800.0,287.9
2023-09-01,Indonesia,Tanjung Bara,Paradip,Supramax,Coal,12176.71,509.19,97.473,66.96,32.37,36.7,3800.0,287.9
2023-09-08,Indonesia,Tanjung Bara,Paradip,Supramax,Coal,12289.37,510.0,97.607,75.78,31.9,40.68,3800.0,287.9
2023-09-15,Indonesia,Tanjung Bara,Paradip,Supramax,Coal,12897.45,510.38,97.757,76.31,37.1,34.07,3800.0,287.9
2023-09-22,Indonesia,Tanjung Bara,Paradip,Supramax,Coal,13181.3,510.84,97.906,59.94,27.38,42.22,3800.0,287.9
2023-09-29,Indonesia,Tanjung Bara,Paradip,Supramax,Coal,13437.74,511.63,98.025,54.8,23.91,41.72,3800.0,287.9
2023-10-06,Indonesia,Tanjung Bara,Paradip,Supramax,Coal,14346.97,508.2,97.005,57.93,18.73,42.08,3800.0,287.9
2023-10-13,Indonesia,Tanjung Bara,Paradip,Supramax,Coal,14218.84,508.88,97.232,63.35,36.27,39.4,3800.0,287.9
2023-10-20,Indonesia,Tanjung Bara,Paradip,Supramax,Coal,13835.66,509.12,97.428,76.14,41.24,37.24,3800.0,287.9
2023-10-27,Indonesia,Tanjung Bara,Paradip,Supramax,Coal,13702.97,509.52,97.6,58.46,32.87,42.29,3800.0,287.9
2023-11-03,Indonesia,Tanjung Bara,Paradip,Supramax,Coal,14320.71,514.1,98.945,42.07,25.35,32.99,3800.0,287.9
2023-11-10,Indonesia,Tanjung Bara,Paradip,Supramax,Coal,14057.7,514.58,99.043,25.73,27.33,42.85,3800.0,287.9
2023-11-17,Indonesia,Tanjung Bara,Paradip,Supramax,Coal,13484.3,515.08,99.222,34.61,19.71,32.63,3800.0,287.9
2023-11-24,Indonesia,Tanjung Bara,Paradip,Supramax,Coal,13250.83,514.17,99.396,42.86,22.52,47.06,3800.0,287.9
2023-12-01,Indonesia,Tanjung Bara,Paradip,Supramax,Coal,12904.42,527.15,102.902,38.5,16.37,45.74,3800.0,287.9
2023-12-08,Indonesia,Tanjung Bara,Paradip,Supramax,Coal,12857.98,527.21,103.013,40.91,18.19,41.06,3800.0,287.9
2023-12-15,Indonesia,Tanjung Bara,Paradip,Supramax,Coal,12848.95,527.02,103.146,48.78,19.85,35.87,3800.0,287.9
2023-12-22,Indonesia,Tanjung Bara,Paradip,Supramax,Coal,12132.56,527.39,103.305,64.05,37.29,36.81,3800.0,287.9
2023-12-29,Indonesia,Tanjung Bara,Paradip,Supramax,Coal,11968.96,527.45,103.441,63.96,29.54,37.22,3800.0,287.9
2024-01-05,Indonesia,Tanjung Bara,Paradip,Supramax,Coal,12034.1,544.11,108.183,50.78,24.07,38.36,3800.0,287.9
2024-01-12,Indonesia,Tanjung Bara,Paradip,Supramax,Coal,11912.0,544.23,108.39,49.6,30.48,36.41,3800.0,287.9
2024-01-19,Indonesia,Tanjung Bara,Paradip,Supramax,Coal,11601.14,544.9,108.553,50.07,17.74,36.04,3800.0,287.9
2024-01-26,Indonesia,Tanjung Bara,Paradip,Supramax,Coal,11804.07,545.86,108.66,44.95,30.05,33.97,3800.0,287.9
2024-02-02,Indonesia,Tanjung Bara,Paradip,Supramax,Coal,12077.6,560.88,113.443,54.09,29.29,33.5,3800.0,287.9
2024-02-09,Indonesia,Tanjung Bara,Paradip,Supramax,Coal,12305.32,561.27,113.508,58.03,33.78,39.0,3800.0,287.9
2024-02-16,Indonesia,Tanjung Bara,Paradip,Supramax,Coal,12538.8,561.54,113.732,45.17,22.41,47.51,3800.0,287.9
2024-02-23,Indonesia,Tanjung Bara,Paradip,Supramax,Coal,12154.59,561.47,113.906,51.66,34.82,29.19,3800.0,287.9
2024-03-01,Indonesia,Tanjung Bara,Paradip,Supramax,Coal,12327.44,573.69,117.508,69.36,34.79,40.89,3800.0,287.9
2024-03-08,Indonesia,Tanjung Bara,Paradip,Supramax,Coal,12659.43,573.98,117.586,78.17,41.23,25.61,3800.0,287.9
2024-03-15,Indonesia,Tanjung Bara,Paradip,Supramax,Coal,12375.2,575.21,117.738,77.28,29.58,43.03,3800.0,287.9
2024-03-22,Indonesia,Tanjung Bara,Paradip,Supramax,Coal,12501.97,575.06,117.953,79.5,40.53,38.05,3800.0,287.9
2024-03-29,Indonesia,Tanjung Bara,Paradip,Supramax,Coal,11960.34,575.25,117.989,72.98,31.55,37.65,3800.0,287.9
2024-04-05,Indonesia,Tanjung Bara,Paradip,Supramax,Coal,12619.72,580.3,119.378,72.45,36.83,52.35,3800.0,287.9
2024-04-12,Indonesia,Tanjung Bara,Paradip,Supramax,Coal,11957.63,580.8,119.451,68.59,28.04,44.57,3800.0,287.9
2024-04-19,Indonesia,Tanjung Bara,Paradip,Supramax,Coal,12704.94,580.53,119.616,65.38,42.48,38.17,3800.0,287.9
2024-04-26,Indonesia,Tanjung Bara,Paradip,Supramax,Coal,12861.3,582.32,119.809,49.36,27.13,47.01,3800.0,287.9
2024-05-03,Indonesia,Tanjung Bara,Paradip,Supramax,Coal,13554.04,577.86,118.651,51.93,41.65,36.82,3800.0,287.9
2024-05-10,Indonesia,Tanjung Bara,Paradip,Supramax,Coal,13383.42,577.33,118.872,37.65,15.79,44.43,3800.0,287.9
2024-05-17,Indonesia,Tanjung Bara,Paradip,Supramax,Coal,13678.35,576.78,119.112,32.87,22.83,51.83,3800.0,287.9
2024-05-24,Indonesia,Tanjung Bara,Paradip,Supramax,Coal,13486.13,577.82,119.319,39.11,30.87,50.69,3800.0,287.9
2024-05-31,Indonesia,Tanjung Bara,Paradip,Supramax,Coal,12972.03,577.43,119.443,42.46,32.62,38.25,3800.0,287.9
2024-06-07,Indonesia,Tanjung Bara,Paradip,Supramax,Coal,12361.72,566.46,116.203,55.51,23.23,31.72,3800.0,287.9
2024-06-14,Indonesia,Tanjung Bara,Paradip,Supramax,Coal,12802.64,566.7,116.424,64.95,24.77,34.24,3800.0,287.9
2024-06-21,Indonesia,Tanjung Bara,Paradip,Supramax,Coal,13722.0,566.87,116.559,52.23,39.15,44.3,3800.0,287.9
2024-06-28,Indonesia,Tanjung Bara,Paradip,Supramax,Coal,14131.15,567.45,116.755,49.71,14.59,30.49,3800.0,287.9
2024-07-05,Indonesia,Tanjung Bara,Paradip,Supramax,Coal,12931.84,551.08,112.143,51.76,30.71,37.72,3800.0,287.9
2024-07-12,Indonesia,Tanjung Bara,Paradip,Supramax,Coal,12345.35,551.81,112.386,61.6,39.11,35.28,3800.0,287.9
2024-07-19,Indonesia,Tanjung Bara,Paradip,Supramax,Coal,12418.17,552.63,112.618,78.16,36.85,25.48,3800.0,287.9
2024-07-26,Indonesia,Tanjung Bara,Paradip,Supramax,Coal,12675.77,553.89,112.737,75.59,19.87,34.79,3800.0,287.9
2024-08-02,Indonesia,Tanjung Bara,Paradip,Supramax,Coal,12054.51,537.93,108.097,84.44,39.08,35.86,3800.0,287.9
2024-08-09,Indonesia,Tanjung Bara,Paradip,Supramax,Coal,11754.04,538.93,108.291,76.49,28.02,44.61,3800.0,287.9
2024-08-16,Indonesia,Tanjung Bara,Paradip,Supramax,Coal,12288.0,538.68,108.429,87.09,46.27,41.44,3800.0,287.9
2024-08-23,Indonesia,Tanjung Bara,Paradip,Supramax,Coal,11770.87,538.21,108.63,87.03,40.38,36.42,3800.0,287.9
2024-08-30,Indonesia,Tanjung Bara,Paradip,Supramax,Coal,11049.28,538.54,108.875,81.28,36.46,42.78,3800.0,287.9
2024-09-06,Indonesia,Tanjung Bara,Paradip,Supramax,Coal,10642.78,526.33,105.496,85.85,36.1,46.83,3800.0,287.9
2024-09-13,Indonesia,Tanjung Bara,Paradip,Supramax,Coal,10609.13,526.75,105.559,65.92,9.28,55.45,3800.0,287.9
2024-09-20,Indonesia,Tanjung Bara,Paradip,Supramax,Coal,10801.27,527.35,105.712,80.98,41.29,34.84,3800.0,287.9
2024-09-27,Indonesia,Tanjung Bara,Paradip,Supramax,Coal,11048.75,528.52,105.961,82.54,41.81,34.39,3800.0,287.9
2024-10-04,Indonesia,Tanjung Bara,Paradip,Supramax,Coal,12090.04,525.36,104.828,69.75,30.18,38.0,3800.0,287.9
2024-10-11,Indonesia,Tanjung Bara,Paradip,Supramax,Coal,12332.26,525.17,104.937,64.49,29.49,37.44,3800.0,287.9
2024-10-18,Indonesia,Tanjung Bara,Paradip,Supramax,Coal,12509.23,524.63,105.099,52.38,26.24,45.18,3800.0,287.9
2024-10-25,Indonesia,Tanjung Bara,Paradip,Supramax,Coal,12742.9,524.91,105.193,42.79,27.17,47.11,3800.0,287.9
2024-11-01,Indonesia,Tanjung Bara,Paradip,Supramax,Coal,13793.1,530.26,106.64,37.03,27.68,43.6,3800.0,287.9
2024-11-08,Indonesia,Tanjung Bara,Paradip,Supramax,Coal,13671.88,531.01,106.817,40.37,17.58,33.18,3800.0,287.9
2024-11-15,Indonesia,Tanjung Bara,Paradip,Supramax,Coal,13376.44,531.08,107.0,66.4,24.05,38.46,3800.0,287.9
2024-11-22,Indonesia,Tanjung Bara,Paradip,Supramax,Coal,13496.21,531.54,107.099,58.02,26.51,43.45,3800.0,287.9
2024-11-29,Indonesia,Tanjung Bara,Paradip,Supramax,Coal,12979.98,531.3,107.256,45.86,27.58,42.79,3800.0,287.9
2024-12-06,Indonesia,Tanjung Bara,Paradip,Supramax,Coal,12641.59,544.72,110.972,43.13,26.69,37.62,3800.0,287.9
2024-12-13,Indonesia,Tanjung Bara,Paradip,Supramax,Coal,12237.1,545.5,111.069,45.37,19.14,42.27,3800.0,287.9
2024-12-20,Indonesia,Tanjung Bara,Paradip,Supramax,Coal,11937.58,545.41,111.28,50.2,29.01,40.36,3800.0,287.9
2024-12-27,Indonesia,Tanjung Bara,Paradip,Supramax,Coal,12129.12,545.35,111.403,52.97,23.13,37.07,3800.0,287.9
2025-01-03,Indonesia,Tanjung Bara,Paradip,Supramax,Coal,11272.74,562.67,116.466,48.58,15.85,35.25,3800.0,287.9
2025-01-10,Indonesia,Tanjung Bara,Paradip,Supramax,Coal,11085.25,564.21,116.576,61.21,37.18,32.4,3800.0,287.9
2025-01-17,Indonesia,Tanjung Bara,Paradip,Supramax,Coal,11422.54,564.36,116.642,67.11,40.94,35.35,3800.0,287.9
2025-01-24,Indonesia,Tanjung Bara,Paradip,Supramax,Coal,11803.38,564.76,116.896,63.1,35.43,36.2,3800.0,287.9
2025-01-31,Indonesia,Tanjung Bara,Paradip,Supramax,Coal,12618.34,564.98,117.171,60.21,33.73,27.48,3800.0,287.9
2025-02-07,Indonesia,Tanjung Bara,Paradip,Supramax,Coal,12686.34,582.12,122.351,38.91,33.29,36.43,3800.0,287.9
2025-02-14,Indonesia,Tanjung Bara,Paradip,Supramax,Coal,12297.81,582.6,122.541,60.38,21.73,37.25,3800.0,287.9
2025-02-21,Indonesia,Tanjung Bara,Paradip,Supramax,Coal,12666.44,582.52,122.748,46.65,19.49,35.31,3800.0,287.9
2025-02-28,Indonesia,Tanjung Bara,Paradip,Supramax,Coal,12819.36,583.03,122.945,38.61,17.52,37.68,3800.0,287.9
2025-03-07,Indonesia,Tanjung Bara,Paradip,Supramax,Coal,14075.89,595.82,126.87,33.03,34.8,45.79,3800.0,287.9
2025-03-14,Indonesia,Tanjung Bara,Paradip,Supramax,Coal,14369.93,596.01,127.049,34.03,22.79,46.73,3800.0,287.9
2025-03-21,Indonesia,Tanjung Bara,Paradip,Supramax,Coal,14071.2,597.42,127.153,30.87,23.41,36.13,3800.0,287.9
2025-03-28,Indonesia,Tanjung Bara,Paradip,Supramax,Coal,14371.42,598.46,127.253,30.97,22.6,39.06,3800.0,287.9
2025-04-04,Indonesia,Tanjung Bara,Paradip,Supramax,Coal,15385.25,602.6,128.664,32.0,21.48,39.16,3800.0,287.9
2025-04-11,Indonesia,Tanjung Bara,Paradip,Supramax,Coal,15803.78,602.95,128.854,42.17,28.28,42.09,3800.0,287.9
2025-04-18,Indonesia,Tanjung Bara,Paradip,Supramax,Coal,15497.45,603.34,128.987,38.45,7.75,60.25,3800.0,287.9
2025-04-25,Indonesia,Tanjung Bara,Paradip,Supramax,Coal,15562.59,604.73,129.167,43.58,24.85,39.83,3800.0,287.9
2025-05-02,Indonesia,Tanjung Bara,Paradip,Supramax,Coal,15968.59,601.49,127.919,48.49,28.11,30.18,3800.0,287.9
2025-05-09,Indonesia,Tanjung Bara,Paradip,Supramax,Coal,15365.06,601.84,128.075,55.3,29.25,42.36,3800.0,287.9
2025-05-16,Indonesia,Tanjung Bara,Paradip,Supramax,Coal,15103.73,602.97,128.335,48.6,24.2,43.84,3800.0,287.9
2025-05-23,Indonesia,Tanjung Bara,Paradip,Supramax,Coal,15591.48,603.92,128.527,38.84,8.46,39.14,3800.0,287.9
2025-05-30,Indonesia,Tanjung Bara,Paradip,Supramax,Coal,15061.72,604.3,128.698,48.14,26.62,41.27,3800.0,287.9
2025-06-06,Indonesia,Tanjung Bara,Paradip,Supramax,Coal,15033.54,592.35,125.199,55.76,39.07,43.5,3800.0,287.9
2025-06-13,Indonesia,Tanjung Bara,Paradip,Supramax,Coal,14666.09,593.53,125.294,74.75,40.68,43.61,3800.0,287.9
2025-06-20,Indonesia,Tanjung Bara,Paradip,Supramax,Coal,13810.9,595.44,125.535,79.48,21.9,23.87,3800.0,287.9
2025-06-27,Indonesia,Tanjung Bara,Paradip,Supramax,Coal,14143.9,596.43,125.688,72.42,23.12,30.5,3800.0,287.9
2025-07-04,Indonesia,Tanjung Bara,Paradip,Supramax,Coal,12631.87,580.39,120.7,80.69,31.03,25.89,3800.0,287.9
2025-07-11,Indonesia,Tanjung Bara,Paradip,Supramax,Coal,12586.5,580.91,120.842,71.39,34.84,28.1,3800.0,287.9
2025-07-18,Indonesia,Tanjung Bara,Paradip,Supramax,Coal,12186.58,580.77,121.048,70.04,33.54,37.55,3800.0,287.9
2025-07-25,Indonesia,Tanjung Bara,Paradip,Supramax,Coal,11496.57,580.35,121.223,77.77,29.7,33.11,3800.0,287.9
2025-08-01,Indonesia,Tanjung Bara,Paradip,Supramax,Coal,10559.97,563.36,116.239,84.28,32.86,31.66,3800.0,287.9
2025-08-08,Indonesia,Tanjung Bara,Paradip,Supramax,Coal,10463.63,564.22,116.402,84.26,44.28,44.96,3800.0,287.9
2025-08-15,Indonesia,Tanjung Bara,Paradip,Supramax,Coal,10646.75,563.54,116.552,76.16,50.77,39.03,3800.0,287.9
2025-08-22,Indonesia,Tanjung Bara,Paradip,Supramax,Coal,11296.57,563.04,116.689,68.31,35.44,30.46,3800.0,287.9
2025-08-29,Indonesia,Tanjung Bara,Paradip,Supramax,Coal,11336.47,563.86,116.796,69.45,33.43,42.45,3800.0,287.9
2025-09-05,Indonesia,Tanjung Bara,Paradip,Supramax,Coal,12077.58,551.41,113.114,69.37,37.62,48.94,3800.0,287.9
2025-09-12,Indonesia,Tanjung Bara,Paradip,Supramax,Coal,12266.71,551.52,113.273,80.56,42.08,41.11,3800.0,287.9
2025-09-19,Indonesia,Tanjung Bara,Paradip,Supramax,Coal,12278.04,551.47,113.419,81.91,41.44,41.06,3800.0,287.9
2025-09-26,Indonesia,Tanjung Bara,Paradip,Supramax,Coal,12831.3,551.78,113.621,73.87,40.41,40.65,3800.0,287.9
2025-10-03,Indonesia,Tanjung Bara,Paradip,Supramax,Coal,13461.96,547.61,112.37,74.14,26.53,37.1,3800.0,287.9
2025-10-10,Indonesia,Tanjung Bara,Paradip,Supramax,Coal,12853.93,548.11,112.523,65.06,27.23,34.33,3800.0,287.9
2025-10-17,Indonesia,Tanjung Bara,Paradip,Supramax,Coal,13288.64,549.56,112.722,69.68,29.21,34.85,3800.0,287.9
2025-10-24,Indonesia,Tanjung Bara,Paradip,Supramax,Coal,13386.19,549.07,112.875,65.78,18.56,34.97,3800.0,287.9
2025-10-31,Indonesia,Tanjung Bara,Paradip,Supramax,Coal,13654.45,551.01,113.111,52.48,23.15,31.91,3800.0,287.9
2025-11-07,Indonesia,Tanjung Bara,Paradip,Supramax,Coal,14372.57,555.99,114.727,49.9,29.49,43.55,3800.0,287.9
2025-11-14,Indonesia,Tanjung Bara,Paradip,Supramax,Coal,14624.97,556.79,114.869,41.35,25.98,38.03,3800.0,287.9
2025-11-21,Indonesia,Tanjung Bara,Paradip,Supramax,Coal,15032.14,557.25,115.01,54.49,30.63,32.28,3800.0,287.9
2025-11-28,Indonesia,Tanjung Bara,Paradip,Supramax,Coal,14743.03,557.34,115.167,44.36,37.25,46.24,3800.0,287.9
2025-12-05,Indonesia,Tanjung Bara,Paradip,Supramax,Coal,14526.92,570.38,119.179,39.72,24.35,39.34,3800.0,287.9
2025-12-12,Indonesia,Tanjung Bara,Paradip,Supramax,Coal,13647.06,569.95,119.268,52.4,22.51,43.94,3800.0,287.9
2025-12-19,Indonesia,Tanjung Bara,Paradip,Supramax,Coal,13660.01,571.27,119.494,61.21,15.85,32.65,3800.0,287.9
2025-12-26,Indonesia,Tanjung Bara,Paradip,Supramax,Coal,14277.21,571.74,119.623,49.08,29.36,41.1,3800.0,287.9
2026-01-02,Indonesia,Tanjung Bara,Paradip,Supramax,Coal,14047.61,590.07,125.104,46.03,30.42,43.3,3800.0,287.9
2026-01-09,Indonesia,Tanjung Bara,Paradip,Supramax,Coal,13984.91,590.75,125.166,28.02,30.06,31.57,3800.0,287.9
2026-01-16,Indonesia,Tanjung Bara,Paradip,Supramax,Coal,13069.65,592.22,125.356,37.56,23.74,30.62,3800.0,287.9
2026-01-23,Indonesia,Tanjung Bara,Paradip,Supramax,Coal,12812.3,592.95,125.509,32.53,25.93,35.17,3800.0,287.9
2026-01-30,Indonesia,Tanjung Bara,Paradip,Supramax,Coal,13382.59,593.53,125.692,53.41,24.73,32.85,3800.0,287.9
2026-02-06,Indonesia,Tanjung Bara,Paradip,Supramax,Coal,13112.09,611.69,131.166,49.19,15.82,43.82,3800.0,287.9
2026-02-13,Indonesia,Tanjung Bara,Paradip,Supramax,Coal,13658.98,611.21,131.281,44.8,19.28,35.71,3800.0,287.9
2026-02-20,Indonesia,Tanjung Bara,Paradip,Supramax,Coal,12890.99,612.26,131.417,34.55,12.69,38.51,3800.0,287.9
2026-02-27,Indonesia,Tanjung Bara,Paradip,Supramax,Coal,13046.74,612.34,131.637,47.78,26.55,43.91,3800.0,287.9
2026-03-06,Indonesia,Tanjung Bara,Paradip,Supramax,Coal,13944.39,624.88,135.723,47.57,28.58,44.63,3800.0,287.9
2026-03-13,Indonesia,Tanjung Bara,Paradip,Supramax,Coal,14163.21,623.93,135.977,53.08,26.83,36.72,3800.0,287.9
2026-03-20,Indonesia,Tanjung Bara,Paradip,Supramax,Coal,14275.1,623.76,136.192,40.26,23.54,38.75,3800.0,287.9
2026-03-27,Indonesia,Tanjung Bara,Paradip,Supramax,Coal,13956.47,624.36,136.404,42.86,28.92,53.58,3800.0,287.9
2026-04-03,Indonesia,Tanjung Bara,Paradip,Supramax,Coal,15147.23,630.3,138.054,52.38,30.9,47.23,3800.0,287.9
2026-04-10,Indonesia,Tanjung Bara,Paradip,Supramax,Coal,15417.03,630.93,138.323,59.54,28.49,36.02,3800.0,287.9
2026-04-17,Indonesia,Tanjung Bara,Paradip,Supramax,Coal,14851.9,630.89,138.427,56.48,36.35,43.76,3800.0,287.9
2026-04-24,Indonesia,Tanjung Bara,Paradip,Supramax,Coal,14238.71,631.84,138.581,58.2,18.12,33.06,3800.0,287.9
2026-05-01,Indonesia,Tanjung Bara,Paradip,Supramax,Coal,14791.0,627.4,137.284,69.06,34.61,40.04,3800.0,287.9
2026-05-08,Indonesia,Tanjung Bara,Paradip,Supramax,Coal,14539.27,628.03,137.541,62.57,35.68,44.97,3800.0,287.9
2026-05-15,Indonesia,Tanjung Bara,Paradip,Supramax,Coal,14452.4,628.03,137.663,60.44,38.59,35.14,3800.0,287.9
2026-05-22,Indonesia,Tanjung Bara,Paradip,Supramax,Coal,14796.94,628.23,137.866,59.35,40.38,52.56,3800.0,287.9
2026-05-29,Indonesia,Tanjung Bara,Paradip,Supramax,Coal,15269.72,629.73,138.111,61.77,35.46,40.68,3800.0,287.9
2026-06-05,Indonesia,Tanjung Bara,Paradip,Supramax,Coal,14630.44,617.53,134.352,67.32,39.37,43.13,3800.0,287.9
2026-06-12,Indonesia,Tanjung Bara,Paradip,Supramax,Coal,14313.63,618.21,134.51,63.99,42.89,22.72,3800.0,287.9
2026-06-19,Indonesia,Tanjung Bara,Paradip,Supramax,Coal,13844.41,618.08,134.752,81.73,51.02,35.67,3800.0,287.9
2026-06-26,Indonesia,Tanjung Bara,Paradip,Supramax,Coal,14494.85,618.4,135.023,79.49,42.6,42.06,3800.0,287.9
2026-07-03,Indonesia,Tanjung Bara,Paradip,Supramax,Coal,13044.02,601.57,129.684,69.32,27.7,30.51,3800.0,287.9
2026-07-10,Indonesia,Tanjung Bara,Paradip,Supramax,Coal,12711.38,601.02,129.969,68.39,32.22,40.25,3800.0,287.9
2026-07-17,Indonesia,Tanjung Bara,Paradip,Supramax,Coal,12385.09,601.11,130.204,76.77,36.73,32.55,3800.0,287.9
2026-07-24,Indonesia,Tanjung Bara,Paradip,Supramax,Coal,12449.24,602.42,130.401,85.75,37.18,46.52,3800.0,287.9
2026-07-31,Indonesia,Tanjung Bara,Paradip,Supramax,Coal,12065.97,602.02,130.602,70.94,26.29,34.25,3800.0,287.9
2026-08-07,Indonesia,Tanjung Bara,Paradip,Supramax,Coal,11474.4,584.19,125.218,77.26,34.64,34.88,3800.0,287.9
2026-08-14,Indonesia,Tanjung Bara,Paradip,Supramax,Coal,11506.03,584.71,125.37,49.27,27.13,39.5,3800.0,287.9
2026-08-21,Indonesia,Tanjung Bara,Paradip,Supramax,Coal,11673.47,585.47,125.56,58.79,33.25,34.74,3800.0,287.9
2026-08-28,Indonesia,Tanjung Bara,Paradip,Supramax,Coal,11614.75,585.48,125.753,70.39,29.41,34.27,3800.0,287.9
2026-09-04,Indonesia,Tanjung Bara,Paradip,Supramax,Coal,12114.3,572.21,121.815,71.4,44.98,42.8,3800.0,287.9
2026-09-11,Indonesia,Tanjung Bara,Paradip,Supramax,Coal,12436.9,571.78,122.068,78.14,47.66,46.12,3800.0,287.9
2026-09-18,Indonesia,Tanjung Bara,Paradip,Supramax,Coal,12803.0,572.1,122.256,78.98,36.25,47.69,3800.0,287.9
2026-09-25,Indonesia,Tanjung Bara,Paradip,Supramax,Coal,12702.8,572.51,122.483,72.57,26.86,34.26,3800.0,287.9
2023-01-06,Indonesia,Tarahan,Gopalpur,Handysize,Coal,9513.41,519.44,99.953,66.0,15.74,41.07,4200.0,318.2
2023-01-13,Indonesia,Tarahan,Gopalpur,Handysize,Coal,9819.16,520.28,100.181,63.32,24.12,29.44,4200.0,318.2
2023-01-20,Indonesia,Tarahan,Gopalpur,Handysize,Coal,9869.89,521.33,100.291,63.96,26.95,38.98,4200.0,318.2
2023-01-27,Indonesia,Tarahan,Gopalpur,Handysize,Coal,10308.51,521.82,100.457,63.18,18.6,37.17,4200.0,318.2
2023-02-03,Indonesia,Tarahan,Gopalpur,Handysize,Coal,9786.35,537.32,104.842,66.93,17.58,30.9,4200.0,318.2
2023-02-10,Indonesia,Tarahan,Gopalpur,Handysize,Coal,9958.57,538.13,104.936,65.05,17.15,46.64,4200.0,318.2
2023-02-17,Indonesia,Tarahan,Gopalpur,Handysize,Coal,10031.42,538.09,105.124,64.08,23.78,40.96,4200.0,318.2
2023-02-24,Indonesia,Tarahan,Gopalpur,Handysize,Coal,9942.51,537.62,105.273,66.7,22.17,38.4,4200.0,318.2
2023-03-03,Indonesia,Tarahan,Gopalpur,Handysize,Coal,10062.77,550.04,108.663,78.61,22.13,51.2,4200.0,318.2
2023-03-10,Indonesia,Tarahan,Gopalpur,Handysize,Coal,9821.86,550.18,108.807,71.61,30.61,37.13,4200.0,318.2
2023-03-17,Indonesia,Tarahan,Gopalpur,Handysize,Coal,9885.65,550.8,108.961,67.55,32.62,43.67,4200.0,318.2
2023-03-24,Indonesia,Tarahan,Gopalpur,Handysize,Coal,9914.14,551.13,109.087,66.71,15.03,37.86,4200.0,318.2
2023-03-31,Indonesia,Tarahan,Gopalpur,Handysize,Coal,9642.13,551.86,109.273,60.72,22.84,47.2,4200.0,318.2
2023-04-07,Indonesia,Tarahan,Gopalpur,Handysize,Coal,10632.88,556.7,110.633,67.03,27.17,38.69,4200.0,318.2
2023-04-14,Indonesia,Tarahan,Gopalpur,Handysize,Coal,10669.49,557.28,110.782,76.37,25.73,43.95,4200.0,318.2
2023-04-21,Indonesia,Tarahan,Gopalpur,Handysize,Coal,10948.56,557.72,110.927,81.8,33.08,47.62,4200.0,318.2
2023-04-28,Indonesia,Tarahan,Gopalpur,Handysize,Coal,11028.7,557.74,111.121,86.03,39.09,32.41,4200.0,318.2
2023-05-05,Indonesia,Tarahan,Gopalpur,Handysize,Coal,11310.42,554.54,110.187,94.99,33.47,35.86,4200.0,318.2
2023-05-12,Indonesia,Tarahan,Gopalpur,Handysize,Coal,11835.52,555.82,110.331,82.03,29.68,38.82,4200.0,318.2
2023-05-19,Indonesia,Tarahan,Gopalpur,Handysize,Coal,11305.91,556.04,110.489,92.19,33.11,44.39,4200.0,318.2
2023-05-26,Indonesia,Tarahan,Gopalpur,Handysize,Coal,11051.13,556.56,110.636,86.71,31.38,36.47,4200.0,318.2
2023-06-02,Indonesia,Tarahan,Gopalpur,Handysize,Coal,10659.43,545.41,107.547,93.92,41.55,34.22,4200.0,318.2
2023-06-09,Indonesia,Tarahan,Gopalpur,Handysize,Coal,10827.01,545.93,107.673,81.34,32.42,43.69,4200.0,318.2
2023-06-16,Indonesia,Tarahan,Gopalpur,Handysize,Coal,10748.73,545.73,107.857,80.16,33.78,55.61,4200.0,318.2
2023-06-23,Indonesia,Tarahan,Gopalpur,Handysize,Coal,10741.72,546.48,108.051,82.53,36.02,37.8,4200.0,318.2
2023-06-30,Indonesia,Tarahan,Gopalpur,Handysize,Coal,11583.86,546.8,108.217,87.62,50.71,27.43,4200.0,318.2
2023-07-07,Indonesia,Tarahan,Gopalpur,Handysize,Coal,9932.87,532.29,103.935,91.75,19.69,31.25,4200.0,318.2
2023-07-14,Indonesia,Tarahan,Gopalpur,Handysize,Coal,9883.9,533.63,104.072,93.24,28.19,44.93,4200.0,318.2
2023-07-21,Indonesia,Tarahan,Gopalpur,Handysize,Coal,9721.75,533.88,104.234,79.12,26.37,30.76,4200.0,318.2
2023-07-28,Indonesia,Tarahan,Gopalpur,Handysize,Coal,9579.62,534.23,104.435,81.25,38.18,33.47,4200.0,318.2
2023-08-04,Indonesia,Tarahan,Gopalpur,Handysize,Coal,9379.15,519.06,100.091,86.27,22.44,35.05,4200.0,318.2
2023-08-11,Indonesia,Tarahan,Gopalpur,Handysize,Coal,9196.27,519.47,100.282,91.64,27.31,42.86,4200.0,318.2
2023-08-18,Indonesia,Tarahan,Gopalpur,Handysize,Coal,8521.38,520.39,100.464,99.0,45.32,35.77,4200.0,318.2
2023-08-25,Indonesia,Tarahan,Gopalpur,Handysize,Coal,8230.73,520.38,100.59,99.0,42.68,32.42,4200.0,318.2
2023-09-01,Indonesia,Tarahan,Gopalpur,Handysize,Coal,8760.09,509.19,97.473,98.12,35.38,36.7,4200.0,318.2
2023-09-08,Indonesia,Tarahan,Gopalpur,Handysize,Coal,8570.8,510.0,97.607,95.75,35.28,40.68,4200.0,318.2
2023-09-15,Indonesia,Tarahan,Gopalpur,Handysize,Coal,8724.98,510.38,97.757,96.21,35.53,34.07,4200.0,318.2
2023-09-22,Indonesia,Tarahan,Gopalpur,Handysize,Coal,8755.39,510.84,97.906,88.33,32.83,42.22,4200.0,318.2
2023-09-29,Indonesia,Tarahan,Gopalpur,Handysize,Coal,8868.23,511.63,98.025,90.55,29.13,41.72,4200.0,318.2
2023-10-06,Indonesia,Tarahan,Gopalpur,Handysize,Coal,9086.24,508.2,97.005,83.71,28.48,42.08,4200.0,318.2
2023-10-13,Indonesia,Tarahan,Gopalpur,Handysize,Coal,8945.6,508.88,97.232,91.33,30.32,39.4,4200.0,318.2
2023-10-20,Indonesia,Tarahan,Gopalpur,Handysize,Coal,9173.41,509.12,97.428,98.94,32.29,37.24,4200.0,318.2
2023-10-27,Indonesia,Tarahan,Gopalpur,Handysize,Coal,9619.8,509.52,97.6,99.0,33.55,42.29,4200.0,318.2
2023-11-03,Indonesia,Tarahan,Gopalpur,Handysize,Coal,10339.78,514.1,98.945,97.65,46.54,32.99,4200.0,318.2
2023-11-10,Indonesia,Tarahan,Gopalpur,Handysize,Coal,10235.59,514.58,99.043,99.0,16.69,42.85,4200.0,318.2
2023-11-17,Indonesia,Tarahan,Gopalpur,Handysize,Coal,10367.89,515.08,99.222,98.45,36.22,32.63,4200.0,318.2
2023-11-24,Indonesia,Tarahan,Gopalpur,Handysize,Coal,10382.65,514.17,99.396,89.58,41.35,47.06,4200.0,318.2
2023-12-01,Indonesia,Tarahan,Gopalpur,Handysize,Coal,10248.81,527.15,102.902,68.9,15.71,45.74,4200.0,318.2
2023-12-08,Indonesia,Tarahan,Gopalpur,Handysize,Coal,10977.3,527.21,103.013,69.72,27.97,41.06,4200.0,318.2
2023-12-15,Indonesia,Tarahan,Gopalpur,Handysize,Coal,10836.51,527.02,103.146,82.55,29.22,35.87,4200.0,318.2
2023-12-22,Indonesia,Tarahan,Gopalpur,Handysize,Coal,10871.14,527.39,103.305,94.27,28.25,36.81,4200.0,318.2
2023-12-29,Indonesia,Tarahan,Gopalpur,Handysize,Coal,11090.01,527.45,103.441,97.44,36.52,37.22,4200.0,318.2
2024-01-05,Indonesia,Tarahan,Gopalpur,Handysize,Coal,10860.12,544.11,108.183,89.5,33.53,38.36,4200.0,318.2
2024-01-12,Indonesia,Tarahan,Gopalpur,Handysize,Coal,10370.44,544.23,108.39,92.03,32.95,36.41,4200.0,318.2
2024-01-19,Indonesia,Tarahan,Gopalpur,Handysize,Coal,10443.89,544.9,108.553,86.94,45.96,36.04,4200.0,318.2
2024-01-26,Indonesia,Tarahan,Gopalpur,Handysize,Coal,10356.44,545.86,108.66,91.15,27.48,33.97,4200.0,318.2
2024-02-02,Indonesia,Tarahan,Gopalpur,Handysize,Coal,9819.14,560.88,113.443,82.91,27.08,33.5,4200.0,318.2
2024-02-09,Indonesia,Tarahan,Gopalpur,Handysize,Coal,10188.93,561.27,113.508,78.27,31.06,39.0,4200.0,318.2
2024-02-16,Indonesia,Tarahan,Gopalpur,Handysize,Coal,10297.59,561.54,113.732,87.43,25.89,47.51,4200.0,318.2
2024-02-23,Indonesia,Tarahan,Gopalpur,Handysize,Coal,10264.63,561.47,113.906,81.09,25.43,29.19,4200.0,318.2
2024-03-01,Indonesia,Tarahan,Gopalpur,Handysize,Coal,10693.62,573.69,117.508,80.31,27.42,40.89,4200.0,318.2
2024-03-08,Indonesia,Tarahan,Gopalpur,Handysize,Coal,10723.6,573.98,117.586,75.95,21.93,25.61,4200.0,318.2
2024-03-15,Indonesia,Tarahan,Gopalpur,Handysize,Coal,11222.53,575.21,117.738,80.97,44.78,43.03,4200.0,318.2
2024-03-22,Indonesia,Tarahan,Gopalpur,Handysize,Coal,11153.73,575.06,117.953,84.03,27.4,38.05,4200.0,318.2
2024-03-29,Indonesia,Tarahan,Gopalpur,Handysize,Coal,11149.81,575.25,117.989,87.56,32.01,37.65,4200.0,318.2
2024-04-05,Indonesia,Tarahan,Gopalpur,Handysize,Coal,11814.16,580.3,119.378,90.88,31.23,52.35,4200.0,318.2
2024-04-12,Indonesia,Tarahan,Gopalpur,Handysize,Coal,12319.39,580.8,119.451,96.93,32.24,44.57,4200.0,318.2
2024-04-19,Indonesia,Tarahan,Gopalpur,Handysize,Coal,12053.25,580.53,119.616,99.0,34.07,38.17,4200.0,318.2
2024-04-26,Indonesia,Tarahan,Gopalpur,Handysize,Coal,12240.82,582.32,119.809,89.29,36.58,47.01,4200.0,318.2
2024-05-03,Indonesia,Tarahan,Gopalpur,Handysize,Coal,12540.9,577.86,118.651,91.48,26.3,36.82,4200.0,318.2
2024-05-10,Indonesia,Tarahan,Gopalpur,Handysize,Coal,12228.0,577.33,118.872,97.8,32.25,44.43,4200.0,318.2
2024-05-17,Indonesia,Tarahan,Gopalpur,Handysize,Coal,12146.88,576.78,119.112,94.24,42.99,51.83,4200.0,318.2
2024-05-24,Indonesia,Tarahan,Gopalpur,Handysize,Coal,11856.64,577.82,119.319,94.9,35.68,50.69,4200.0,318.2
2024-05-31,Indonesia,Tarahan,Gopalpur,Handysize,Coal,11275.57,577.43,119.443,97.99,31.57,38.25,4200.0,318.2
2024-06-07,Indonesia,Tarahan,Gopalpur,Handysize,Coal,11170.1,566.46,116.203,96.78,45.11,31.72,4200.0,318.2
2024-06-14,Indonesia,Tarahan,Gopalpur,Handysize,Coal,11725.06,566.7,116.424,87.48,40.13,34.24,4200.0,318.2
2024-06-21,Indonesia,Tarahan,Gopalpur,Handysize,Coal,12006.02,566.87,116.559,94.24,43.56,44.3,4200.0,318.2
2024-06-28,Indonesia,Tarahan,Gopalpur,Handysize,Coal,12211.25,567.45,116.755,92.46,39.22,30.49,4200.0,318.2
2024-07-05,Indonesia,Tarahan,Gopalpur,Handysize,Coal,11017.17,551.08,112.143,91.04,37.45,37.72,4200.0,318.2
2024-07-12,Indonesia,Tarahan,Gopalpur,Handysize,Coal,11220.06,551.81,112.386,75.84,40.13,35.28,4200.0,318.2
2024-07-19,Indonesia,Tarahan,Gopalpur,Handysize,Coal,10593.02,552.63,112.618,74.35,22.37,25.48,4200.0,318.2
2024-07-26,Indonesia,Tarahan,Gopalpur,Handysize,Coal,10324.33,553.89,112.737,68.28,27.84,34.79,4200.0,318.2
2024-08-02,Indonesia,Tarahan,Gopalpur,Handysize,Coal,9799.42,537.93,108.097,70.4,25.26,35.86,4200.0,318.2
2024-08-09,Indonesia,Tarahan,Gopalpur,Handysize,Coal,9960.52,538.93,108.291,81.86,34.73,44.61,4200.0,318.2
2024-08-16,Indonesia,Tarahan,Gopalpur,Handysize,Coal,9920.01,538.68,108.429,82.61,13.9,41.44,4200.0,318.2
2024-08-23,Indonesia,Tarahan,Gopalpur,Handysize,Coal,9572.47,538.21,108.63,77.66,27.82,36.42,4200.0,318.2
2024-08-30,Indonesia,Tarahan,Gopalpur,Handysize,Coal,9325.97,538.54,108.875,88.37,20.82,42.78,4200.0,318.2
2024-09-06,Indonesia,Tarahan,Gopalpur,Handysize,Coal,9305.52,526.33,105.496,74.68,13.52,46.83,4200.0,318.2
2024-09-13,Indonesia,Tarahan,Gopalpur,Handysize,Coal,9594.83,526.75,105.559,73.79,30.83,55.45,4200.0,318.2
2024-09-20,Indonesia,Tarahan,Gopalpur,Handysize,Coal,9746.36,527.35,105.712,70.37,22.44,34.84,4200.0,318.2
2024-09-27,Indonesia,Tarahan,Gopalpur,Handysize,Coal,9527.91,528.52,105.961,68.52,34.26,34.39,4200.0,318.2
2024-10-04,Indonesia,Tarahan,Gopalpur,Handysize,Coal,10272.69,525.36,104.828,65.1,30.06,38.0,4200.0,318.2
2024-10-11,Indonesia,Tarahan,Gopalpur,Handysize,Coal,10112.75,525.17,104.937,64.15,6.42,37.44,4200.0,318.2
2024-10-18,Indonesia,Tarahan,Gopalpur,Handysize,Coal,10578.69,524.63,105.099,68.99,37.05,45.18,4200.0,318.2
2024-10-25,Indonesia,Tarahan,Gopalpur,Handysize,Coal,10658.93,524.91,105.193,78.88,16.33,47.11,4200.0,318.2
2024-11-01,Indonesia,Tarahan,Gopalpur,Handysize,Coal,11000.07,530.26,106.64,80.37,32.2,43.6,4200.0,318.2
2024-11-08,Indonesia,Tarahan,Gopalpur,Handysize,Coal,11169.32,531.01,106.817,79.48,20.38,33.18,4200.0,318.2
2024-11-15,Indonesia,Tarahan,Gopalpur,Handysize,Coal,11299.72,531.08,107.0,83.14,17.8,38.46,4200.0,318.2
2024-11-22,Indonesia,Tarahan,Gopalpur,Handysize,Coal,10880.1,531.54,107.099,94.99,26.4,43.45,4200.0,318.2
2024-11-29,Indonesia,Tarahan,Gopalpur,Handysize,Coal,11147.95,531.3,107.256,83.35,37.35,42.79,4200.0,318.2
2024-12-06,Indonesia,Tarahan,Gopalpur,Handysize,Coal,11034.95,544.72,110.972,77.18,42.42,37.62,4200.0,318.2
2024-12-13,Indonesia,Tarahan,Gopalpur,Handysize,Coal,10482.0,545.5,111.069,79.12,20.32,42.27,4200.0,318.2
2024-12-20,Indonesia,Tarahan,Gopalpur,Handysize,Coal,11039.8,545.41,111.28,79.84,30.92,40.36,4200.0,318.2
2024-12-27,Indonesia,Tarahan,Gopalpur,Handysize,Coal,11020.85,545.35,111.403,74.6,33.08,37.07,4200.0,318.2
2025-01-03,Indonesia,Tarahan,Gopalpur,Handysize,Coal,10561.75,562.67,116.466,67.31,35.17,35.25,4200.0,318.2
2025-01-10,Indonesia,Tarahan,Gopalpur,Handysize,Coal,10506.5,564.21,116.576,64.8,21.55,32.4,4200.0,318.2
2025-01-17,Indonesia,Tarahan,Gopalpur,Handysize,Coal,11085.85,564.36,116.642,60.59,19.58,35.35,4200.0,318.2
2025-01-24,Indonesia,Tarahan,Gopalpur,Handysize,Coal,10988.67,564.76,116.896,65.83,20.12,36.2,4200.0,318.2
2025-01-31,Indonesia,Tarahan,Gopalpur,Handysize,Coal,10834.5,564.98,117.171,69.38,25.27,27.48,4200.0,318.2
2025-02-07,Indonesia,Tarahan,Gopalpur,Handysize,Coal,9882.39,582.12,122.351,71.15,27.35,36.43,4200.0,318.2
2025-02-14,Indonesia,Tarahan,Gopalpur,Handysize,Coal,10220.61,582.6,122.541,84.51,27.36,37.25,4200.0,318.2
2025-02-21,Indonesia,Tarahan,Gopalpur,Handysize,Coal,9771.61,582.52,122.748,82.86,28.69,35.31,4200.0,318.2
2025-02-28,Indonesia,Tarahan,Gopalpur,Handysize,Coal,10165.95,583.03,122.945,88.44,28.08,37.68,4200.0,318.2
2025-03-07,Indonesia,Tarahan,Gopalpur,Handysize,Coal,10894.89,595.82,126.87,88.51,33.98,45.79,4200.0,318.2
2025-03-14,Indonesia,Tarahan,Gopalpur,Handysize,Coal,10894.28,596.01,127.049,88.9,32.92,46.73,4200.0,318.2
2025-03-21,Indonesia,Tarahan,Gopalpur,Handysize,Coal,10569.83,597.42,127.153,85.85,31.25,36.13,4200.0,318.2
2025-03-28,Indonesia,Tarahan,Gopalpur,Handysize,Coal,10733.19,598.46,127.253,93.13,32.83,39.06,4200.0,318.2
2025-04-04,Indonesia,Tarahan,Gopalpur,Handysize,Coal,11511.15,602.6,128.664,99.0,39.75,39.16,4200.0,318.2
2025-04-11,Indonesia,Tarahan,Gopalpur,Handysize,Coal,10769.53,602.95,128.854,86.61,20.92,42.09,4200.0,318.2
2025-04-18,Indonesia,Tarahan,Gopalpur,Handysize,Coal,10637.95,603.34,128.987,85.55,30.86,60.25,4200.0,318.2
2025-04-25,Indonesia,Tarahan,Gopalpur,Handysize,Coal,10934.6,604.73,129.167,99.0,38.94,39.83,4200.0,318.2
2025-05-02,Indonesia,Tarahan,Gopalpur,Handysize,Coal,11179.55,601.49,127.919,98.65,34.0,30.18,4200.0,318.2
2025-05-09,Indonesia,Tarahan,Gopalpur,Handysize,Coal,11096.89,601.84,128.075,92.46,22.0,42.36,4200.0,318.2
2025-05-16,Indonesia,Tarahan,Gopalpur,Handysize,Coal,11157.38,602.97,128.335,94.17,32.79,43.84,4200.0,318.2
2025-05-23,Indonesia,Tarahan,Gopalpur,Handysize,Coal,11152.12,603.92,128.527,91.04,38.15,39.14,4200.0,318.2
2025-05-30,Indonesia,Tarahan,Gopalpur,Handysize,Coal,10671.63,604.3,128.698,92.89,35.5,41.27,4200.0,318.2
2025-06-06,Indonesia,Tarahan,Gopalpur,Handysize,Coal,10260.05,592.35,125.199,99.0,43.11,43.5,4200.0,318.2
2025-06-13,Indonesia,Tarahan,Gopalpur,Handysize,Coal,10495.57,593.53,125.294,99.0,44.14,43.61,4200.0,318.2
2025-06-20,Indonesia,Tarahan,Gopalpur,Handysize,Coal,10512.41,595.44,125.535,99.0,41.68,23.87,4200.0,318.2
2025-06-27,Indonesia,Tarahan,Gopalpur,Handysize,Coal,10548.95,596.43,125.688,99.0,33.15,30.5,4200.0,318.2
2025-07-04,Indonesia,Tarahan,Gopalpur,Handysize,Coal,10063.63,580.39,120.7,93.21,42.2,25.89,4200.0,318.2
2025-07-11,Indonesia,Tarahan,Gopalpur,Handysize,Coal,10369.56,580.91,120.842,94.58,38.1,28.1,4200.0,318.2
2025-07-18,Indonesia,Tarahan,Gopalpur,Handysize,Coal,10966.29,580.77,121.048,90.91,30.56,37.55,4200.0,318.2
2025-07-25,Indonesia,Tarahan,Gopalpur,Handysize,Coal,11062.24,580.35,121.223,96.17,33.7,33.11,4200.0,318.2
2025-08-01,Indonesia,Tarahan,Gopalpur,Handysize,Coal,10063.08,563.36,116.239,96.32,40.34,31.66,4200.0,318.2
2025-08-08,Indonesia,Tarahan,Gopalpur,Handysize,Coal,10256.1,564.22,116.402,98.98,48.81,44.96,4200.0,318.2
2025-08-15,Indonesia,Tarahan,Gopalpur,Handysize,Coal,10270.75,563.54,116.552,92.22,46.98,39.03,4200.0,318.2
2025-08-22,Indonesia,Tarahan,Gopalpur,Handysize,Coal,10048.57,563.04,116.689,84.43,29.08,30.46,4200.0,318.2
2025-08-29,Indonesia,Tarahan,Gopalpur,Handysize,Coal,10022.99,563.86,116.796,90.64,43.83,42.45,4200.0,318.2
2025-09-05,Indonesia,Tarahan,Gopalpur,Handysize,Coal,10113.18,551.41,113.114,86.85,30.94,48.94,4200.0,318.2
2025-09-12,Indonesia,Tarahan,Gopalpur,Handysize,Coal,9893.41,551.52,113.273,80.39,26.95,41.11,4200.0,318.2
2025-09-19,Indonesia,Tarahan,Gopalpur,Handysize,Coal,9500.14,551.47,113.419,80.31,27.6,41.06,4200.0,318.2
2025-09-26,Indonesia,Tarahan,Gopalpur,Handysize,Coal,9716.74,551.78,113.621,77.56,38.39,40.65,4200.0,318.2
2025-10-03,Indonesia,Tarahan,Gopalpur,Handysize,Coal,10136.11,547.61,112.37,62.61,38.54,37.1,4200.0,318.2
2025-10-10,Indonesia,Tarahan,Gopalpur,Handysize,Coal,10145.79,548.11,112.523,60.19,9.95,34.33,4200.0,318.2
2025-10-17,Indonesia,Tarahan,Gopalpur,Handysize,Coal,10166.27,549.56,112.722,65.39,16.89,34.85,4200.0,318.2
2025-10-24,Indonesia,Tarahan,Gopalpur,Handysize,Coal,10009.72,549.07,112.875,71.62,22.38,34.97,4200.0,318.2
2025-10-31,Indonesia,Tarahan,Gopalpur,Handysize,Coal,10561.33,551.01,113.111,81.78,19.71,31.91,4200.0,318.2
2025-11-07,Indonesia,Tarahan,Gopalpur,Handysize,Coal,11495.44,555.99,114.727,84.15,34.29,43.55,4200.0,318.2
2025-11-14,Indonesia,Tarahan,Gopalpur,Handysize,Coal,11592.54,556.79,114.869,86.41,38.89,38.03,4200.0,318.2
2025-11-21,Indonesia,Tarahan,Gopalpur,Handysize,Coal,11626.45,557.25,115.01,91.28,42.62,32.28,4200.0,318.2
2025-11-28,Indonesia,Tarahan,Gopalpur,Handysize,Coal,11215.38,557.34,115.167,93.6,25.71,46.24,4200.0,318.2
2025-12-05,Indonesia,Tarahan,Gopalpur,Handysize,Coal,11032.01,570.38,119.179,83.0,29.28,39.34,4200.0,318.2
2025-12-12,Indonesia,Tarahan,Gopalpur,Handysize,Coal,10940.8,569.95,119.268,80.03,34.63,43.94,4200.0,318.2
2025-12-19,Indonesia,Tarahan,Gopalpur,Handysize,Coal,11220.34,571.27,119.494,71.06,37.2,32.65,4200.0,318.2
2025-12-26,Indonesia,Tarahan,Gopalpur,Handysize,Coal,11321.6,571.74,119.623,69.21,20.75,41.1,4200.0,318.2
2026-01-02,Indonesia,Tarahan,Gopalpur,Handysize,Coal,11158.39,590.07,125.104,61.54,24.43,43.3,4200.0,318.2
2026-01-09,Indonesia,Tarahan,Gopalpur,Handysize,Coal,10855.78,590.75,125.166,56.89,20.56,31.57,4200.0,318.2
2026-01-16,Indonesia,Tarahan,Gopalpur,Handysize,Coal,10912.31,592.22,125.356,60.96,25.79,30.62,4200.0,318.2
2026-01-23,Indonesia,Tarahan,Gopalpur,Handysize,Coal,10744.65,592.95,125.509,57.42,14.77,35.17,4200.0,318.2
2026-01-30,Indonesia,Tarahan,Gopalpur,Handysize,Coal,10814.04,593.53,125.692,57.64,16.37,32.85,4200.0,318.2
2026-02-06,Indonesia,Tarahan,Gopalpur,Handysize,Coal,10725.62,611.69,131.166,56.46,17.31,43.82,4200.0,318.2
2026-02-13,Indonesia,Tarahan,Gopalpur,Handysize,Coal,11043.68,611.21,131.281,60.42,22.89,35.71,4200.0,318.2
2026-02-20,Indonesia,Tarahan,Gopalpur,Handysize,Coal,11357.96,612.26,131.417,60.32,23.78,38.51,4200.0,318.2
2026-02-27,Indonesia,Tarahan,Gopalpur,Handysize,Coal,10871.35,612.34,131.637,67.6,26.14,43.91,4200.0,318.2
2026-03-06,Indonesia,Tarahan,Gopalpur,Handysize,Coal,10748.57,624.88,135.723,67.98,15.26,44.63,4200.0,318.2
2026-03-13,Indonesia,Tarahan,Gopalpur,Handysize,Coal,10604.64,623.93,135.977,74.62,29.94,36.72,4200.0,318.2
2026-03-20,Indonesia,Tarahan,Gopalpur,Handysize,Coal,10658.58,623.76,136.192,64.64,16.7,38.75,4200.0,318.2
2026-03-27,Indonesia,Tarahan,Gopalpur,Handysize,Coal,10804.2,624.36,136.404,69.92,20.3,53.58,4200.0,318.2
2026-04-03,Indonesia,Tarahan,Gopalpur,Handysize,Coal,11490.25,630.3,138.054,69.28,15.93,47.23,4200.0,318.2
2026-04-10,Indonesia,Tarahan,Gopalpur,Handysize,Coal,11690.22,630.93,138.323,76.56,38.62,36.02,4200.0,318.2
2026-04-17,Indonesia,Tarahan,Gopalpur,Handysize,Coal,11242.85,630.89,138.427,82.11,22.85,43.76,4200.0,318.2
2026-04-24,Indonesia,Tarahan,Gopalpur,Handysize,Coal,11326.98,631.84,138.581,84.9,43.98,33.06,4200.0,318.2
2026-05-01,Indonesia,Tarahan,Gopalpur,Handysize,Coal,11794.62,627.4,137.284,90.97,28.08,40.04,4200.0,318.2
2026-05-08,Indonesia,Tarahan,Gopalpur,Handysize,Coal,11996.53,628.03,137.541,94.24,32.22,44.97,4200.0,318.2
2026-05-15,Indonesia,Tarahan,Gopalpur,Handysize,Coal,12062.01,628.03,137.663,92.64,30.58,35.14,4200.0,318.2
2026-05-22,Indonesia,Tarahan,Gopalpur,Handysize,Coal,12145.9,628.23,137.866,99.0,56.0,52.56,4200.0,318.2
2026-05-29,Indonesia,Tarahan,Gopalpur,Handysize,Coal,12053.52,629.73,138.111,96.45,36.09,40.68,4200.0,318.2
2026-06-05,Indonesia,Tarahan,Gopalpur,Handysize,Coal,11914.18,617.53,134.352,99.0,42.4,43.13,4200.0,318.2
2026-06-12,Indonesia,Tarahan,Gopalpur,Handysize,Coal,12734.41,618.21,134.51,99.0,33.38,22.72,4200.0,318.2
2026-06-19,Indonesia,Tarahan,Gopalpur,Handysize,Coal,12290.21,618.08,134.752,98.81,31.5,35.67,4200.0,318.2
2026-06-26,Indonesia,Tarahan,Gopalpur,Handysize,Coal,12262.88,618.4,135.023,90.08,28.98,42.06,4200.0,318.2
2026-07-03,Indonesia,Tarahan,Gopalpur,Handysize,Coal,11408.98,601.57,129.684,99.0,56.0,30.51,4200.0,318.2
2026-07-10,Indonesia,Tarahan,Gopalpur,Handysize,Coal,11543.99,601.02,129.969,99.0,28.18,40.25,4200.0,318.2
2026-07-17,Indonesia,Tarahan,Gopalpur,Handysize,Coal,11469.69,601.11,130.204,97.23,31.28,32.55,4200.0,318.2
2026-07-24,Indonesia,Tarahan,Gopalpur,Handysize,Coal,11469.78,602.42,130.401,97.71,38.11,46.52,4200.0,318.2
2026-07-31,Indonesia,Tarahan,Gopalpur,Handysize,Coal,10944.03,602.02,130.602,99.0,49.99,34.25,4200.0,318.2
2026-08-07,Indonesia,Tarahan,Gopalpur,Handysize,Coal,10601.68,584.19,125.218,99.0,35.86,34.88,4200.0,318.2
2026-08-14,Indonesia,Tarahan,Gopalpur,Handysize,Coal,10320.38,584.71,125.37,96.19,37.46,39.5,4200.0,318.2
2026-08-21,Indonesia,Tarahan,Gopalpur,Handysize,Coal,10079.02,585.47,125.56,97.75,36.64,34.74,4200.0,318.2
2026-08-28,Indonesia,Tarahan,Gopalpur,Handysize,Coal,9932.42,585.48,125.753,90.65,21.84,34.27,4200.0,318.2
2026-09-04,Indonesia,Tarahan,Gopalpur,Handysize,Coal,10107.74,572.21,121.815,80.93,15.23,42.8,4200.0,318.2
2026-09-11,Indonesia,Tarahan,Gopalpur,Handysize,Coal,10321.89,571.78,122.068,82.01,31.92,46.12,4200.0,318.2
2026-09-18,Indonesia,Tarahan,Gopalpur,Handysize,Coal,9927.7,572.1,122.256,78.7,21.43,47.69,4200.0,318.2
2026-09-25,Indonesia,Tarahan,Gopalpur,Handysize,Coal,9810.85,572.51,122.483,77.81,32.26,34.26,4200.0,318.2
2023-01-06,Indonesia,Tarahan,Gopalpur,Handysize,Limestone,8889.88,519.44,99.953,66.0,15.74,41.07,4200.0,318.2
2023-01-13,Indonesia,Tarahan,Gopalpur,Handysize,Limestone,8736.52,520.28,100.181,63.32,24.12,29.44,4200.0,318.2
2023-01-20,Indonesia,Tarahan,Gopalpur,Handysize,Limestone,8402.5,521.33,100.291,63.96,26.95,38.98,4200.0,318.2
2023-01-27,Indonesia,Tarahan,Gopalpur,Handysize,Limestone,8716.21,521.82,100.457,63.18,18.6,37.17,4200.0,318.2
2023-02-03,Indonesia,Tarahan,Gopalpur,Handysize,Limestone,8904.08,537.32,104.842,66.93,17.58,30.9,4200.0,318.2
2023-02-10,Indonesia,Tarahan,Gopalpur,Handysize,Limestone,8734.95,538.13,104.936,65.05,17.15,46.64,4200.0,318.2
2023-02-17,Indonesia,Tarahan,Gopalpur,Handysize,Limestone,8530.79,538.09,105.124,64.08,23.78,40.96,4200.0,318.2
2023-02-24,Indonesia,Tarahan,Gopalpur,Handysize,Limestone,8507.23,537.62,105.273,66.7,22.17,38.4,4200.0,318.2
2023-03-03,Indonesia,Tarahan,Gopalpur,Handysize,Limestone,8780.2,550.04,108.663,78.61,22.13,51.2,4200.0,318.2
2023-03-10,Indonesia,Tarahan,Gopalpur,Handysize,Limestone,9488.17,550.18,108.807,71.61,30.61,37.13,4200.0,318.2
2023-03-17,Indonesia,Tarahan,Gopalpur,Handysize,Limestone,9517.09,550.8,108.961,67.55,32.62,43.67,4200.0,318.2
2023-03-24,Indonesia,Tarahan,Gopalpur,Handysize,Limestone,8688.5,551.13,109.087,66.71,15.03,37.86,4200.0,318.2
2023-03-31,Indonesia,Tarahan,Gopalpur,Handysize,Limestone,8890.89,551.86,109.273,60.72,22.84,47.2,4200.0,318.2
2023-04-07,Indonesia,Tarahan,Gopalpur,Handysize,Limestone,9482.05,556.7,110.633,67.03,27.17,38.69,4200.0,318.2
2023-04-14,Indonesia,Tarahan,Gopalpur,Handysize,Limestone,8899.43,557.28,110.782,76.37,25.73,43.95,4200.0,318.2
2023-04-21,Indonesia,Tarahan,Gopalpur,Handysize,Limestone,8730.92,557.72,110.927,81.8,33.08,47.62,4200.0,318.2
2023-04-28,Indonesia,Tarahan,Gopalpur,Handysize,Limestone,8848.17,557.74,111.121,86.03,39.09,32.41,4200.0,318.2
2023-05-05,Indonesia,Tarahan,Gopalpur,Handysize,Limestone,9045.98,554.54,110.187,94.99,33.47,35.86,4200.0,318.2
2023-05-12,Indonesia,Tarahan,Gopalpur,Handysize,Limestone,8839.51,555.82,110.331,82.03,29.68,38.82,4200.0,318.2
2023-05-19,Indonesia,Tarahan,Gopalpur,Handysize,Limestone,8777.48,556.04,110.489,92.19,33.11,44.39,4200.0,318.2
2023-05-26,Indonesia,Tarahan,Gopalpur,Handysize,Limestone,8631.38,556.56,110.636,86.71,31.38,36.47,4200.0,318.2
2023-06-02,Indonesia,Tarahan,Gopalpur,Handysize,Limestone,8614.3,545.41,107.547,93.92,41.55,34.22,4200.0,318.2
2023-06-09,Indonesia,Tarahan,Gopalpur,Handysize,Limestone,8667.23,545.93,107.673,81.34,32.42,43.69,4200.0,318.2
2023-06-16,Indonesia,Tarahan,Gopalpur,Handysize,Limestone,8485.48,545.73,107.857,80.16,33.78,55.61,4200.0,318.2
2023-06-23,Indonesia,Tarahan,Gopalpur,Handysize,Limestone,8621.55,546.48,108.051,82.53,36.02,37.8,4200.0,318.2
2023-06-30,Indonesia,Tarahan,Gopalpur,Handysize,Limestone,8922.35,546.8,108.217,87.62,50.71,27.43,4200.0,318.2
2023-07-07,Indonesia,Tarahan,Gopalpur,Handysize,Limestone,8168.84,532.29,103.935,91.75,19.69,31.25,4200.0,318.2
2023-07-14,Indonesia,Tarahan,Gopalpur,Handysize,Limestone,8278.75,533.63,104.072,93.24,28.19,44.93,4200.0,318.2
2023-07-21,Indonesia,Tarahan,Gopalpur,Handysize,Limestone,8377.29,533.88,104.234,79.12,26.37,30.76,4200.0,318.2
2023-07-28,Indonesia,Tarahan,Gopalpur,Handysize,Limestone,8764.1,534.23,104.435,81.25,38.18,33.47,4200.0,318.2
2023-08-04,Indonesia,Tarahan,Gopalpur,Handysize,Limestone,8280.98,519.06,100.091,86.27,22.44,35.05,4200.0,318.2
2023-08-11,Indonesia,Tarahan,Gopalpur,Handysize,Limestone,8540.23,519.47,100.282,91.64,27.31,42.86,4200.0,318.2
2023-08-18,Indonesia,Tarahan,Gopalpur,Handysize,Limestone,8608.25,520.39,100.464,99.0,45.32,35.77,4200.0,318.2
2023-08-25,Indonesia,Tarahan,Gopalpur,Handysize,Limestone,8494.66,520.38,100.59,99.0,42.68,32.42,4200.0,318.2
2023-09-01,Indonesia,Tarahan,Gopalpur,Handysize,Limestone,8684.19,509.19,97.473,98.12,35.38,36.7,4200.0,318.2
2023-09-08,Indonesia,Tarahan,Gopalpur,Handysize,Limestone,8261.99,510.0,97.607,95.75,35.28,40.68,4200.0,318.2
2023-09-15,Indonesia,Tarahan,Gopalpur,Handysize,Limestone,8180.17,510.38,97.757,96.21,35.53,34.07,4200.0,318.2
2023-09-22,Indonesia,Tarahan,Gopalpur,Handysize,Limestone,8371.46,510.84,97.906,88.33,32.83,42.22,4200.0,318.2
2023-09-29,Indonesia,Tarahan,Gopalpur,Handysize,Limestone,8730.18,511.63,98.025,90.55,29.13,41.72,4200.0,318.2
2023-10-06,Indonesia,Tarahan,Gopalpur,Handysize,Limestone,8835.17,508.2,97.005,83.71,28.48,42.08,4200.0,318.2
2023-10-13,Indonesia,Tarahan,Gopalpur,Handysize,Limestone,9255.04,508.88,97.232,91.33,30.32,39.4,4200.0,318.2
2023-10-20,Indonesia,Tarahan,Gopalpur,Handysize,Limestone,9241.1,509.12,97.428,98.94,32.29,37.24,4200.0,318.2
2023-10-27,Indonesia,Tarahan,Gopalpur,Handysize,Limestone,9411.48,509.52,97.6,99.0,33.55,42.29,4200.0,318.2
2023-11-03,Indonesia,Tarahan,Gopalpur,Handysize,Limestone,10046.13,514.1,98.945,97.65,46.54,32.99,4200.0,318.2
2023-11-10,Indonesia,Tarahan,Gopalpur,Handysize,Limestone,9229.82,514.58,99.043,99.0,16.69,42.85,4200.0,318.2
2023-11-17,Indonesia,Tarahan,Gopalpur,Handysize,Limestone,9542.72,515.08,99.222,98.45,36.22,32.63,4200.0,318.2
2023-11-24,Indonesia,Tarahan,Gopalpur,Handysize,Limestone,9574.0,514.17,99.396,89.58,41.35,47.06,4200.0,318.2
2023-12-01,Indonesia,Tarahan,Gopalpur,Handysize,Limestone,9354.35,527.15,102.902,68.9,15.71,45.74,4200.0,318.2
2023-12-08,Indonesia,Tarahan,Gopalpur,Handysize,Limestone,9382.08,527.21,103.013,69.72,27.97,41.06,4200.0,318.2
2023-12-15,Indonesia,Tarahan,Gopalpur,Handysize,Limestone,9154.37,527.02,103.146,82.55,29.22,35.87,4200.0,318.2
2023-12-22,Indonesia,Tarahan,Gopalpur,Handysize,Limestone,9152.57,527.39,103.305,94.27,28.25,36.81,4200.0,318.2
2023-12-29,Indonesia,Tarahan,Gopalpur,Handysize,Limestone,8713.38,527.45,103.441,97.44,36.52,37.22,4200.0,318.2
2024-01-05,Indonesia,Tarahan,Gopalpur,Handysize,Limestone,8381.69,544.11,108.183,89.5,33.53,38.36,4200.0,318.2
2024-01-12,Indonesia,Tarahan,Gopalpur,Handysize,Limestone,7765.41,544.23,108.39,92.03,32.95,36.41,4200.0,318.2
2024-01-19,Indonesia,Tarahan,Gopalpur,Handysize,Limestone,8001.69,544.9,108.553,86.94,45.96,36.04,4200.0,318.2
2024-01-26,Indonesia,Tarahan,Gopalpur,Handysize,Limestone,7852.16,545.86,108.66,91.15,27.48,33.97,4200.0,318.2
2024-02-02,Indonesia,Tarahan,Gopalpur,Handysize,Limestone,7811.19,560.88,113.443,82.91,27.08,33.5,4200.0,318.2
2024-02-09,Indonesia,Tarahan,Gopalpur,Handysize,Limestone,8341.48,561.27,113.508,78.27,31.06,39.0,4200.0,318.2
2024-02-16,Indonesia,Tarahan,Gopalpur,Handysize,Limestone,8164.35,561.54,113.732,87.43,25.89,47.51,4200.0,318.2
2024-02-23,Indonesia,Tarahan,Gopalpur,Handysize,Limestone,8653.77,561.47,113.906,81.09,25.43,29.19,4200.0,318.2
2024-03-01,Indonesia,Tarahan,Gopalpur,Handysize,Limestone,9095.02,573.69,117.508,80.31,27.42,40.89,4200.0,318.2
2024-03-08,Indonesia,Tarahan,Gopalpur,Handysize,Limestone,9013.05,573.98,117.586,75.95,21.93,25.61,4200.0,318.2
2024-03-15,Indonesia,Tarahan,Gopalpur,Handysize,Limestone,9346.35,575.21,117.738,80.97,44.78,43.03,4200.0,318.2
2024-03-22,Indonesia,Tarahan,Gopalpur,Handysize,Limestone,9318.82,575.06,117.953,84.03,27.4,38.05,4200.0,318.2
2024-03-29,Indonesia,Tarahan,Gopalpur,Handysize,Limestone,9041.2,575.25,117.989,87.56,32.01,37.65,4200.0,318.2
2024-04-05,Indonesia,Tarahan,Gopalpur,Handysize,Limestone,9373.83,580.3,119.378,90.88,31.23,52.35,4200.0,318.2
2024-04-12,Indonesia,Tarahan,Gopalpur,Handysize,Limestone,10016.51,580.8,119.451,96.93,32.24,44.57,4200.0,318.2
2024-04-19,Indonesia,Tarahan,Gopalpur,Handysize,Limestone,9912.92,580.53,119.616,99.0,34.07,38.17,4200.0,318.2
2024-04-26,Indonesia,Tarahan,Gopalpur,Handysize,Limestone,9982.44,582.32,119.809,89.29,36.58,47.01,4200.0,318.2
2024-05-03,Indonesia,Tarahan,Gopalpur,Handysize,Limestone,10648.34,577.86,118.651,91.48,26.3,36.82,4200.0,318.2
2024-05-10,Indonesia,Tarahan,Gopalpur,Handysize,Limestone,10504.36,577.33,118.872,97.8,32.25,44.43,4200.0,318.2
2024-05-17,Indonesia,Tarahan,Gopalpur,Handysize,Limestone,11040.87,576.78,119.112,94.24,42.99,51.83,4200.0,318.2
2024-05-24,Indonesia,Tarahan,Gopalpur,Handysize,Limestone,11057.6,577.82,119.319,94.9,35.68,50.69,4200.0,318.2
2024-05-31,Indonesia,Tarahan,Gopalpur,Handysize,Limestone,10548.45,577.43,119.443,97.99,31.57,38.25,4200.0,318.2
2024-06-07,Indonesia,Tarahan,Gopalpur,Handysize,Limestone,10605.63,566.46,116.203,96.78,45.11,31.72,4200.0,318.2
2024-06-14,Indonesia,Tarahan,Gopalpur,Handysize,Limestone,10475.16,566.7,116.424,87.48,40.13,34.24,4200.0,318.2
2024-06-21,Indonesia,Tarahan,Gopalpur,Handysize,Limestone,10771.0,566.87,116.559,94.24,43.56,44.3,4200.0,318.2
2024-06-28,Indonesia,Tarahan,Gopalpur,Handysize,Limestone,10509.06,567.45,116.755,92.46,39.22,30.49,4200.0,318.2
2024-07-05,Indonesia,Tarahan,Gopalpur,Handysize,Limestone,9628.26,551.08,112.143,91.04,37.45,37.72,4200.0,318.2
2024-07-12,Indonesia,Tarahan,Gopalpur,Handysize,Limestone,9518.64,551.81,112.386,75.84,40.13,35.28,4200.0,318.2
2024-07-19,Indonesia,Tarahan,Gopalpur,Handysize,Limestone,9645.56,552.63,112.618,74.35,22.37,25.48,4200.0,318.2
2024-07-26,Indonesia,Tarahan,Gopalpur,Handysize,Limestone,10126.77,553.89,112.737,68.28,27.84,34.79,4200.0,318.2
2024-08-02,Indonesia,Tarahan,Gopalpur,Handysize,Limestone,9772.19,537.93,108.097,70.4,25.26,35.86,4200.0,318.2
2024-08-09,Indonesia,Tarahan,Gopalpur,Handysize,Limestone,9678.06,538.93,108.291,81.86,34.73,44.61,4200.0,318.2
2024-08-16,Indonesia,Tarahan,Gopalpur,Handysize,Limestone,9779.83,538.68,108.429,82.61,13.9,41.44,4200.0,318.2
2024-08-23,Indonesia,Tarahan,Gopalpur,Handysize,Limestone,10595.99,538.21,108.63,77.66,27.82,36.42,4200.0,318.2
2024-08-30,Indonesia,Tarahan,Gopalpur,Handysize,Limestone,10377.6,538.54,108.875,88.37,20.82,42.78,4200.0,318.2
2024-09-06,Indonesia,Tarahan,Gopalpur,Handysize,Limestone,11004.12,526.33,105.496,74.68,13.52,46.83,4200.0,318.2
2024-09-13,Indonesia,Tarahan,Gopalpur,Handysize,Limestone,11062.52,526.75,105.559,73.79,30.83,55.45,4200.0,318.2
2024-09-20,Indonesia,Tarahan,Gopalpur,Handysize,Limestone,11379.84,527.35,105.712,70.37,22.44,34.84,4200.0,318.2
2024-09-27,Indonesia,Tarahan,Gopalpur,Handysize,Limestone,11335.05,528.52,105.961,68.52,34.26,34.39,4200.0,318.2
2024-10-04,Indonesia,Tarahan,Gopalpur,Handysize,Limestone,11564.61,525.36,104.828,65.1,30.06,38.0,4200.0,318.2
2024-10-11,Indonesia,Tarahan,Gopalpur,Handysize,Limestone,11279.54,525.17,104.937,64.15,6.42,37.44,4200.0,318.2
2024-10-18,Indonesia,Tarahan,Gopalpur,Handysize,Limestone,11163.76,524.63,105.099,68.99,37.05,45.18,4200.0,318.2
2024-10-25,Indonesia,Tarahan,Gopalpur,Handysize,Limestone,10702.58,524.91,105.193,78.88,16.33,47.11,4200.0,318.2
2024-11-01,Indonesia,Tarahan,Gopalpur,Handysize,Limestone,11201.36,530.26,106.64,80.37,32.2,43.6,4200.0,318.2
2024-11-08,Indonesia,Tarahan,Gopalpur,Handysize,Limestone,11481.05,531.01,106.817,79.48,20.38,33.18,4200.0,318.2
2024-11-15,Indonesia,Tarahan,Gopalpur,Handysize,Limestone,11555.41,531.08,107.0,83.14,17.8,38.46,4200.0,318.2
2024-11-22,Indonesia,Tarahan,Gopalpur,Handysize,Limestone,11497.5,531.54,107.099,94.99,26.4,43.45,4200.0,318.2
2024-11-29,Indonesia,Tarahan,Gopalpur,Handysize,Limestone,11574.97,531.3,107.256,83.35,37.35,42.79,4200.0,318.2
2024-12-06,Indonesia,Tarahan,Gopalpur,Handysize,Limestone,10997.91,544.72,110.972,77.18,42.42,37.62,4200.0,318.2
2024-12-13,Indonesia,Tarahan,Gopalpur,Handysize,Limestone,10758.42,545.5,111.069,79.12,20.32,42.27,4200.0,318.2
2024-12-20,Indonesia,Tarahan,Gopalpur,Handysize,Limestone,10575.85,545.41,111.28,79.84,30.92,40.36,4200.0,318.2
2024-12-27,Indonesia,Tarahan,Gopalpur,Handysize,Limestone,10916.87,545.35,111.403,74.6,33.08,37.07,4200.0,318.2
2025-01-03,Indonesia,Tarahan,Gopalpur,Handysize,Limestone,10835.23,562.67,116.466,67.31,35.17,35.25,4200.0,318.2
2025-01-10,Indonesia,Tarahan,Gopalpur,Handysize,Limestone,10471.36,564.21,116.576,64.8,21.55,32.4,4200.0,318.2
2025-01-17,Indonesia,Tarahan,Gopalpur,Handysize,Limestone,10596.98,564.36,116.642,60.59,19.58,35.35,4200.0,318.2
2025-01-24,Indonesia,Tarahan,Gopalpur,Handysize,Limestone,10586.58,564.76,116.896,65.83,20.12,36.2,4200.0,318.2
2025-01-31,Indonesia,Tarahan,Gopalpur,Handysize,Limestone,10446.4,564.98,117.171,69.38,25.27,27.48,4200.0,318.2
2025-02-07,Indonesia,Tarahan,Gopalpur,Handysize,Limestone,10061.6,582.12,122.351,71.15,27.35,36.43,4200.0,318.2
2025-02-14,Indonesia,Tarahan,Gopalpur,Handysize,Limestone,10000.83,582.6,122.541,84.51,27.36,37.25,4200.0,318.2
2025-02-21,Indonesia,Tarahan,Gopalpur,Handysize,Limestone,10409.51,582.52,122.748,82.86,28.69,35.31,4200.0,318.2
2025-02-28,Indonesia,Tarahan,Gopalpur,Handysize,Limestone,10242.46,583.03,122.945,88.44,28.08,37.68,4200.0,318.2
2025-03-07,Indonesia,Tarahan,Gopalpur,Handysize,Limestone,10615.78,595.82,126.87,88.51,33.98,45.79,4200.0,318.2
2025-03-14,Indonesia,Tarahan,Gopalpur,Handysize,Limestone,10510.64,596.01,127.049,88.9,32.92,46.73,4200.0,318.2
2025-03-21,Indonesia,Tarahan,Gopalpur,Handysize,Limestone,10593.74,597.42,127.153,85.85,31.25,36.13,4200.0,318.2
2025-03-28,Indonesia,Tarahan,Gopalpur,Handysize,Limestone,10496.59,598.46,127.253,93.13,32.83,39.06,4200.0,318.2
2025-04-04,Indonesia,Tarahan,Gopalpur,Handysize,Limestone,10861.78,602.6,128.664,99.0,39.75,39.16,4200.0,318.2
2025-04-11,Indonesia,Tarahan,Gopalpur,Handysize,Limestone,11245.04,602.95,128.854,86.61,20.92,42.09,4200.0,318.2
2025-04-18,Indonesia,Tarahan,Gopalpur,Handysize,Limestone,11075.38,603.34,128.987,85.55,30.86,60.25,4200.0,318.2
2025-04-25,Indonesia,Tarahan,Gopalpur,Handysize,Limestone,10959.66,604.73,129.167,99.0,38.94,39.83,4200.0,318.2
2025-05-02,Indonesia,Tarahan,Gopalpur,Handysize,Limestone,11487.08,601.49,127.919,98.65,34.0,30.18,4200.0,318.2
2025-05-09,Indonesia,Tarahan,Gopalpur,Handysize,Limestone,11439.16,601.84,128.075,92.46,22.0,42.36,4200.0,318.2
2025-05-16,Indonesia,Tarahan,Gopalpur,Handysize,Limestone,11616.94,602.97,128.335,94.17,32.79,43.84,4200.0,318.2
2025-05-23,Indonesia,Tarahan,Gopalpur,Handysize,Limestone,12089.19,603.92,128.527,91.04,38.15,39.14,4200.0,318.2
2025-05-30,Indonesia,Tarahan,Gopalpur,Handysize,Limestone,12048.01,604.3,128.698,92.89,35.5,41.27,4200.0,318.2
2025-06-06,Indonesia,Tarahan,Gopalpur,Handysize,Limestone,11501.83,592.35,125.199,99.0,43.11,43.5,4200.0,318.2
2025-06-13,Indonesia,Tarahan,Gopalpur,Handysize,Limestone,11150.02,593.53,125.294,99.0,44.14,43.61,4200.0,318.2
2025-06-20,Indonesia,Tarahan,Gopalpur,Handysize,Limestone,11377.2,595.44,125.535,99.0,41.68,23.87,4200.0,318.2
2025-06-27,Indonesia,Tarahan,Gopalpur,Handysize,Limestone,10908.74,596.43,125.688,99.0,33.15,30.5,4200.0,318.2
2025-07-04,Indonesia,Tarahan,Gopalpur,Handysize,Limestone,10247.8,580.39,120.7,93.21,42.2,25.89,4200.0,318.2
2025-07-11,Indonesia,Tarahan,Gopalpur,Handysize,Limestone,10504.55,580.91,120.842,94.58,38.1,28.1,4200.0,318.2
2025-07-18,Indonesia,Tarahan,Gopalpur,Handysize,Limestone,10627.96,580.77,121.048,90.91,30.56,37.55,4200.0,318.2
2025-07-25,Indonesia,Tarahan,Gopalpur,Handysize,Limestone,10908.79,580.35,121.223,96.17,33.7,33.11,4200.0,318.2
2025-08-01,Indonesia,Tarahan,Gopalpur,Handysize,Limestone,10658.17,563.36,116.239,96.32,40.34,31.66,4200.0,318.2
2025-08-08,Indonesia,Tarahan,Gopalpur,Handysize,Limestone,10556.24,564.22,116.402,98.98,48.81,44.96,4200.0,318.2
2025-08-15,Indonesia,Tarahan,Gopalpur,Handysize,Limestone,10850.16,563.54,116.552,92.22,46.98,39.03,4200.0,318.2
2025-08-22,Indonesia,Tarahan,Gopalpur,Handysize,Limestone,10720.18,563.04,116.689,84.43,29.08,30.46,4200.0,318.2
2025-08-29,Indonesia,Tarahan,Gopalpur,Handysize,Limestone,10626.47,563.86,116.796,90.64,43.83,42.45,4200.0,318.2
2025-09-05,Indonesia,Tarahan,Gopalpur,Handysize,Limestone,10653.03,551.41,113.114,86.85,30.94,48.94,4200.0,318.2
2025-09-12,Indonesia,Tarahan,Gopalpur,Handysize,Limestone,10677.64,551.52,113.273,80.39,26.95,41.11,4200.0,318.2
2025-09-19,Indonesia,Tarahan,Gopalpur,Handysize,Limestone,10466.62,551.47,113.419,80.31,27.6,41.06,4200.0,318.2
2025-09-26,Indonesia,Tarahan,Gopalpur,Handysize,Limestone,10337.93,551.78,113.621,77.56,38.39,40.65,4200.0,318.2
2025-10-03,Indonesia,Tarahan,Gopalpur,Handysize,Limestone,11515.0,547.61,112.37,62.61,38.54,37.1,4200.0,318.2
2025-10-10,Indonesia,Tarahan,Gopalpur,Handysize,Limestone,11079.77,548.11,112.523,60.19,9.95,34.33,4200.0,318.2
2025-10-17,Indonesia,Tarahan,Gopalpur,Handysize,Limestone,11337.04,549.56,112.722,65.39,16.89,34.85,4200.0,318.2
2025-10-24,Indonesia,Tarahan,Gopalpur,Handysize,Limestone,11316.39,549.07,112.875,71.62,22.38,34.97,4200.0,318.2
2025-10-31,Indonesia,Tarahan,Gopalpur,Handysize,Limestone,10952.27,551.01,113.111,81.78,19.71,31.91,4200.0,318.2
2025-11-07,Indonesia,Tarahan,Gopalpur,Handysize,Limestone,11700.36,555.99,114.727,84.15,34.29,43.55,4200.0,318.2
2025-11-14,Indonesia,Tarahan,Gopalpur,Handysize,Limestone,11584.64,556.79,114.869,86.41,38.89,38.03,4200.0,318.2
2025-11-21,Indonesia,Tarahan,Gopalpur,Handysize,Limestone,11386.47,557.25,115.01,91.28,42.62,32.28,4200.0,318.2
2025-11-28,Indonesia,Tarahan,Gopalpur,Handysize,Limestone,11047.11,557.34,115.167,93.6,25.71,46.24,4200.0,318.2
2025-12-05,Indonesia,Tarahan,Gopalpur,Handysize,Limestone,10365.99,570.38,119.179,83.0,29.28,39.34,4200.0,318.2
2025-12-12,Indonesia,Tarahan,Gopalpur,Handysize,Limestone,10786.42,569.95,119.268,80.03,34.63,43.94,4200.0,318.2
2025-12-19,Indonesia,Tarahan,Gopalpur,Handysize,Limestone,10908.35,571.27,119.494,71.06,37.2,32.65,4200.0,318.2
2025-12-26,Indonesia,Tarahan,Gopalpur,Handysize,Limestone,10767.86,571.74,119.623,69.21,20.75,41.1,4200.0,318.2
2026-01-02,Indonesia,Tarahan,Gopalpur,Handysize,Limestone,10604.56,590.07,125.104,61.54,24.43,43.3,4200.0,318.2
2026-01-09,Indonesia,Tarahan,Gopalpur,Handysize,Limestone,10693.54,590.75,125.166,56.89,20.56,31.57,4200.0,318.2
2026-01-16,Indonesia,Tarahan,Gopalpur,Handysize,Limestone,10627.02,592.22,125.356,60.96,25.79,30.62,4200.0,318.2
2026-01-23,Indonesia,Tarahan,Gopalpur,Handysize,Limestone,10781.26,592.95,125.509,57.42,14.77,35.17,4200.0,318.2
2026-01-30,Indonesia,Tarahan,Gopalpur,Handysize,Limestone,10673.86,593.53,125.692,57.64,16.37,32.85,4200.0,318.2
2026-02-06,Indonesia,Tarahan,Gopalpur,Handysize,Limestone,10654.17,611.69,131.166,56.46,17.31,43.82,4200.0,318.2
2026-02-13,Indonesia,Tarahan,Gopalpur,Handysize,Limestone,10434.61,611.21,131.281,60.42,22.89,35.71,4200.0,318.2
2026-02-20,Indonesia,Tarahan,Gopalpur,Handysize,Limestone,10144.85,612.26,131.417,60.32,23.78,38.51,4200.0,318.2
2026-02-27,Indonesia,Tarahan,Gopalpur,Handysize,Limestone,9780.48,612.34,131.637,67.6,26.14,43.91,4200.0,318.2
2026-03-06,Indonesia,Tarahan,Gopalpur,Handysize,Limestone,9897.71,624.88,135.723,67.98,15.26,44.63,4200.0,318.2
2026-03-13,Indonesia,Tarahan,Gopalpur,Handysize,Limestone,10364.56,623.93,135.977,74.62,29.94,36.72,4200.0,318.2
2026-03-20,Indonesia,Tarahan,Gopalpur,Handysize,Limestone,10135.34,623.76,136.192,64.64,16.7,38.75,4200.0,318.2
2026-03-27,Indonesia,Tarahan,Gopalpur,Handysize,Limestone,10477.8,624.36,136.404,69.92,20.3,53.58,4200.0,318.2
2026-04-03,Indonesia,Tarahan,Gopalpur,Handysize,Limestone,11504.51,630.3,138.054,69.28,15.93,47.23,4200.0,318.2
2026-04-10,Indonesia,Tarahan,Gopalpur,Handysize,Limestone,11127.86,630.93,138.323,76.56,38.62,36.02,4200.0,318.2
2026-04-17,Indonesia,Tarahan,Gopalpur,Handysize,Limestone,10896.83,630.89,138.427,82.11,22.85,43.76,4200.0,318.2
2026-04-24,Indonesia,Tarahan,Gopalpur,Handysize,Limestone,10700.52,631.84,138.581,84.9,43.98,33.06,4200.0,318.2
2026-05-01,Indonesia,Tarahan,Gopalpur,Handysize,Limestone,11093.43,627.4,137.284,90.97,28.08,40.04,4200.0,318.2
2026-05-08,Indonesia,Tarahan,Gopalpur,Handysize,Limestone,11225.51,628.03,137.541,94.24,32.22,44.97,4200.0,318.2
2026-05-15,Indonesia,Tarahan,Gopalpur,Handysize,Limestone,10863.43,628.03,137.663,92.64,30.58,35.14,4200.0,318.2
2026-05-22,Indonesia,Tarahan,Gopalpur,Handysize,Limestone,11129.04,628.23,137.866,99.0,56.0,52.56,4200.0,318.2
2026-05-29,Indonesia,Tarahan,Gopalpur,Handysize,Limestone,11125.66,629.73,138.111,96.45,36.09,40.68,4200.0,318.2
2026-06-05,Indonesia,Tarahan,Gopalpur,Handysize,Limestone,11047.7,617.53,134.352,99.0,42.4,43.13,4200.0,318.2
2026-06-12,Indonesia,Tarahan,Gopalpur,Handysize,Limestone,11289.41,618.21,134.51,99.0,33.38,22.72,4200.0,318.2
2026-06-19,Indonesia,Tarahan,Gopalpur,Handysize,Limestone,11274.57,618.08,134.752,98.81,31.5,35.67,4200.0,318.2
2026-06-26,Indonesia,Tarahan,Gopalpur,Handysize,Limestone,10972.34,618.4,135.023,90.08,28.98,42.06,4200.0,318.2
2026-07-03,Indonesia,Tarahan,Gopalpur,Handysize,Limestone,10872.22,601.57,129.684,99.0,56.0,30.51,4200.0,318.2
2026-07-10,Indonesia,Tarahan,Gopalpur,Handysize,Limestone,10686.0,601.02,129.969,99.0,28.18,40.25,4200.0,318.2
2026-07-17,Indonesia,Tarahan,Gopalpur,Handysize,Limestone,10342.6,601.11,130.204,97.23,31.28,32.55,4200.0,318.2
2026-07-24,Indonesia,Tarahan,Gopalpur,Handysize,Limestone,10674.38,602.42,130.401,97.71,38.11,46.52,4200.0,318.2
2026-07-31,Indonesia,Tarahan,Gopalpur,Handysize,Limestone,11038.3,602.02,130.602,99.0,49.99,34.25,4200.0,318.2
2026-08-07,Indonesia,Tarahan,Gopalpur,Handysize,Limestone,10505.03,584.19,125.218,99.0,35.86,34.88,4200.0,318.2
2026-08-14,Indonesia,Tarahan,Gopalpur,Handysize,Limestone,10747.99,584.71,125.37,96.19,37.46,39.5,4200.0,318.2
2026-08-21,Indonesia,Tarahan,Gopalpur,Handysize,Limestone,10736.62,585.47,125.56,97.75,36.64,34.74,4200.0,318.2
2026-08-28,Indonesia,Tarahan,Gopalpur,Handysize,Limestone,10567.51,585.48,125.753,90.65,21.84,34.27,4200.0,318.2
2026-09-04,Indonesia,Tarahan,Gopalpur,Handysize,Limestone,10735.75,572.21,121.815,80.93,15.23,42.8,4200.0,318.2
2026-09-11,Indonesia,Tarahan,Gopalpur,Handysize,Limestone,10983.99,571.78,122.068,82.01,31.92,46.12,4200.0,318.2
2026-09-18,Indonesia,Tarahan,Gopalpur,Handysize,Limestone,10701.32,572.1,122.256,78.7,21.43,47.69,4200.0,318.2
2026-09-25,Indonesia,Tarahan,Gopalpur,Handysize,Limestone,10703.09,572.51,122.483,77.81,32.26,34.26,4200.0,318.2
2023-01-06,Brazil,Tubarao,Paradip,Capesize,Iron Ore,27782.07,519.44,99.953,39.0,28.18,41.07,8900.0,674.2
2023-01-13,Brazil,Tubarao,Paradip,Capesize,Iron Ore,26306.76,520.28,100.181,38.99,33.0,29.44,8900.0,674.2
2023-01-20,Brazil,Tubarao,Paradip,Capesize,Iron Ore,27180.3,521.33,100.291,52.94,22.45,38.98,8900.0,674.2
2023-01-27,Brazil,Tubarao,Paradip,Capesize,Iron Ore,25745.84,521.82,100.457,58.74,23.41,37.17,8900.0,674.2
2023-02-03,Brazil,Tubarao,Paradip,Capesize,Iron Ore,25194.6,537.32,104.842,65.68,30.7,30.9,8900.0,674.2
2023-02-10,Brazil,Tubarao,Paradip,Capesize,Iron Ore,25718.56,538.13,104.936,55.75,29.37,46.64,8900.0,674.2
2023-02-17,Brazil,Tubarao,Paradip,Capesize,Iron Ore,26117.25,538.09,105.124,46.12,27.83,40.96,8900.0,674.2
2023-02-24,Brazil,Tubarao,Paradip,Capesize,Iron Ore,27146.23,537.62,105.273,45.4,32.64,38.4,8900.0,674.2
2023-03-03,Brazil,Tubarao,Paradip,Capesize,Iron Ore,26144.84,550.04,108.663,47.25,19.33,51.2,8900.0,674.2
2023-03-10,Brazil,Tubarao,Paradip,Capesize,Iron Ore,26490.73,550.18,108.807,44.76,17.07,37.13,8900.0,674.2
2023-03-17,Brazil,Tubarao,Paradip,Capesize,Iron Ore,27396.68,550.8,108.961,56.04,20.34,43.67,8900.0,674.2
2023-03-24,Brazil,Tubarao,Paradip,Capesize,Iron Ore,26511.28,551.13,109.087,47.25,22.06,37.86,8900.0,674.2
2023-03-31,Brazil,Tubarao,Paradip,Capesize,Iron Ore,26828.16,551.86,109.273,31.29,3.0,47.2,8900.0,674.2
2023-04-07,Brazil,Tubarao,Paradip,Capesize,Iron Ore,28620.44,556.7,110.633,40.92,28.44,38.69,8900.0,674.2
2023-04-14,Brazil,Tubarao,Paradip,Capesize,Iron Ore,29765.25,557.28,110.782,33.57,21.42,43.95,8900.0,674.2
2023-04-21,Brazil,Tubarao,Paradip,Capesize,Iron Ore,29348.94,557.72,110.927,53.9,20.15,47.62,8900.0,674.2
2023-04-28,Brazil,Tubarao,Paradip,Capesize,Iron Ore,28097.17,557.74,111.121,59.98,34.95,32.41,8900.0,674.2
2023-05-05,Brazil,Tubarao,Paradip,Capesize,Iron Ore,28657.52,554.54,110.187,64.13,44.53,35.86,8900.0,674.2
2023-05-12,Brazil,Tubarao,Paradip,Capesize,Iron Ore,28332.94,555.82,110.331,76.4,34.64,38.82,8900.0,674.2
2023-05-19,Brazil,Tubarao,Paradip,Capesize,Iron Ore,29141.29,556.04,110.489,73.94,22.32,44.39,8900.0,674.2
2023-05-26,Brazil,Tubarao,Paradip,Capesize,Iron Ore,29959.76,556.56,110.636,79.99,41.94,36.47,8900.0,674.2
2023-06-02,Brazil,Tubarao,Paradip,Capesize,Iron Ore,30610.25,545.41,107.547,78.28,49.69,34.22,8900.0,674.2
2023-06-09,Brazil,Tubarao,Paradip,Capesize,Iron Ore,30604.65,545.93,107.673,81.62,39.9,43.69,8900.0,674.2
2023-06-16,Brazil,Tubarao,Paradip,Capesize,Iron Ore,31088.82,545.73,107.857,81.02,38.86,55.61,8900.0,674.2
2023-06-23,Brazil,Tubarao,Paradip,Capesize,Iron Ore,31324.14,546.48,108.051,85.73,38.17,37.8,8900.0,674.2
2023-06-30,Brazil,Tubarao,Paradip,Capesize,Iron Ore,30614.97,546.8,108.217,82.25,47.61,27.43,8900.0,674.2
2023-07-07,Brazil,Tubarao,Paradip,Capesize,Iron Ore,26197.99,532.29,103.935,98.94,52.85,31.25,8900.0,674.2
2023-07-14,Brazil,Tubarao,Paradip,Capesize,Iron Ore,26595.41,533.63,104.072,99.0,53.53,44.93,8900.0,674.2
2023-07-21,Brazil,Tubarao,Paradip,Capesize,Iron Ore,26758.44,533.88,104.234,89.66,49.24,30.76,8900.0,674.2
2023-07-28,Brazil,Tubarao,Paradip,Capesize,Iron Ore,26481.8,534.23,104.435,90.53,34.57,33.47,8900.0,674.2
2023-08-04,Brazil,Tubarao,Paradip,Capesize,Iron Ore,26550.54,519.06,100.091,79.66,27.29,35.05,8900.0,674.2
2023-08-11,Brazil,Tubarao,Paradip,Capesize,Iron Ore,27946.51,519.47,100.282,77.85,41.12,42.86,8900.0,674.2
2023-08-18,Brazil,Tubarao,Paradip,Capesize,Iron Ore,26724.98,520.39,100.464,84.8,29.07,35.77,8900.0,674.2
2023-08-25,Brazil,Tubarao,Paradip,Capesize,Iron Ore,26306.73,520.38,100.59,85.29,36.83,32.42,8900.0,674.2
2023-09-01,Brazil,Tubarao,Paradip,Capesize,Iron Ore,26417.03,509.19,97.473,66.96,29.15,36.7,8900.0,674.2
2023-09-08,Brazil,Tubarao,Paradip,Capesize,Iron Ore,24782.32,510.0,97.607,75.78,27.66,40.68,8900.0,674.2
2023-09-15,Brazil,Tubarao,Paradip,Capesize,Iron Ore,24733.85,510.38,97.757,76.31,43.52,34.07,8900.0,674.2
2023-09-22,Brazil,Tubarao,Paradip,Capesize,Iron Ore,25608.68,510.84,97.906,59.94,28.76,42.22,8900.0,674.2
2023-09-29,Brazil,Tubarao,Paradip,Capesize,Iron Ore,26178.35,511.63,98.025,54.8,31.33,41.72,8900.0,674.2
2023-10-06,Brazil,Tubarao,Paradip,Capesize,Iron Ore,26730.38,508.2,97.005,57.93,30.11,42.08,8900.0,674.2
2023-10-13,Brazil,Tubarao,Paradip,Capesize,Iron Ore,26580.3,508.88,97.232,63.35,37.89,39.4,8900.0,674.2
2023-10-20,Brazil,Tubarao,Paradip,Capesize,Iron Ore,25691.19,509.12,97.428,76.14,36.4,37.24,8900.0,674.2
2023-10-27,Brazil,Tubarao,Paradip,Capesize,Iron Ore,27529.23,509.52,97.6,58.46,29.61,42.29,8900.0,674.2
2023-11-03,Brazil,Tubarao,Paradip,Capesize,Iron Ore,29718.3,514.1,98.945,42.07,26.55,32.99,8900.0,674.2
2023-11-10,Brazil,Tubarao,Paradip,Capesize,Iron Ore,30169.15,514.58,99.043,25.73,16.49,42.85,8900.0,674.2
2023-11-17,Brazil,Tubarao,Paradip,Capesize,Iron Ore,28767.07,515.08,99.222,34.61,29.5,32.63,8900.0,674.2
2023-11-24,Brazil,Tubarao,Paradip,Capesize,Iron Ore,28088.9,514.17,99.396,42.86,21.79,47.06,8900.0,674.2
2023-12-01,Brazil,Tubarao,Paradip,Capesize,Iron Ore,27442.22,527.15,102.902,38.5,26.04,45.74,8900.0,674.2
2023-12-08,Brazil,Tubarao,Paradip,Capesize,Iron Ore,28821.98,527.21,103.013,40.91,30.67,41.06,8900.0,674.2
2023-12-15,Brazil,Tubarao,Paradip,Capesize,Iron Ore,29904.17,527.02,103.146,48.78,18.41,35.87,8900.0,674.2
2023-12-22,Brazil,Tubarao,Paradip,Capesize,Iron Ore,29955.49,527.39,103.305,64.05,31.87,36.81,8900.0,674.2
2023-12-29,Brazil,Tubarao,Paradip,Capesize,Iron Ore,29998.41,527.45,103.441,63.96,28.95,37.22,8900.0,674.2
2024-01-05,Brazil,Tubarao,Paradip,Capesize,Iron Ore,29425.74,544.11,108.183,50.78,28.98,38.36,8900.0,674.2
2024-01-12,Brazil,Tubarao,Paradip,Capesize,Iron Ore,28910.86,544.23,108.39,49.6,15.19,36.41,8900.0,674.2
2024-01-19,Brazil,Tubarao,Paradip,Capesize,Iron Ore,29245.36,544.9,108.553,50.07,34.8,36.04,8900.0,674.2
2024-01-26,Brazil,Tubarao,Paradip,Capesize,Iron Ore,28197.32,545.86,108.66,44.95,30.69,33.97,8900.0,674.2
2024-02-02,Brazil,Tubarao,Paradip,Capesize,Iron Ore,28557.94,560.88,113.443,54.09,26.16,33.5,8900.0,674.2
2024-02-09,Brazil,Tubarao,Paradip,Capesize,Iron Ore,28922.39,561.27,113.508,58.03,39.48,39.0,8900.0,674.2
2024-02-16,Brazil,Tubarao,Paradip,Capesize,Iron Ore,28454.42,561.54,113.732,45.17,20.66,47.51,8900.0,674.2
2024-02-23,Brazil,Tubarao,Paradip,Capesize,Iron Ore,27353.25,561.47,113.906,51.66,21.82,29.19,8900.0,674.2
2024-03-01,Brazil,Tubarao,Paradip,Capesize,Iron Ore,28148.8,573.69,117.508,69.36,31.24,40.89,8900.0,674.2
2024-03-08,Brazil,Tubarao,Paradip,Capesize,Iron Ore,27603.21,573.98,117.586,78.17,32.02,25.61,8900.0,674.2
2024-03-15,Brazil,Tubarao,Paradip,Capesize,Iron Ore,27746.29,575.21,117.738,77.28,37.5,43.03,8900.0,674.2
2024-03-22,Brazil,Tubarao,Paradip,Capesize,Iron Ore,27928.5,575.06,117.953,79.5,37.22,38.05,8900.0,674.2
2024-03-29,Brazil,Tubarao,Paradip,Capesize,Iron Ore,28328.98,575.25,117.989,72.98,36.41,37.65,8900.0,674.2
2024-04-05,Brazil,Tubarao,Paradip,Capesize,Iron Ore,29973.86,580.3,119.378,72.45,33.04,52.35,8900.0,674.2
2024-04-12,Brazil,Tubarao,Paradip,Capesize,Iron Ore,29495.28,580.8,119.451,68.59,40.25,44.57,8900.0,674.2
2024-04-19,Brazil,Tubarao,Paradip,Capesize,Iron Ore,30308.05,580.53,119.616,65.38,29.44,38.17,8900.0,674.2
2024-04-26,Brazil,Tubarao,Paradip,Capesize,Iron Ore,29139.09,582.32,119.809,49.36,20.73,47.01,8900.0,674.2
2024-05-03,Brazil,Tubarao,Paradip,Capesize,Iron Ore,31001.17,577.86,118.651,51.93,18.85,36.82,8900.0,674.2
2024-05-10,Brazil,Tubarao,Paradip,Capesize,Iron Ore,30377.13,577.33,118.872,37.65,20.35,44.43,8900.0,674.2
2024-05-17,Brazil,Tubarao,Paradip,Capesize,Iron Ore,29945.02,576.78,119.112,32.87,19.49,51.83,8900.0,674.2
2024-05-24,Brazil,Tubarao,Paradip,Capesize,Iron Ore,30603.9,577.82,119.319,39.11,21.33,50.69,8900.0,674.2
2024-05-31,Brazil,Tubarao,Paradip,Capesize,Iron Ore,30412.7,577.43,119.443,42.46,30.55,38.25,8900.0,674.2
2024-06-07,Brazil,Tubarao,Paradip,Capesize,Iron Ore,28322.03,566.46,116.203,55.51,30.49,31.72,8900.0,674.2
2024-06-14,Brazil,Tubarao,Paradip,Capesize,Iron Ore,28023.87,566.7,116.424,64.95,33.44,34.24,8900.0,674.2
2024-06-21,Brazil,Tubarao,Paradip,Capesize,Iron Ore,27960.57,566.87,116.559,52.23,26.4,44.3,8900.0,674.2
2024-06-28,Brazil,Tubarao,Paradip,Capesize,Iron Ore,27429.98,567.45,116.755,49.71,25.32,30.49,8900.0,674.2
2024-07-05,Brazil,Tubarao,Paradip,Capesize,Iron Ore,24425.01,551.08,112.143,51.76,24.16,37.72,8900.0,674.2
2024-07-12,Brazil,Tubarao,Paradip,Capesize,Iron Ore,24018.75,551.81,112.386,61.6,31.71,35.28,8900.0,674.2
2024-07-19,Brazil,Tubarao,Paradip,Capesize,Iron Ore,23778.46,552.63,112.618,78.16,26.03,25.48,8900.0,674.2
2024-07-26,Brazil,Tubarao,Paradip,Capesize,Iron Ore,24337.94,553.89,112.737,75.59,39.17,34.79,8900.0,674.2
2024-08-02,Brazil,Tubarao,Paradip,Capesize,Iron Ore,23918.37,537.93,108.097,84.44,45.48,35.86,8900.0,674.2
2024-08-09,Brazil,Tubarao,Paradip,Capesize,Iron Ore,23620.88,538.93,108.291,76.49,41.84,44.61,8900.0,674.2
2024-08-16,Brazil,Tubarao,Paradip,Capesize,Iron Ore,24845.26,538.68,108.429,87.09,24.14,41.44,8900.0,674.2
2024-08-23,Brazil,Tubarao,Paradip,Capesize,Iron Ore,24735.05,538.21,108.63,87.03,48.59,36.42,8900.0,674.2
2024-08-30,Brazil,Tubarao,Paradip,Capesize,Iron Ore,25812.66,538.54,108.875,81.28,37.64,42.78,8900.0,674.2
2024-09-06,Brazil,Tubarao,Paradip,Capesize,Iron Ore,25638.26,526.33,105.496,85.85,19.21,46.83,8900.0,674.2
2024-09-13,Brazil,Tubarao,Paradip,Capesize,Iron Ore,27474.9,526.75,105.559,65.92,33.67,55.45,8900.0,674.2
2024-09-20,Brazil,Tubarao,Paradip,Capesize,Iron Ore,27500.38,527.35,105.712,80.98,39.88,34.84,8900.0,674.2
2024-09-27,Brazil,Tubarao,Paradip,Capesize,Iron Ore,27263.92,528.52,105.961,82.54,47.69,34.39,8900.0,674.2
2024-10-04,Brazil,Tubarao,Paradip,Capesize,Iron Ore,28753.29,525.36,104.828,69.75,23.41,38.0,8900.0,674.2
2024-10-11,Brazil,Tubarao,Paradip,Capesize,Iron Ore,29650.57,525.17,104.937,64.49,32.31,37.44,8900.0,674.2
2024-10-18,Brazil,Tubarao,Paradip,Capesize,Iron Ore,29600.83,524.63,105.099,52.38,29.96,45.18,8900.0,674.2
2024-10-25,Brazil,Tubarao,Paradip,Capesize,Iron Ore,28935.27,524.91,105.193,42.79,20.88,47.11,8900.0,674.2
2024-11-01,Brazil,Tubarao,Paradip,Capesize,Iron Ore,31131.49,530.26,106.64,37.03,22.73,43.6,8900.0,674.2
2024-11-08,Brazil,Tubarao,Paradip,Capesize,Iron Ore,30156.27,531.01,106.817,40.37,18.32,33.18,8900.0,674.2
2024-11-15,Brazil,Tubarao,Paradip,Capesize,Iron Ore,28975.71,531.08,107.0,66.4,25.97,38.46,8900.0,674.2
2024-11-22,Brazil,Tubarao,Paradip,Capesize,Iron Ore,29778.88,531.54,107.099,58.02,31.49,43.45,8900.0,674.2
2024-11-29,Brazil,Tubarao,Paradip,Capesize,Iron Ore,30116.45,531.3,107.256,45.86,23.87,42.79,8900.0,674.2
2024-12-06,Brazil,Tubarao,Paradip,Capesize,Iron Ore,29267.67,544.72,110.972,43.13,33.53,37.62,8900.0,674.2
2024-12-13,Brazil,Tubarao,Paradip,Capesize,Iron Ore,29215.19,545.5,111.069,45.37,38.44,42.27,8900.0,674.2
2024-12-20,Brazil,Tubarao,Paradip,Capesize,Iron Ore,27874.6,545.41,111.28,50.2,28.43,40.36,8900.0,674.2
2024-12-27,Brazil,Tubarao,Paradip,Capesize,Iron Ore,27475.72,545.35,111.403,52.97,22.91,37.07,8900.0,674.2
2025-01-03,Brazil,Tubarao,Paradip,Capesize,Iron Ore,27233.27,562.67,116.466,48.58,31.04,35.25,8900.0,674.2
2025-01-10,Brazil,Tubarao,Paradip,Capesize,Iron Ore,26744.22,564.21,116.576,61.21,40.96,32.4,8900.0,674.2
2025-01-17,Brazil,Tubarao,Paradip,Capesize,Iron Ore,27291.07,564.36,116.642,67.11,35.12,35.35,8900.0,674.2
2025-01-24,Brazil,Tubarao,Paradip,Capesize,Iron Ore,26386.14,564.76,116.896,63.1,34.03,36.2,8900.0,674.2
2025-01-31,Brazil,Tubarao,Paradip,Capesize,Iron Ore,24807.49,564.98,117.171,60.21,20.47,27.48,8900.0,674.2
2025-02-07,Brazil,Tubarao,Paradip,Capesize,Iron Ore,23937.16,582.12,122.351,38.91,25.71,36.43,8900.0,674.2
2025-02-14,Brazil,Tubarao,Paradip,Capesize,Iron Ore,24245.85,582.6,122.541,60.38,25.88,37.25,8900.0,674.2
2025-02-21,Brazil,Tubarao,Paradip,Capesize,Iron Ore,25872.09,582.52,122.748,46.65,19.35,35.31,8900.0,674.2
2025-02-28,Brazil,Tubarao,Paradip,Capesize,Iron Ore,26486.62,583.03,122.945,38.61,18.96,37.68,8900.0,674.2
2025-03-07,Brazil,Tubarao,Paradip,Capesize,Iron Ore,27912.93,595.82,126.87,33.03,25.23,45.79,8900.0,674.2
2025-03-14,Brazil,Tubarao,Paradip,Capesize,Iron Ore,28079.73,596.01,127.049,34.03,27.49,46.73,8900.0,674.2
2025-03-21,Brazil,Tubarao,Paradip,Capesize,Iron Ore,28827.64,597.42,127.153,30.87,16.84,36.13,8900.0,674.2
2025-03-28,Brazil,Tubarao,Paradip,Capesize,Iron Ore,29049.22,598.46,127.253,30.97,5.76,39.06,8900.0,674.2
2025-04-04,Brazil,Tubarao,Paradip,Capesize,Iron Ore,30418.07,602.6,128.664,32.0,5.82,39.16,8900.0,674.2
2025-04-11,Brazil,Tubarao,Paradip,Capesize,Iron Ore,30388.07,602.95,128.854,42.17,6.07,42.09,8900.0,674.2
2025-04-18,Brazil,Tubarao,Paradip,Capesize,Iron Ore,30399.87,603.34,128.987,38.45,13.92,60.25,8900.0,674.2
2025-04-25,Brazil,Tubarao,Paradip,Capesize,Iron Ore,30713.6,604.73,129.167,43.58,22.1,39.83,8900.0,674.2
2025-05-02,Brazil,Tubarao,Paradip,Capesize,Iron Ore,31636.15,601.49,127.919,48.49,33.32,30.18,8900.0,674.2
2025-05-09,Brazil,Tubarao,Paradip,Capesize,Iron Ore,31506.53,601.84,128.075,55.3,26.3,42.36,8900.0,674.2
2025-05-16,Brazil,Tubarao,Paradip,Capesize,Iron Ore,30829.29,602.97,128.335,48.6,17.23,43.84,8900.0,674.2
2025-05-23,Brazil,Tubarao,Paradip,Capesize,Iron Ore,30939.9,603.92,128.527,38.84,24.63,39.14,8900.0,674.2
2025-05-30,Brazil,Tubarao,Paradip,Capesize,Iron Ore,30336.2,604.3,128.698,48.14,25.61,41.27,8900.0,674.2
2025-06-06,Brazil,Tubarao,Paradip,Capesize,Iron Ore,30279.56,592.35,125.199,55.76,29.2,43.5,8900.0,674.2
2025-06-13,Brazil,Tubarao,Paradip,Capesize,Iron Ore,31813.38,593.53,125.294,74.75,26.49,43.61,8900.0,674.2
2025-06-20,Brazil,Tubarao,Paradip,Capesize,Iron Ore,32338.86,595.44,125.535,79.48,41.93,23.87,8900.0,674.2
2025-06-27,Brazil,Tubarao,Paradip,Capesize,Iron Ore,31708.09,596.43,125.688,72.42,43.26,30.5,8900.0,674.2
2025-07-04,Brazil,Tubarao,Paradip,Capesize,Iron Ore,27855.99,580.39,120.7,80.69,52.68,25.89,8900.0,674.2
2025-07-11,Brazil,Tubarao,Paradip,Capesize,Iron Ore,29009.96,580.91,120.842,71.39,24.67,28.1,8900.0,674.2
2025-07-18,Brazil,Tubarao,Paradip,Capesize,Iron Ore,27514.08,580.77,121.048,70.04,25.52,37.55,8900.0,674.2
2025-07-25,Brazil,Tubarao,Paradip,Capesize,Iron Ore,27427.44,580.35,121.223,77.77,35.97,33.11,8900.0,674.2
2025-08-01,Brazil,Tubarao,Paradip,Capesize,Iron Ore,25197.5,563.36,116.239,84.28,36.47,31.66,8900.0,674.2
2025-08-08,Brazil,Tubarao,Paradip,Capesize,Iron Ore,26258.34,564.22,116.402,84.26,37.36,44.96,8900.0,674.2
2025-08-15,Brazil,Tubarao,Paradip,Capesize,Iron Ore,25336.15,563.54,116.552,76.16,21.55,39.03,8900.0,674.2
2025-08-22,Brazil,Tubarao,Paradip,Capesize,Iron Ore,24848.34,563.04,116.689,68.31,31.18,30.46,8900.0,674.2
2025-08-29,Brazil,Tubarao,Paradip,Capesize,Iron Ore,25968.76,563.86,116.796,69.45,38.43,42.45,8900.0,674.2
2025-09-05,Brazil,Tubarao,Paradip,Capesize,Iron Ore,25471.11,551.41,113.114,69.37,38.1,48.94,8900.0,674.2
2025-09-12,Brazil,Tubarao,Paradip,Capesize,Iron Ore,25366.78,551.52,113.273,80.56,37.89,41.11,8900.0,674.2
2025-09-19,Brazil,Tubarao,Paradip,Capesize,Iron Ore,26779.6,551.47,113.419,81.91,31.17,41.06,8900.0,674.2
2025-09-26,Brazil,Tubarao,Paradip,Capesize,Iron Ore,27295.37,551.78,113.621,73.87,42.51,40.65,8900.0,674.2
2025-10-03,Brazil,Tubarao,Paradip,Capesize,Iron Ore,28324.91,547.61,112.37,74.14,34.0,37.1,8900.0,674.2
2025-10-10,Brazil,Tubarao,Paradip,Capesize,Iron Ore,28173.49,548.11,112.523,65.06,18.2,34.33,8900.0,674.2
2025-10-17,Brazil,Tubarao,Paradip,Capesize,Iron Ore,28770.48,549.56,112.722,69.68,37.9,34.85,8900.0,674.2
2025-10-24,Brazil,Tubarao,Paradip,Capesize,Iron Ore,29341.91,549.07,112.875,65.78,23.98,34.97,8900.0,674.2
2025-10-31,Brazil,Tubarao,Paradip,Capesize,Iron Ore,30013.39,551.01,113.111,52.48,40.71,31.91,8900.0,674.2
2025-11-07,Brazil,Tubarao,Paradip,Capesize,Iron Ore,30401.45,555.99,114.727,49.9,37.88,43.55,8900.0,674.2
2025-11-14,Brazil,Tubarao,Paradip,Capesize,Iron Ore,30382.69,556.79,114.869,41.35,19.51,38.03,8900.0,674.2
2025-11-21,Brazil,Tubarao,Paradip,Capesize,Iron Ore,32035.25,557.25,115.01,54.49,23.88,32.28,8900.0,674.2
2025-11-28,Brazil,Tubarao,Paradip,Capesize,Iron Ore,33124.48,557.34,115.167,44.36,32.79,46.24,8900.0,674.2
2025-12-05,Brazil,Tubarao,Paradip,Capesize,Iron Ore,32805.38,570.38,119.179,39.72,21.2,39.34,8900.0,674.2
2025-12-12,Brazil,Tubarao,Paradip,Capesize,Iron Ore,31739.1,569.95,119.268,52.4,26.93,43.94,8900.0,674.2
2025-12-19,Brazil,Tubarao,Paradip,Capesize,Iron Ore,32747.99,571.27,119.494,61.21,32.7,32.65,8900.0,674.2
2025-12-26,Brazil,Tubarao,Paradip,Capesize,Iron Ore,33405.65,571.74,119.623,49.08,33.63,41.1,8900.0,674.2
2026-01-02,Brazil,Tubarao,Paradip,Capesize,Iron Ore,31568.94,590.07,125.104,46.03,12.65,43.3,8900.0,674.2
2026-01-09,Brazil,Tubarao,Paradip,Capesize,Iron Ore,30735.25,590.75,125.166,28.02,8.28,31.57,8900.0,674.2
2026-01-16,Brazil,Tubarao,Paradip,Capesize,Iron Ore,30042.69,592.22,125.356,37.56,24.69,30.62,8900.0,674.2
2026-01-23,Brazil,Tubarao,Paradip,Capesize,Iron Ore,28689.23,592.95,125.509,32.53,21.64,35.17,8900.0,674.2
2026-01-30,Brazil,Tubarao,Paradip,Capesize,Iron Ore,30066.43,593.53,125.692,53.41,29.06,32.85,8900.0,674.2
2026-02-06,Brazil,Tubarao,Paradip,Capesize,Iron Ore,28061.63,611.69,131.166,49.19,24.41,43.82,8900.0,674.2
2026-02-13,Brazil,Tubarao,Paradip,Capesize,Iron Ore,28768.81,611.21,131.281,44.8,27.25,35.71,8900.0,674.2
2026-02-20,Brazil,Tubarao,Paradip,Capesize,Iron Ore,28859.95,612.26,131.417,34.55,15.66,38.51,8900.0,674.2
2026-02-27,Brazil,Tubarao,Paradip,Capesize,Iron Ore,29583.81,612.34,131.637,47.78,26.93,43.91,8900.0,674.2
2026-03-06,Brazil,Tubarao,Paradip,Capesize,Iron Ore,32052.46,624.88,135.723,47.57,16.28,44.63,8900.0,674.2
2026-03-13,Brazil,Tubarao,Paradip,Capesize,Iron Ore,32966.97,623.93,135.977,53.08,32.99,36.72,8900.0,674.2
2026-03-20,Brazil,Tubarao,Paradip,Capesize,Iron Ore,32045.16,623.76,136.192,40.26,17.64,38.75,8900.0,674.2
2026-03-27,Brazil,Tubarao,Paradip,Capesize,Iron Ore,30593.34,624.36,136.404,42.86,15.0,53.58,8900.0,674.2
2026-04-03,Brazil,Tubarao,Paradip,Capesize,Iron Ore,31476.93,630.3,138.054,52.38,26.39,47.23,8900.0,674.2
2026-04-10,Brazil,Tubarao,Paradip,Capesize,Iron Ore,29992.13,630.93,138.323,59.54,34.75,36.02,8900.0,674.2
2026-04-17,Brazil,Tubarao,Paradip,Capesize,Iron Ore,29745.8,630.89,138.427,56.48,26.91,43.76,8900.0,674.2
2026-04-24,Brazil,Tubarao,Paradip,Capesize,Iron Ore,28072.09,631.84,138.581,58.2,22.74,33.06,8900.0,674.2
2026-05-01,Brazil,Tubarao,Paradip,Capesize,Iron Ore,29936.91,627.4,137.284,69.06,45.69,40.04,8900.0,674.2
2026-05-08,Brazil,Tubarao,Paradip,Capesize,Iron Ore,32064.34,628.03,137.541,62.57,24.97,44.97,8900.0,674.2
2026-05-15,Brazil,Tubarao,Paradip,Capesize,Iron Ore,32796.29,628.03,137.663,60.44,34.3,35.14,8900.0,674.2
2026-05-22,Brazil,Tubarao,Paradip,Capesize,Iron Ore,33108.71,628.23,137.866,59.35,44.08,52.56,8900.0,674.2
2026-05-29,Brazil,Tubarao,Paradip,Capesize,Iron Ore,33154.93,629.73,138.111,61.77,26.39,40.68,8900.0,674.2
2026-06-05,Brazil,Tubarao,Paradip,Capesize,Iron Ore,34177.61,617.53,134.352,67.32,41.89,43.13,8900.0,674.2
2026-06-12,Brazil,Tubarao,Paradip,Capesize,Iron Ore,32928.37,618.21,134.51,63.99,38.21,22.72,8900.0,674.2
2026-06-19,Brazil,Tubarao,Paradip,Capesize,Iron Ore,31567.81,618.08,134.752,81.73,32.32,35.67,8900.0,674.2
2026-06-26,Brazil,Tubarao,Paradip,Capesize,Iron Ore,31485.59,618.4,135.023,79.49,40.95,42.06,8900.0,674.2
2026-07-03,Brazil,Tubarao,Paradip,Capesize,Iron Ore,28629.69,601.57,129.684,69.32,32.26,30.51,8900.0,674.2
2026-07-10,Brazil,Tubarao,Paradip,Capesize,Iron Ore,29308.35,601.02,129.969,68.39,34.41,40.25,8900.0,674.2
2026-07-17,Brazil,Tubarao,Paradip,Capesize,Iron Ore,30331.21,601.11,130.204,76.77,37.96,32.55,8900.0,674.2
2026-07-24,Brazil,Tubarao,Paradip,Capesize,Iron Ore,30863.87,602.42,130.401,85.75,31.46,46.52,8900.0,674.2
2026-07-31,Brazil,Tubarao,Paradip,Capesize,Iron Ore,32287.31,602.02,130.602,70.94,37.84,34.25,8900.0,674.2
2026-08-07,Brazil,Tubarao,Paradip,Capesize,Iron Ore,28880.36,584.19,125.218,77.26,23.91,34.88,8900.0,674.2
2026-08-14,Brazil,Tubarao,Paradip,Capesize,Iron Ore,29653.64,584.71,125.37,49.27,15.85,39.5,8900.0,674.2
2026-08-21,Brazil,Tubarao,Paradip,Capesize,Iron Ore,29343.23,585.47,125.56,58.79,28.5,34.74,8900.0,674.2
2026-08-28,Brazil,Tubarao,Paradip,Capesize,Iron Ore,30241.49,585.48,125.753,70.39,42.98,34.27,8900.0,674.2
2026-09-04,Brazil,Tubarao,Paradip,Capesize,Iron Ore,29686.72,572.21,121.815,71.4,27.84,42.8,8900.0,674.2
2026-09-11,Brazil,Tubarao,Paradip,Capesize,Iron Ore,31145.71,571.78,122.068,78.14,42.44,46.12,8900.0,674.2
2026-09-18,Brazil,Tubarao,Paradip,Capesize,Iron Ore,30776.49,572.1,122.256,78.98,41.51,47.69,8900.0,674.2
2026-09-25,Brazil,Tubarao,Paradip,Capesize,Iron Ore,31474.25,572.51,122.483,72.57,47.91,34.26,8900.0,674.2
2023-01-06,Brazil,Tubarao,Visakhapatnam,Capesize,Iron Ore,27326.64,519.44,99.953,10.0,11.93,41.07,8740.0,662.1
2023-01-13,Brazil,Tubarao,Visakhapatnam,Capesize,Iron Ore,28433.77,520.28,100.181,5.0,9.83,29.44,8740.0,662.1
2023-01-20,Brazil,Tubarao,Visakhapatnam,Capesize,Iron Ore,29411.67,521.33,100.291,5.0,3.0,38.98,8740.0,662.1
2023-01-27,Brazil,Tubarao,Visakhapatnam,Capesize,Iron Ore,28552.45,521.82,100.457,5.0,17.18,37.17,8740.0,662.1
2023-02-03,Brazil,Tubarao,Visakhapatnam,Capesize,Iron Ore,27693.84,537.32,104.842,5.0,7.51,30.9,8740.0,662.1
2023-02-10,Brazil,Tubarao,Visakhapatnam,Capesize,Iron Ore,26906.18,538.13,104.936,5.0,20.46,46.64,8740.0,662.1
2023-02-17,Brazil,Tubarao,Visakhapatnam,Capesize,Iron Ore,25555.83,538.09,105.124,5.0,5.76,40.96,8740.0,662.1
2023-02-24,Brazil,Tubarao,Visakhapatnam,Capesize,Iron Ore,25639.11,537.62,105.273,5.0,29.44,38.4,8740.0,662.1
2023-03-03,Brazil,Tubarao,Visakhapatnam,Capesize,Iron Ore,27294.26,550.04,108.663,5.0,24.47,51.2,8740.0,662.1
2023-03-10,Brazil,Tubarao,Visakhapatnam,Capesize,Iron Ore,28049.93,550.18,108.807,5.71,21.66,37.13,8740.0,662.1
2023-03-17,Brazil,Tubarao,Visakhapatnam,Capesize,Iron Ore,29751.15,550.8,108.961,5.0,30.13,43.67,8740.0,662.1
2023-03-24,Brazil,Tubarao,Visakhapatnam,Capesize,Iron Ore,30145.21,551.13,109.087,5.0,28.14,37.86,8740.0,662.1
2023-03-31,Brazil,Tubarao,Visakhapatnam,Capesize,Iron Ore,30384.3,551.86,109.273,5.0,22.9,47.2,8740.0,662.1
2023-04-07,Brazil,Tubarao,Visakhapatnam,Capesize,Iron Ore,33218.52,556.7,110.633,9.34,26.02,38.69,8740.0,662.1
2023-04-14,Brazil,Tubarao,Visakhapatnam,Capesize,Iron Ore,32839.82,557.28,110.782,6.7,22.42,43.95,8740.0,662.1
2023-04-21,Brazil,Tubarao,Visakhapatnam,Capesize,Iron Ore,33454.16,557.72,110.927,7.3,14.61,47.62,8740.0,662.1
2023-04-28,Brazil,Tubarao,Visakhapatnam,Capesize,Iron Ore,33728.83,557.74,111.121,14.01,26.0,32.41,8740.0,662.1
2023-05-05,Brazil,Tubarao,Visakhapatnam,Capesize,Iron Ore,34397.36,554.54,110.187,6.64,12.44,35.86,8740.0,662.1
2023-05-12,Brazil,Tubarao,Visakhapatnam,Capesize,Iron Ore,31899.8,555.82,110.331,35.32,28.97,38.82,8740.0,662.1
2023-05-19,Brazil,Tubarao,Visakhapatnam,Capesize,Iron Ore,32895.43,556.04,110.489,46.61,39.79,44.39,8740.0,662.1
2023-05-26,Brazil,Tubarao,Visakhapatnam,Capesize,Iron Ore,31297.82,556.56,110.636,52.15,30.29,36.47,8740.0,662.1
2023-06-02,Brazil,Tubarao,Visakhapatnam,Capesize,Iron Ore,30608.76,545.41,107.547,73.9,40.93,34.22,8740.0,662.1
2023-06-09,Brazil,Tubarao,Visakhapatnam,Capesize,Iron Ore,30238.03,545.93,107.673,81.79,47.96,43.69,8740.0,662.1
2023-06-16,Brazil,Tubarao,Visakhapatnam,Capesize,Iron Ore,29105.36,545.73,107.857,77.31,50.64,55.61,8740.0,662.1
2023-06-23,Brazil,Tubarao,Visakhapatnam,Capesize,Iron Ore,30539.42,546.48,108.051,60.62,44.37,37.8,8740.0,662.1
2023-06-30,Brazil,Tubarao,Visakhapatnam,Capesize,Iron Ore,29741.56,546.8,108.217,66.99,29.14,27.43,8740.0,662.1
2023-07-07,Brazil,Tubarao,Visakhapatnam,Capesize,Iron Ore,26155.02,532.29,103.935,81.49,47.2,31.25,8740.0,662.1
2023-07-14,Brazil,Tubarao,Visakhapatnam,Capesize,Iron Ore,24235.41,533.63,104.072,86.25,49.37,44.93,8740.0,662.1
2023-07-21,Brazil,Tubarao,Visakhapatnam,Capesize,Iron Ore,23889.68,533.88,104.234,99.0,56.8,30.76,8740.0,662.1
2023-07-28,Brazil,Tubarao,Visakhapatnam,Capesize,Iron Ore,24224.61,534.23,104.435,80.58,63.36,33.47,8740.0,662.1
2023-08-04,Brazil,Tubarao,Visakhapatnam,Capesize,Iron Ore,22830.62,519.06,100.091,63.04,43.52,35.05,8740.0,662.1
2023-08-11,Brazil,Tubarao,Visakhapatnam,Capesize,Iron Ore,23413.5,519.47,100.282,52.58,29.4,42.86,8740.0,662.1
2023-08-18,Brazil,Tubarao,Visakhapatnam,Capesize,Iron Ore,23235.56,520.39,100.464,71.76,36.15,35.77,8740.0,662.1
2023-08-25,Brazil,Tubarao,Visakhapatnam,Capesize,Iron Ore,24862.66,520.38,100.59,64.94,40.58,32.42,8740.0,662.1
2023-09-01,Brazil,Tubarao,Visakhapatnam,Capesize,Iron Ore,27276.34,509.19,97.473,68.28,46.33,36.7,8740.0,662.1
2023-09-08,Brazil,Tubarao,Visakhapatnam,Capesize,Iron Ore,27004.11,510.0,97.607,64.8,39.41,40.68,8740.0,662.1
2023-09-15,Brazil,Tubarao,Visakhapatnam,Capesize,Iron Ore,28526.22,510.38,97.757,63.83,40.24,34.07,8740.0,662.1
2023-09-22,Brazil,Tubarao,Visakhapatnam,Capesize,Iron Ore,28116.29,510.84,97.906,82.37,54.64,42.22,8740.0,662.1
2023-09-29,Brazil,Tubarao,Visakhapatnam,Capesize,Iron Ore,28230.73,511.63,98.025,81.47,53.05,41.72,8740.0,662.1
2023-10-06,Brazil,Tubarao,Visakhapatnam,Capesize,Iron Ore,30223.94,508.2,97.005,64.68,48.09,42.08,8740.0,662.1
2023-10-13,Brazil,Tubarao,Visakhapatnam,Capesize,Iron Ore,28886.65,508.88,97.232,56.12,45.8,39.4,8740.0,662.1
2023-10-20,Brazil,Tubarao,Visakhapatnam,Capesize,Iron Ore,28560.44,509.12,97.428,61.57,39.34,37.24,8740.0,662.1
2023-10-27,Brazil,Tubarao,Visakhapatnam,Capesize,Iron Ore,29654.78,509.52,97.6,51.04,46.33,42.29,8740.0,662.1
2023-11-03,Brazil,Tubarao,Visakhapatnam,Capesize,Iron Ore,30939.56,514.1,98.945,43.48,35.87,32.99,8740.0,662.1
2023-11-10,Brazil,Tubarao,Visakhapatnam,Capesize,Iron Ore,30180.45,514.58,99.043,47.17,34.46,42.85,8740.0,662.1
2023-11-17,Brazil,Tubarao,Visakhapatnam,Capesize,Iron Ore,29254.07,515.08,99.222,53.76,17.89,32.63,8740.0,662.1
2023-11-24,Brazil,Tubarao,Visakhapatnam,Capesize,Iron Ore,29465.16,514.17,99.396,46.45,36.57,47.06,8740.0,662.1
2023-12-01,Brazil,Tubarao,Visakhapatnam,Capesize,Iron Ore,29374.51,527.15,102.902,45.42,30.81,45.74,8740.0,662.1
2023-12-08,Brazil,Tubarao,Visakhapatnam,Capesize,Iron Ore,29948.75,527.21,103.013,40.73,23.95,41.06,8740.0,662.1
2023-12-15,Brazil,Tubarao,Visakhapatnam,Capesize,Iron Ore,30349.99,527.02,103.146,30.17,8.52,35.87,8740.0,662.1
2023-12-22,Brazil,Tubarao,Visakhapatnam,Capesize,Iron Ore,30950.69,527.39,103.305,36.98,48.55,36.81,8740.0,662.1
2023-12-29,Brazil,Tubarao,Visakhapatnam,Capesize,Iron Ore,29405.99,527.45,103.441,44.7,33.4,37.22,8740.0,662.1
2024-01-05,Brazil,Tubarao,Visakhapatnam,Capesize,Iron Ore,28814.0,544.11,108.183,22.82,34.47,38.36,8740.0,662.1
2024-01-12,Brazil,Tubarao,Visakhapatnam,Capesize,Iron Ore,29790.85,544.23,108.39,10.79,20.06,36.41,8740.0,662.1
2024-01-19,Brazil,Tubarao,Visakhapatnam,Capesize,Iron Ore,30021.39,544.9,108.553,17.21,38.31,36.04,8740.0,662.1
2024-01-26,Brazil,Tubarao,Visakhapatnam,Capesize,Iron Ore,30995.31,545.86,108.66,16.28,19.38,33.97,8740.0,662.1
2024-02-02,Brazil,Tubarao,Visakhapatnam,Capesize,Iron Ore,31880.82,560.88,113.443,5.0,28.6,33.5,8740.0,662.1
2024-02-09,Brazil,Tubarao,Visakhapatnam,Capesize,Iron Ore,31357.97,561.27,113.508,5.0,26.15,39.0,8740.0,662.1
2024-02-16,Brazil,Tubarao,Visakhapatnam,Capesize,Iron Ore,31638.65,561.54,113.732,5.0,16.83,47.51,8740.0,662.1
2024-02-23,Brazil,Tubarao,Visakhapatnam,Capesize,Iron Ore,30610.51,561.47,113.906,5.0,19.78,29.19,8740.0,662.1
2024-03-01,Brazil,Tubarao,Visakhapatnam,Capesize,Iron Ore,30529.28,573.69,117.508,11.35,24.16,40.89,8740.0,662.1
2024-03-08,Brazil,Tubarao,Visakhapatnam,Capesize,Iron Ore,29089.75,573.98,117.586,32.97,28.63,25.61,8740.0,662.1
2024-03-15,Brazil,Tubarao,Visakhapatnam,Capesize,Iron Ore,28966.56,575.21,117.738,24.43,39.23,43.03,8740.0,662.1
2024-03-22,Brazil,Tubarao,Visakhapatnam,Capesize,Iron Ore,30553.5,575.06,117.953,8.83,25.88,38.05,8740.0,662.1
2024-03-29,Brazil,Tubarao,Visakhapatnam,Capesize,Iron Ore,30457.03,575.25,117.989,5.0,4.35,37.65,8740.0,662.1
2024-04-05,Brazil,Tubarao,Visakhapatnam,Capesize,Iron Ore,32809.07,580.3,119.378,6.23,19.04,52.35,8740.0,662.1
2024-04-12,Brazil,Tubarao,Visakhapatnam,Capesize,Iron Ore,33506.79,580.8,119.451,15.5,11.48,44.57,8740.0,662.1
2024-04-19,Brazil,Tubarao,Visakhapatnam,Capesize,Iron Ore,34743.92,580.53,119.616,18.46,28.5,38.17,8740.0,662.1
2024-04-26,Brazil,Tubarao,Visakhapatnam,Capesize,Iron Ore,34617.28,582.32,119.809,14.98,27.21,47.01,8740.0,662.1
2024-05-03,Brazil,Tubarao,Visakhapatnam,Capesize,Iron Ore,35346.26,577.86,118.651,32.13,32.57,36.82,8740.0,662.1
2024-05-10,Brazil,Tubarao,Visakhapatnam,Capesize,Iron Ore,34979.0,577.33,118.872,39.99,35.63,44.43,8740.0,662.1
2024-05-17,Brazil,Tubarao,Visakhapatnam,Capesize,Iron Ore,34833.59,576.78,119.112,33.99,28.94,51.83,8740.0,662.1
2024-05-24,Brazil,Tubarao,Visakhapatnam,Capesize,Iron Ore,34683.94,577.82,119.319,33.5,39.68,50.69,8740.0,662.1
2024-05-31,Brazil,Tubarao,Visakhapatnam,Capesize,Iron Ore,34652.23,577.43,119.443,36.59,17.53,38.25,8740.0,662.1
2024-06-07,Brazil,Tubarao,Visakhapatnam,Capesize,Iron Ore,33352.73,566.46,116.203,54.96,46.95,31.72,8740.0,662.1
2024-06-14,Brazil,Tubarao,Visakhapatnam,Capesize,Iron Ore,32835.56,566.7,116.424,33.62,22.67,34.24,8740.0,662.1
2024-06-21,Brazil,Tubarao,Visakhapatnam,Capesize,Iron Ore,32992.16,566.87,116.559,48.66,42.5,44.3,8740.0,662.1
2024-06-28,Brazil,Tubarao,Visakhapatnam,Capesize,Iron Ore,32890.55,567.45,116.755,43.17,32.24,30.49,8740.0,662.1
2024-07-05,Brazil,Tubarao,Visakhapatnam,Capesize,Iron Ore,29472.36,551.08,112.143,61.83,29.34,37.72,8740.0,662.1
2024-07-12,Brazil,Tubarao,Visakhapatnam,Capesize,Iron Ore,29563.91,551.81,112.386,65.56,47.54,35.28,8740.0,662.1
2024-07-19,Brazil,Tubarao,Visakhapatnam,Capesize,Iron Ore,29570.63,552.63,112.618,57.82,33.91,25.48,8740.0,662.1
2024-07-26,Brazil,Tubarao,Visakhapatnam,Capesize,Iron Ore,30119.13,553.89,112.737,41.62,27.29,34.79,8740.0,662.1
2024-08-02,Brazil,Tubarao,Visakhapatnam,Capesize,Iron Ore,30548.09,537.93,108.097,33.08,34.0,35.86,8740.0,662.1
2024-08-09,Brazil,Tubarao,Visakhapatnam,Capesize,Iron Ore,30065.17,538.93,108.291,43.94,29.29,44.61,8740.0,662.1
2024-08-16,Brazil,Tubarao,Visakhapatnam,Capesize,Iron Ore,29052.83,538.68,108.429,23.6,18.62,41.44,8740.0,662.1
2024-08-23,Brazil,Tubarao,Visakhapatnam,Capesize,Iron Ore,29334.88,538.21,108.63,5.0,30.0,36.42,8740.0,662.1
2024-08-30,Brazil,Tubarao,Visakhapatnam,Capesize,Iron Ore,27920.74,538.54,108.875,18.26,24.24,42.78,8740.0,662.1
2024-09-06,Brazil,Tubarao,Visakhapatnam,Capesize,Iron Ore,28768.04,526.33,105.496,12.91,14.77,46.83,8740.0,662.1
2024-09-13,Brazil,Tubarao,Visakhapatnam,Capesize,Iron Ore,28041.51,526.75,105.559,31.03,18.43,55.45,8740.0,662.1
2024-09-20,Brazil,Tubarao,Visakhapatnam,Capesize,Iron Ore,29134.41,527.35,105.712,11.84,21.69,34.84,8740.0,662.1
2024-09-27,Brazil,Tubarao,Visakhapatnam,Capesize,Iron Ore,29841.68,528.52,105.961,16.63,19.33,34.39,8740.0,662.1
2024-10-04,Brazil,Tubarao,Visakhapatnam,Capesize,Iron Ore,30358.2,525.36,104.828,5.0,15.69,38.0,8740.0,662.1
2024-10-11,Brazil,Tubarao,Visakhapatnam,Capesize,Iron Ore,29763.53,525.17,104.937,5.0,28.34,37.44,8740.0,662.1
2024-10-18,Brazil,Tubarao,Visakhapatnam,Capesize,Iron Ore,29826.65,524.63,105.099,9.78,21.55,45.18,8740.0,662.1
2024-10-25,Brazil,Tubarao,Visakhapatnam,Capesize,Iron Ore,28487.05,524.91,105.193,11.0,33.66,47.11,8740.0,662.1
2024-11-01,Brazil,Tubarao,Visakhapatnam,Capesize,Iron Ore,30000.49,530.26,106.64,6.71,17.25,43.6,8740.0,662.1
2024-11-08,Brazil,Tubarao,Visakhapatnam,Capesize,Iron Ore,30261.71,531.01,106.817,13.5,24.89,33.18,8740.0,662.1
2024-11-15,Brazil,Tubarao,Visakhapatnam,Capesize,Iron Ore,30675.04,531.08,107.0,16.64,20.26,38.46,8740.0,662.1
2024-11-22,Brazil,Tubarao,Visakhapatnam,Capesize,Iron Ore,30614.02,531.54,107.099,20.61,31.96,43.45,8740.0,662.1
2024-11-29,Brazil,Tubarao,Visakhapatnam,Capesize,Iron Ore,30645.27,531.3,107.256,24.22,24.91,42.79,8740.0,662.1
2024-12-06,Brazil,Tubarao,Visakhapatnam,Capesize,Iron Ore,29971.38,544.72,110.972,5.0,20.55,37.62,8740.0,662.1
2024-12-13,Brazil,Tubarao,Visakhapatnam,Capesize,Iron Ore,29571.22,545.5,111.069,5.0,16.42,42.27,8740.0,662.1
2024-12-20,Brazil,Tubarao,Visakhapatnam,Capesize,Iron Ore,29539.71,545.41,111.28,5.0,4.55,40.36,8740.0,662.1
2024-12-27,Brazil,Tubarao,Visakhapatnam,Capesize,Iron Ore,30876.51,545.35,111.403,5.0,25.87,37.07,8740.0,662.1
2025-01-03,Brazil,Tubarao,Visakhapatnam,Capesize,Iron Ore,29987.38,562.67,116.466,12.85,17.06,35.25,8740.0,662.1
2025-01-10,Brazil,Tubarao,Visakhapatnam,Capesize,Iron Ore,29883.92,564.21,116.576,23.37,11.73,32.4,8740.0,662.1
2025-01-17,Brazil,Tubarao,Visakhapatnam,Capesize,Iron Ore,30917.29,564.36,116.642,8.42,10.92,35.35,8740.0,662.1
2025-01-24,Brazil,Tubarao,Visakhapatnam,Capesize,Iron Ore,29706.37,564.76,116.896,8.66,16.07,36.2,8740.0,662.1
2025-01-31,Brazil,Tubarao,Visakhapatnam,Capesize,Iron Ore,28979.05,564.98,117.171,24.94,9.92,27.48,8740.0,662.1
2025-02-07,Brazil,Tubarao,Visakhapatnam,Capesize,Iron Ore,28600.59,582.12,122.351,28.24,40.19,36.43,8740.0,662.1
2025-02-14,Brazil,Tubarao,Visakhapatnam,Capesize,Iron Ore,28683.36,582.6,122.541,22.92,35.3,37.25,8740.0,662.1
2025-02-21,Brazil,Tubarao,Visakhapatnam,Capesize,Iron Ore,28977.17,582.52,122.748,23.31,23.31,35.31,8740.0,662.1
2025-02-28,Brazil,Tubarao,Visakhapatnam,Capesize,Iron Ore,29412.22,583.03,122.945,34.88,23.3,37.68,8740.0,662.1
2025-03-07,Brazil,Tubarao,Visakhapatnam,Capesize,Iron Ore,29565.41,595.82,126.87,28.14,12.03,45.79,8740.0,662.1
2025-03-14,Brazil,Tubarao,Visakhapatnam,Capesize,Iron Ore,29215.15,596.01,127.049,43.3,34.56,46.73,8740.0,662.1
2025-03-21,Brazil,Tubarao,Visakhapatnam,Capesize,Iron Ore,29035.52,597.42,127.153,37.37,31.25,36.13,8740.0,662.1
2025-03-28,Brazil,Tubarao,Visakhapatnam,Capesize,Iron Ore,28252.17,598.46,127.253,49.74,36.93,39.06,8740.0,662.1
2025-04-04,Brazil,Tubarao,Visakhapatnam,Capesize,Iron Ore,31180.06,602.6,128.664,57.61,45.19,39.16,8740.0,662.1
2025-04-11,Brazil,Tubarao,Visakhapatnam,Capesize,Iron Ore,31299.41,602.95,128.854,70.64,50.78,42.09,8740.0,662.1
2025-04-18,Brazil,Tubarao,Visakhapatnam,Capesize,Iron Ore,31460.54,603.34,128.987,69.14,51.71,60.25,8740.0,662.1
2025-04-25,Brazil,Tubarao,Visakhapatnam,Capesize,Iron Ore,32075.05,604.73,129.167,62.52,45.75,39.83,8740.0,662.1
2025-05-02,Brazil,Tubarao,Visakhapatnam,Capesize,Iron Ore,33236.85,601.49,127.919,74.15,35.58,30.18,8740.0,662.1
2025-05-09,Brazil,Tubarao,Visakhapatnam,Capesize,Iron Ore,34786.95,601.84,128.075,54.15,47.6,42.36,8740.0,662.1
2025-05-16,Brazil,Tubarao,Visakhapatnam,Capesize,Iron Ore,35066.46,602.97,128.335,34.16,22.92,43.84,8740.0,662.1
2025-05-23,Brazil,Tubarao,Visakhapatnam,Capesize,Iron Ore,35735.52,603.92,128.527,33.99,37.58,39.14,8740.0,662.1
2025-05-30,Brazil,Tubarao,Visakhapatnam,Capesize,Iron Ore,35322.48,604.3,128.698,35.85,33.42,41.27,8740.0,662.1
2025-06-06,Brazil,Tubarao,Visakhapatnam,Capesize,Iron Ore,34182.2,592.35,125.199,35.77,41.3,43.5,8740.0,662.1
2025-06-13,Brazil,Tubarao,Visakhapatnam,Capesize,Iron Ore,32847.93,593.53,125.294,48.59,40.96,43.61,8740.0,662.1
2025-06-20,Brazil,Tubarao,Visakhapatnam,Capesize,Iron Ore,32854.67,595.44,125.535,60.66,49.4,23.87,8740.0,662.1
2025-06-27,Brazil,Tubarao,Visakhapatnam,Capesize,Iron Ore,33343.03,596.43,125.688,50.07,40.52,30.5,8740.0,662.1
2025-07-04,Brazil,Tubarao,Visakhapatnam,Capesize,Iron Ore,28435.47,580.39,120.7,40.96,29.28,25.89,8740.0,662.1
2025-07-11,Brazil,Tubarao,Visakhapatnam,Capesize,Iron Ore,28524.69,580.91,120.842,32.19,37.19,28.1,8740.0,662.1
2025-07-18,Brazil,Tubarao,Visakhapatnam,Capesize,Iron Ore,28037.24,580.77,121.048,36.53,32.4,37.55,8740.0,662.1
2025-07-25,Brazil,Tubarao,Visakhapatnam,Capesize,Iron Ore,28200.26,580.35,121.223,26.42,24.27,33.11,8740.0,662.1
2025-08-01,Brazil,Tubarao,Visakhapatnam,Capesize,Iron Ore,26198.16,563.36,116.239,40.64,31.82,31.66,8740.0,662.1
2025-08-08,Brazil,Tubarao,Visakhapatnam,Capesize,Iron Ore,24929.15,564.22,116.402,32.94,25.96,44.96,8740.0,662.1
2025-08-15,Brazil,Tubarao,Visakhapatnam,Capesize,Iron Ore,25734.81,563.54,116.552,40.01,18.45,39.03,8740.0,662.1
2025-08-22,Brazil,Tubarao,Visakhapatnam,Capesize,Iron Ore,26349.88,563.04,116.689,26.25,43.85,30.46,8740.0,662.1
2025-08-29,Brazil,Tubarao,Visakhapatnam,Capesize,Iron Ore,27607.99,563.86,116.796,5.0,22.32,42.45,8740.0,662.1
2025-09-05,Brazil,Tubarao,Visakhapatnam,Capesize,Iron Ore,28469.24,551.41,113.114,8.06,21.58,48.94,8740.0,662.1
2025-09-12,Brazil,Tubarao,Visakhapatnam,Capesize,Iron Ore,27274.94,551.52,113.273,6.98,14.09,41.11,8740.0,662.1
2025-09-19,Brazil,Tubarao,Visakhapatnam,Capesize,Iron Ore,28005.35,551.47,113.419,18.81,10.81,41.06,8740.0,662.1
2025-09-26,Brazil,Tubarao,Visakhapatnam,Capesize,Iron Ore,28058.62,551.78,113.621,32.24,35.38,40.65,8740.0,662.1
2025-10-03,Brazil,Tubarao,Visakhapatnam,Capesize,Iron Ore,29458.23,547.61,112.37,27.68,24.43,37.1,8740.0,662.1
2025-10-10,Brazil,Tubarao,Visakhapatnam,Capesize,Iron Ore,29997.07,548.11,112.523,33.74,33.13,34.33,8740.0,662.1
2025-10-17,Brazil,Tubarao,Visakhapatnam,Capesize,Iron Ore,30135.23,549.56,112.722,51.38,38.76,34.85,8740.0,662.1
2025-10-24,Brazil,Tubarao,Visakhapatnam,Capesize,Iron Ore,29819.31,549.07,112.875,35.43,31.4,34.97,8740.0,662.1
2025-10-31,Brazil,Tubarao,Visakhapatnam,Capesize,Iron Ore,29651.85,551.01,113.111,45.46,26.67,31.91,8740.0,662.1
2025-11-07,Brazil,Tubarao,Visakhapatnam,Capesize,Iron Ore,30948.8,555.99,114.727,46.25,39.85,43.55,8740.0,662.1
2025-11-14,Brazil,Tubarao,Visakhapatnam,Capesize,Iron Ore,32102.17,556.79,114.869,34.4,33.84,38.03,8740.0,662.1
2025-11-21,Brazil,Tubarao,Visakhapatnam,Capesize,Iron Ore,32008.05,557.25,115.01,35.32,27.43,32.28,8740.0,662.1
2025-11-28,Brazil,Tubarao,Visakhapatnam,Capesize,Iron Ore,32388.88,557.34,115.167,24.72,38.59,46.24,8740.0,662.1
2025-12-05,Brazil,Tubarao,Visakhapatnam,Capesize,Iron Ore,32414.34,570.38,119.179,13.12,27.87,39.34,8740.0,662.1
2025-12-12,Brazil,Tubarao,Visakhapatnam,Capesize,Iron Ore,32645.82,569.95,119.268,14.56,25.78,43.94,8740.0,662.1
2025-12-19,Brazil,Tubarao,Visakhapatnam,Capesize,Iron Ore,32415.78,571.27,119.494,11.75,18.98,32.65,8740.0,662.1
2025-12-26,Brazil,Tubarao,Visakhapatnam,Capesize,Iron Ore,34384.34,571.74,119.623,5.0,15.79,41.1,8740.0,662.1
2026-01-02,Brazil,Tubarao,Visakhapatnam,Capesize,Iron Ore,32119.86,590.07,125.104,5.0,20.33,43.3,8740.0,662.1
2026-01-09,Brazil,Tubarao,Visakhapatnam,Capesize,Iron Ore,30959.69,590.75,125.166,5.0,9.6,31.57,8740.0,662.1
2026-01-16,Brazil,Tubarao,Visakhapatnam,Capesize,Iron Ore,31367.47,592.22,125.356,5.0,25.11,30.62,8740.0,662.1
2026-01-23,Brazil,Tubarao,Visakhapatnam,Capesize,Iron Ore,30777.16,592.95,125.509,5.0,20.93,35.17,8740.0,662.1
2026-01-30,Brazil,Tubarao,Visakhapatnam,Capesize,Iron Ore,30296.67,593.53,125.692,5.0,20.02,32.85,8740.0,662.1
2026-02-06,Brazil,Tubarao,Visakhapatnam,Capesize,Iron Ore,30816.33,611.69,131.166,10.9,14.74,43.82,8740.0,662.1
2026-02-13,Brazil,Tubarao,Visakhapatnam,Capesize,Iron Ore,30399.04,611.21,131.281,10.07,21.71,35.71,8740.0,662.1
2026-02-20,Brazil,Tubarao,Visakhapatnam,Capesize,Iron Ore,30967.86,612.26,131.417,5.0,14.91,38.51,8740.0,662.1
2026-02-27,Brazil,Tubarao,Visakhapatnam,Capesize,Iron Ore,30662.0,612.34,131.637,5.0,23.14,43.91,8740.0,662.1
2026-03-06,Brazil,Tubarao,Visakhapatnam,Capesize,Iron Ore,29854.71,624.88,135.723,5.0,24.51,44.63,8740.0,662.1
2026-03-13,Brazil,Tubarao,Visakhapatnam,Capesize,Iron Ore,28795.79,623.93,135.977,5.0,18.94,36.72,8740.0,662.1
2026-03-20,Brazil,Tubarao,Visakhapatnam,Capesize,Iron Ore,29880.92,623.76,136.192,12.2,15.97,38.75,8740.0,662.1
2026-03-27,Brazil,Tubarao,Visakhapatnam,Capesize,Iron Ore,30577.83,624.36,136.404,20.21,37.08,53.58,8740.0,662.1
2026-04-03,Brazil,Tubarao,Visakhapatnam,Capesize,Iron Ore,31768.87,630.3,138.054,18.76,24.07,47.23,8740.0,662.1
2026-04-10,Brazil,Tubarao,Visakhapatnam,Capesize,Iron Ore,32081.99,630.93,138.323,26.05,24.99,36.02,8740.0,662.1
2026-04-17,Brazil,Tubarao,Visakhapatnam,Capesize,Iron Ore,30219.81,630.89,138.427,38.74,32.47,43.76,8740.0,662.1
2026-04-24,Brazil,Tubarao,Visakhapatnam,Capesize,Iron Ore,31644.61,631.84,138.581,31.46,24.89,33.06,8740.0,662.1
2026-05-01,Brazil,Tubarao,Visakhapatnam,Capesize,Iron Ore,32784.69,627.4,137.284,37.16,20.38,40.04,8740.0,662.1
2026-05-08,Brazil,Tubarao,Visakhapatnam,Capesize,Iron Ore,32447.61,628.03,137.541,50.37,40.19,44.97,8740.0,662.1
2026-05-15,Brazil,Tubarao,Visakhapatnam,Capesize,Iron Ore,31242.28,628.03,137.663,57.1,41.65,35.14,8740.0,662.1
2026-05-22,Brazil,Tubarao,Visakhapatnam,Capesize,Iron Ore,32420.95,628.23,137.866,48.72,44.64,52.56,8740.0,662.1
2026-05-29,Brazil,Tubarao,Visakhapatnam,Capesize,Iron Ore,33588.85,629.73,138.111,37.58,42.95,40.68,8740.0,662.1
2026-06-05,Brazil,Tubarao,Visakhapatnam,Capesize,Iron Ore,29993.55,617.53,134.352,38.08,27.59,43.13,8740.0,662.1
2026-06-12,Brazil,Tubarao,Visakhapatnam,Capesize,Iron Ore,30181.6,618.21,134.51,23.61,20.49,22.72,8740.0,662.1
2026-06-19,Brazil,Tubarao,Visakhapatnam,Capesize,Iron Ore,30197.21,618.08,134.752,36.07,39.23,35.67,8740.0,662.1
2026-06-26,Brazil,Tubarao,Visakhapatnam,Capesize,Iron Ore,31891.93,618.4,135.023,34.15,25.06,42.06,8740.0,662.1
2026-07-03,Brazil,Tubarao,Visakhapatnam,Capesize,Iron Ore,27181.39,601.57,129.684,51.81,43.05,30.51,8740.0,662.1
2026-07-10,Brazil,Tubarao,Visakhapatnam,Capesize,Iron Ore,27108.61,601.02,129.969,37.49,29.44,40.25,8740.0,662.1
2026-07-17,Brazil,Tubarao,Visakhapatnam,Capesize,Iron Ore,26302.77,601.11,130.204,45.35,23.44,32.55,8740.0,662.1
2026-07-24,Brazil,Tubarao,Visakhapatnam,Capesize,Iron Ore,25387.09,602.42,130.401,71.19,42.8,46.52,8740.0,662.1
2026-07-31,Brazil,Tubarao,Visakhapatnam,Capesize,Iron Ore,26437.43,602.02,130.602,65.68,54.63,34.25,8740.0,662.1
2026-08-07,Brazil,Tubarao,Visakhapatnam,Capesize,Iron Ore,24922.02,584.19,125.218,59.57,47.54,34.88,8740.0,662.1
2026-08-14,Brazil,Tubarao,Visakhapatnam,Capesize,Iron Ore,25439.2,584.71,125.37,52.46,40.86,39.5,8740.0,662.1
2026-08-21,Brazil,Tubarao,Visakhapatnam,Capesize,Iron Ore,25773.55,585.47,125.56,55.66,34.49,34.74,8740.0,662.1
2026-08-28,Brazil,Tubarao,Visakhapatnam,Capesize,Iron Ore,26296.72,585.48,125.753,50.98,36.07,34.27,8740.0,662.1
2026-09-04,Brazil,Tubarao,Visakhapatnam,Capesize,Iron Ore,28041.87,572.21,121.815,30.9,28.77,42.8,8740.0,662.1
2026-09-11,Brazil,Tubarao,Visakhapatnam,Capesize,Iron Ore,27380.68,571.78,122.068,42.29,12.79,46.12,8740.0,662.1
2026-09-18,Brazil,Tubarao,Visakhapatnam,Capesize,Iron Ore,27568.85,572.1,122.256,46.66,20.08,47.69,8740.0,662.1
2026-09-25,Brazil,Tubarao,Visakhapatnam,Capesize,Iron Ore,28598.92,572.51,122.483,64.11,52.12,34.26,8740.0,662.1
